Workbook

Sheet Overview
A1: Eligibility | B1: T10 customers with access to SIM / Range Skills.
B2: Agencies | C2: Points
A3: T10 - Full VR | B3: 653 | C3: 138085
A4: T10 - Skills Only | B4: 223 | C4: 6518
A5: T10 - Training Academy | B5: 4 | C5: 0 | D5: *No agency has an official APAP Footprint Size. In total there are 560 VR Customers with no Footprint Size, and another 145 with possible undercounted Footprint Sizes
A7: Total Eligible Cohort | B7: 880 | C7: 144603 | D7: *Does not considercurrent 6 month eligibility period
A10: Threshold | B10: Trailing 12 month SIM usage. | O10: 500 Ceiling | R10: 750 Ceiling | U10: 1000 Ceiling | Y10: T6 500 Ceiling
A11: Footprint Size | B11: Agencies | C11: Points | D11: APAP % | E11: % of Agencies | G11: w/ 500+ Ceiling | H11: Agencies | I11: Points | J11: APAP % | K11: % of Agencies | O11: Addtl. Agencies | P11: Addtl. Points | R11: Addtl. Agencies | S11: Addtl. Points | U11: Addtl. Agencies | V11: Addtl. Points | W11: APAP % | Y11: Addtl. Agencies | Z11: Addtl. Points | AA11: APAP %
A12: 2.0x SIM | B12: =COUNTIF('T10 Analysis'!$P$2:$P$881,">=2") -> 249 | C12: =SUMIF('T10 Analysis'!$P$2:$P$881,">=2",'T10 Analysis'!$G$2:$G$881) -> 25111 | D12: =C12/$C$7 -> 0.17365477 | E12: =B12/$B$7 -> 0.28295455 | G12: 2.0x SIM | H12: =B12+O12 -> 277 | I12: =C12+P12 -> 64904 | J12: =I12/$C$7 -> 0.44884269 | K12: =H12/$B$7 -> 0.31477273 | L12: =K12-E12 -> 0.031818182 | O12: =COUNTIFS('T10 Analysis'!$P$2:$P$881,"<2", 'T10 Analysis'!$S$2:$S$881, "TRUE") -> 28 | P12: =SUMIFS('T10 Analysis'!$G$2:$G$881,'T10 Analysis'!$P$2:$P$881,"<2", 'T10 Analysis'!$S$2:$S$881, "TRUE") -> 39793 | R12: =COUNTIFS('T10 Analysis'!$P$2:$P$881,"<2", 'T10 Analysis'!$T$2:$T$881, "TRUE") -> 15 | S12: =SUMIFS('T10 Analysis'!$G$2:$G$881,'T10 Analysis'!$P$2:$P$881,"<2", 'T10 Analysis'!$T$2:$T$881, "TRUE") -> 21979 | U12: =COUNTIFS('T10 Analysis'!$P$2:$P$881,"<2", 'T10 Analysis'!$U$2:$U$881, "TRUE") -> 11 | V12: =SUMIFS('T10 Analysis'!$G$2:$G$881,'T10 Analysis'!$P$2:$P$881,"<2", 'T10 Analysis'!$U$2:$U$881, "TRUE") -> 16081 | Y12: =COUNTIFS('T10 Analysis'!$P$2:$P$881,"<2", 'T10 Analysis'!$V$2:$V$881, "TRUE") -> 14 | Z12: =SUMIFS('T10 Analysis'!$G$2:$G$881,'T10 Analysis'!$P$2:$P$881,"<2", 'T10 Analysis'!$V$2:$V$881, "TRUE") -> 21485
A13: 1.5x SIM | B13: =COUNTIF('T10 Analysis'!$P$2:$P$881,">=1.5") -> 292 | C13: =SUMIF('T10 Analysis'!$P$2:$P$881,">=1.5",'T10 Analysis'!$G$2:$G$881) -> 31410 | D13: =C13/$C$7 -> 0.21721541 | E13: =B13/$B$7 -> 0.33181818 | G13: 1.5x SIM | H13: =B13+O13 -> 315 | I13: =C13+P13 -> 68109 | J13: =I13/$C$7 -> 0.47100683 | K13: =H13/$B$7 -> 0.35795455 | L13: =K13-E13 -> 0.026136364 | O13: =COUNTIFS('T10 Analysis'!$P$2:$P$881,"<1.5", 'T10 Analysis'!$S$2:$S$881, "TRUE") -> 23 | P13: =SUMIFS('T10 Analysis'!$G$2:$G$881,'T10 Analysis'!$P$2:$P$881,"<1.5", 'T10 Analysis'!$S$2:$S$881, "TRUE") -> 36699 | R13: =COUNTIFS('T10 Analysis'!$P$2:$P$881,"<1.5", 'T10 Analysis'!$T$2:$T$881, "TRUE") -> 12 | S13: =SUMIFS('T10 Analysis'!$G$2:$G$881,'T10 Analysis'!$P$2:$P$881,"<1.5", 'T10 Analysis'!$T$2:$T$881, "TRUE") -> 19525 | U13: =COUNTIFS('T10 Analysis'!$P$2:$P$881,"<1.5", 'T10 Analysis'!$U$2:$U$881, "TRUE") -> 10 | V13: =SUMIFS('T10 Analysis'!$G$2:$G$881,'T10 Analysis'!$P$2:$P$881,"<1.5", 'T10 Analysis'!$U$2:$U$881, "TRUE") -> 14623 | W13: =(V13+C13)/$C$7 -> 0.31834056 | Y13: =COUNTIFS('T10 Analysis'!$P$2:$P$881,"<1.5", 'T10 Analysis'!$V$2:$V$881, "TRUE") -> 12 | Z13: =SUMIFS('T10 Analysis'!$G$2:$G$881,'T10 Analysis'!$P$2:$P$881,"<1.5", 'T10 Analysis'!$V$2:$V$881, "TRUE") -> 19683 | AA13: =(Z13+C13)/$C$7 -> 0.35333292
A14: 1.0x SIM | B14: =COUNTIF('T10 Analysis'!$P$2:$P$881,">=1") -> 348 | C14: =SUMIF('T10 Analysis'!$P$2:$P$881,">=1",'T10 Analysis'!$G$2:$G$881) -> 46397 | D14: =C14/$C$7 -> 0.3208578 | E14: =B14/$B$7 -> 0.39545455 | G14: 1.0x SIM | H14: =B14+O14 -> 361 | I14: =C14+P14 -> 70853 | J14: =I14/$C$7 -> 0.48998292 | K14: =H14/$B$7 -> 0.41022727 | L14: =K14-E14 -> 0.014772727 | O14: =COUNTIFS('T10 Analysis'!$P$2:$P$881,"<1", 'T10 Analysis'!$S$2:$S$881, "TRUE") -> 13 | P14: =SUMIFS('T10 Analysis'!$G$2:$G$881,'T10 Analysis'!$P$2:$P$881,"<1", 'T10 Analysis'!$S$2:$S$881, "TRUE") -> 24456 | R14: =COUNTIFS('T10 Analysis'!$P$2:$P$881,"<1", 'T10 Analysis'!$T$2:$T$881, "TRUE") -> 4 | S14: =SUMIFS('T10 Analysis'!$G$2:$G$881,'T10 Analysis'!$P$2:$P$881,"<1", 'T10 Analysis'!$T$2:$T$881, "TRUE") -> 8472 | U14: =COUNTIFS('T10 Analysis'!$P$2:$P$881,"<1", 'T10 Analysis'!$U$2:$U$881, "TRUE") -> 3 | V14: =SUMIFS('T10 Analysis'!$G$2:$G$881,'T10 Analysis'!$P$2:$P$881,"<1", 'T10 Analysis'!$U$2:$U$881, "TRUE") -> 4288 | Y14: =COUNTIFS('T10 Analysis'!$P$2:$P$881,"<1", 'T10 Analysis'!$V$2:$V$881, "TRUE") -> 5 | Z14: =SUMIFS('T10 Analysis'!$G$2:$G$881,'T10 Analysis'!$P$2:$P$881,"<1", 'T10 Analysis'!$V$2:$V$881, "TRUE") -> 10045
A15: 0.5x SIM | B15: =COUNTIF('T10 Analysis'!$P$2:$P$881,">=0.5") -> 420 | C15: =SUMIF('T10 Analysis'!$P$2:$P$881,">=0.5",'T10 Analysis'!$G$2:$G$881) -> 59419 | D15: =C15/$C$7 -> 0.41091125 | E15: =B15/$B$7 -> 0.47727273 | G15: 0.5x SIM | H15: =B15+O15 -> 429 | I15: =C15+P15 -> 77771 | J15: =I15/$C$7 -> 0.53782425 | K15: =H15/$B$7 -> 0.4875 | L15: =K15-E15 -> 0.010227273 | O15: =COUNTIFS('T10 Analysis'!$P$2:$P$881,"<0.5", 'T10 Analysis'!$S$2:$S$881, "TRUE") -> 9 | P15: =SUMIFS('T10 Analysis'!$G$2:$G$881,'T10 Analysis'!$P$2:$P$881,"<0.5", 'T10 Analysis'!$S$2:$S$881, "TRUE") -> 18352 | R15: =COUNTIFS('T10 Analysis'!$P$2:$P$881,"<0.5", 'T10 Analysis'!$T$2:$T$881, "TRUE") -> 2 | S15: =SUMIFS('T10 Analysis'!$G$2:$G$881,'T10 Analysis'!$P$2:$P$881,"<0.5", 'T10 Analysis'!$T$2:$T$881, "TRUE") -> 4184 | U15: =COUNTIFS('T10 Analysis'!$P$2:$P$881,"<0.5", 'T10 Analysis'!$U$2:$U$881, "TRUE") -> 1 | V15: =SUMIFS('T10 Analysis'!$G$2:$G$881,'T10 Analysis'!$P$2:$P$881,"<0.5", 'T10 Analysis'!$U$2:$U$881, "TRUE") -> 0 | Y15: =COUNTIFS('T10 Analysis'!$P$2:$P$881,"<0.5", 'T10 Analysis'!$V$2:$V$881, "TRUE") -> 4 | Z15: =SUMIFS('T10 Analysis'!$G$2:$G$881,'T10 Analysis'!$P$2:$P$881,"<0.5", 'T10 Analysis'!$V$2:$V$881, "TRUE") -> 7845
A18: VR License Counts | B18: Agencies | C18: Points | D18: APAP % | E18: % of Agencies | G18: w/ 500+ Ceiling | H18: Agencies | I18: Points | J18: APAP % | K18: % of Agencies | O18: Addtl. Agencies | P18: Addtl. Points | R18: Addtl. Agencies | S18: Addtl. Points | U18: Addtl. Agencies | V18: Addtl. Points | W18: APAP % | Y18: Addtl. Agencies | Z18: Addtl. Points
A19: 2.0x SIM | B19: =COUNTIF('T10 Analysis'!$Q$2:$Q$881,">=2") -> 227 | C19: =SUMIF('T10 Analysis'!$Q$2:$Q$881,">=2",'T10 Analysis'!$G$2:$G$881) -> 28716 | D19: =C19/$C$7 -> 0.19858509 | E19: =B19/$B$7 -> 0.25795455 | G19: 2.0x SIM | H19: =B19+O19 -> 262 | I19: =C19+P19 -> 67370 | J19: =I19/$C$7 -> 0.46589628 | K19: =H19/$B$7 -> 0.29772727 | L19: =K19-E19 -> 0.039772727 | O19: =COUNTIFS('T10 Analysis'!$Q$2:$Q$881,"<2", 'T10 Analysis'!$S$2:$S$881, "TRUE") -> 35 | P19: =SUMIFS('T10 Analysis'!$G$2:$G$881,'T10 Analysis'!$Q$2:$Q$881,"<2", 'T10 Analysis'!$S$2:$S$881, "TRUE") -> 38654 | R19: =COUNTIFS('T10 Analysis'!$Q$2:$Q$881,"<2", 'T10 Analysis'!$T$2:$T$881, "TRUE") -> 21 | S19: =SUMIFS('T10 Analysis'!$G$2:$G$881,'T10 Analysis'!$Q$2:$Q$881,"<2", 'T10 Analysis'!$T$2:$T$881, "TRUE") -> 20815 | U19: =COUNTIFS('T10 Analysis'!$Q$2:$Q$881,"<2", 'T10 Analysis'!$U$2:$U$881, "TRUE") -> 16 | V19: =SUMIFS('T10 Analysis'!$G$2:$G$881,'T10 Analysis'!$Q$2:$Q$881,"<2", 'T10 Analysis'!$U$2:$U$881, "TRUE") -> 14540 | Y19: =COUNTIFS('T10 Analysis'!$Q$2:$Q$881,"<2", 'T10 Analysis'!$V$2:$V$881, "TRUE") -> 19 | Z19: =SUMIFS('T10 Analysis'!$G$2:$G$881,'T10 Analysis'!$Q$2:$Q$881,"<2", 'T10 Analysis'!$V$2:$V$881, "TRUE") -> 19978
A20: 1.5x SIM | B20: =COUNTIF('T10 Analysis'!$Q$2:$Q$881,">=1.5") -> 277 | C20: =SUMIF('T10 Analysis'!$Q$2:$Q$881,">=1.5",'T10 Analysis'!$G$2:$G$881) -> 36046 | D20: =C20/$C$7 -> 0.2492756 | E20: =B20/$B$7 -> 0.31477273 | G20: 1.5x SIM | H20: =B20+O20 -> 302 | I20: =C20+P20 -> 70126 | J20: =I20/$C$7 -> 0.48495536 | K20: =H20/$B$7 -> 0.34318182 | L20: =K20-E20 -> 0.028409091 | O20: =COUNTIFS('T10 Analysis'!$Q$2:$Q$881,"<1.5", 'T10 Analysis'!$S$2:$S$881, "TRUE") -> 25 | P20: =SUMIFS('T10 Analysis'!$G$2:$G$881,'T10 Analysis'!$Q$2:$Q$881,"<1.5", 'T10 Analysis'!$S$2:$S$881, "TRUE") -> 34080 | R20: =COUNTIFS('T10 Analysis'!$Q$2:$Q$881,"<1.5", 'T10 Analysis'!$T$2:$T$881, "TRUE") -> 14 | S20: =SUMIFS('T10 Analysis'!$G$2:$G$881,'T10 Analysis'!$Q$2:$Q$881,"<1.5", 'T10 Analysis'!$T$2:$T$881, "TRUE") -> 17202 | U20: =COUNTIFS('T10 Analysis'!$Q$2:$Q$881,"<1.5", 'T10 Analysis'!$U$2:$U$881, "TRUE") -> 12 | V20: =SUMIFS('T10 Analysis'!$G$2:$G$881,'T10 Analysis'!$Q$2:$Q$881,"<1.5", 'T10 Analysis'!$U$2:$U$881, "TRUE") -> 12300 | W20: =(V20+C20)/$C$7 -> 0.33433608 | Y20: =COUNTIFS('T10 Analysis'!$Q$2:$Q$881,"<1.5", 'T10 Analysis'!$V$2:$V$881, "TRUE") -> 13 | Z20: =SUMIFS('T10 Analysis'!$G$2:$G$881,'T10 Analysis'!$Q$2:$Q$881,"<1.5", 'T10 Analysis'!$V$2:$V$881, "TRUE") -> 17264 | AA20: =(Z20+C20)/$C$7 -> 0.36866455
A21: 1.0x SIM | B21: =COUNTIF('T10 Analysis'!$Q$2:$Q$881,">=1") -> 355 | C21: =SUMIF('T10 Analysis'!$Q$2:$Q$881,">=1",'T10 Analysis'!$G$2:$G$881) -> 48389 | D21: =C21/$C$7 -> 0.33463344 | E21: =B21/$B$7 -> 0.40340909 | G21: 1.0x SIM | H21: =B21+O21 -> 372 | I21: =C21+P21 -> 74321 | J21: =I21/$C$7 -> 0.51396582 | K21: =H21/$B$7 -> 0.42272727 | L21: =K21-E21 -> 0.019318182 | O21: =COUNTIFS('T10 Analysis'!$Q$2:$Q$881,"<1", 'T10 Analysis'!$S$2:$S$881, "TRUE") -> 17 | P21: =SUMIFS('T10 Analysis'!$G$2:$G$881,'T10 Analysis'!$Q$2:$Q$881,"<1", 'T10 Analysis'!$S$2:$S$881, "TRUE") -> 25932 | R21: =COUNTIFS('T10 Analysis'!$Q$2:$Q$881,"<1", 'T10 Analysis'!$T$2:$T$881, "TRUE") -> 8 | S21: =SUMIFS('T10 Analysis'!$G$2:$G$881,'T10 Analysis'!$Q$2:$Q$881,"<1", 'T10 Analysis'!$T$2:$T$881, "TRUE") -> 9757 | U21: =COUNTIFS('T10 Analysis'!$Q$2:$Q$881,"<1", 'T10 Analysis'!$U$2:$U$881, "TRUE") -> 6 | V21: =SUMIFS('T10 Analysis'!$G$2:$G$881,'T10 Analysis'!$Q$2:$Q$881,"<1", 'T10 Analysis'!$U$2:$U$881, "TRUE") -> 4855 | Y21: =COUNTIFS('T10 Analysis'!$Q$2:$Q$881,"<1", 'T10 Analysis'!$V$2:$V$881, "TRUE") -> 7 | Z21: =SUMIFS('T10 Analysis'!$G$2:$G$881,'T10 Analysis'!$Q$2:$Q$881,"<1", 'T10 Analysis'!$V$2:$V$881, "TRUE") -> 10516
A22: 0.5x SIM | B22: =COUNTIF('T10 Analysis'!$Q$2:$Q$881,">=0.5") -> 448 | C22: =SUMIF('T10 Analysis'!$Q$2:$Q$881,">=0.5",'T10 Analysis'!$G$2:$G$881) -> 61783 | D22: =C22/$C$7 -> 0.42725946 | E22: =B22/$B$7 -> 0.50909091 | G22: 0.5x SIM | H22: =B22+O22 -> 456 | I22: =C22+P22 -> 80788 | J22: =I22/$C$7 -> 0.55868827 | K22: =H22/$B$7 -> 0.51818182 | L22: =K22-E22 -> 0.0090909091 | O22: =COUNTIFS('T10 Analysis'!$Q$2:$Q$881,"<0.5", 'T10 Analysis'!$S$2:$S$881, "TRUE") -> 8 | P22: =SUMIFS('T10 Analysis'!$G$2:$G$881,'T10 Analysis'!$Q$2:$Q$881,"<0.5", 'T10 Analysis'!$S$2:$S$881, "TRUE") -> 19005 | R22: =COUNTIFS('T10 Analysis'!$Q$2:$Q$881,"<0.5", 'T10 Analysis'!$T$2:$T$881, "TRUE") -> 3 | S22: =SUMIFS('T10 Analysis'!$G$2:$G$881,'T10 Analysis'!$Q$2:$Q$881,"<0.5", 'T10 Analysis'!$T$2:$T$881, "TRUE") -> 6368 | U22: =COUNTIFS('T10 Analysis'!$Q$2:$Q$881,"<0.5", 'T10 Analysis'!$U$2:$U$881, "TRUE") -> 2 | V22: =SUMIFS('T10 Analysis'!$G$2:$G$881,'T10 Analysis'!$Q$2:$Q$881,"<0.5", 'T10 Analysis'!$U$2:$U$881, "TRUE") -> 2184 | Y22: =COUNTIFS('T10 Analysis'!$Q$2:$Q$881,"<0.5", 'T10 Analysis'!$V$2:$V$881, "TRUE") -> 2 | Z22: =SUMIFS('T10 Analysis'!$G$2:$G$881,'T10 Analysis'!$Q$2:$Q$881,"<0.5", 'T10 Analysis'!$V$2:$V$881, "TRUE") -> 6766
A25: CEW Counts | B25: Agencies | C25: Points | D25: APAP % | E25: % of Agencies | G25: w/ 500+ Ceiling | H25: Agencies | I25: Points | J25: APAP % | K25: % of Agencies | O25: Addtl. Agencies | P25: Addtl. Points | R25: Addtl. Agencies | S25: Addtl. Points | U25: Addtl. Agencies | V25: Addtl. Points | W25: APAP % | Y25: Addtl. Agencies | Z25: Addtl. Points | AA25: APAP %
A26: 2.0x SIM | B26: =COUNTIF('T10 Analysis'!$R$2:$R$881,">=2") -> 253 | C26: =SUMIF('T10 Analysis'!$R$2:$R$881,">=2",'T10 Analysis'!$G$2:$G$881) -> 29902 | D26: =C26/$C$7 -> 0.20678686 | E26: =B26/$B$7 -> 0.2875 | G26: 2.0x SIM | H26: =B26+O26 -> 281 | I26: =C26+P26 -> 67195 | J26: =I26/$C$7 -> 0.46468607 | K26: =H26/$B$7 -> 0.31931818 | L26: =K26-E26 -> 0.031818182 | O26: =COUNTIFS('T10 Analysis'!$R$2:$R$881,"<2", 'T10 Analysis'!$S$2:$S$881, "TRUE") -> 28 | P26: =SUMIFS('T10 Analysis'!$G$2:$G$881,'T10 Analysis'!$R$2:$R$881,"<2", 'T10 Analysis'!$S$2:$S$881, "TRUE") -> 37293 | R26: =COUNTIFS('T10 Analysis'!$R$2:$R$881,"<2", 'T10 Analysis'!$T$2:$T$881, "TRUE") -> 17 | S26: =SUMIFS('T10 Analysis'!$G$2:$G$881,'T10 Analysis'!$R$2:$R$881,"<2", 'T10 Analysis'!$T$2:$T$881, "TRUE") -> 20478 | U26: =COUNTIFS('T10 Analysis'!$R$2:$R$881,"<2", 'T10 Analysis'!$U$2:$U$881, "TRUE") -> 12 | V26: =SUMIFS('T10 Analysis'!$G$2:$G$881,'T10 Analysis'!$R$2:$R$881,"<2", 'T10 Analysis'!$U$2:$U$881, "TRUE") -> 14203 | Y26: =COUNTIFS('T10 Analysis'!$P$2:$P$881,"<2", 'T10 Analysis'!$V$2:$V$881, "TRUE") -> 14 | Z26: =SUMIFS('T10 Analysis'!$G$2:$G$881,'T10 Analysis'!$Q$2:$Q$881,"<2", 'T10 Analysis'!$V$2:$V$881, "TRUE") -> 19978
A27: 1.5x SIM | B27: =COUNTIF('T10 Analysis'!$R$2:$R$881,">=1.5") -> 292 | C27: =SUMIF('T10 Analysis'!$R$2:$R$881,">=1.5",'T10 Analysis'!$G$2:$G$881) -> 35890 | D27: =C27/$C$7 -> 0.24819679 | E27: =B27/$B$7 -> 0.33181818 | G27: 1.5x SIM | H27: =B27+O27 -> 313 | I27: =C27+P27 -> 68844 | J27: =I27/$C$7 -> 0.47608971 | K27: =H27/$B$7 -> 0.35568182 | L27: =K27-E27 -> 0.023863636 | O27: =COUNTIFS('T10 Analysis'!$R$2:$R$881,"<1.5", 'T10 Analysis'!$S$2:$S$881, "TRUE") -> 21 | P27: =SUMIFS('T10 Analysis'!$G$2:$G$881,'T10 Analysis'!$R$2:$R$881,"<1.5", 'T10 Analysis'!$S$2:$S$881, "TRUE") -> 32954 | R27: =COUNTIFS('T10 Analysis'!$R$2:$R$881,"<1.5", 'T10 Analysis'!$T$2:$T$881, "TRUE") -> 12 | S27: =SUMIFS('T10 Analysis'!$G$2:$G$881,'T10 Analysis'!$R$2:$R$881,"<1.5", 'T10 Analysis'!$T$2:$T$881, "TRUE") -> 16970 | U27: =COUNTIFS('T10 Analysis'!$R$2:$R$881,"<1.5", 'T10 Analysis'!$U$2:$U$881, "TRUE") -> 10 | V27: =SUMIFS('T10 Analysis'!$G$2:$G$881,'T10 Analysis'!$R$2:$R$881,"<1.5", 'T10 Analysis'!$U$2:$U$881, "TRUE") -> 12068 | W27: =(V27+C27)/$C$7 -> 0.33165287 | Y27: =COUNTIFS('T10 Analysis'!$P$2:$P$881,"<1.5", 'T10 Analysis'!$V$2:$V$881, "TRUE") -> 12 | Z27: =SUMIFS('T10 Analysis'!$G$2:$G$881,'T10 Analysis'!$Q$2:$Q$881,"<1.5", 'T10 Analysis'!$V$2:$V$881, "TRUE") -> 17264 | AA27: =(Z27+C27)/$C$7 -> 0.36758573
A28: 1.0x SIM | B28: =COUNTIF('T10 Analysis'!$R$2:$R$881,">=1") -> 372 | C28: =SUMIF('T10 Analysis'!$R$2:$R$881,">=1",'T10 Analysis'!$G$2:$G$881) -> 51047 | D28: =C28/$C$7 -> 0.35301481 | E28: =B28/$B$7 -> 0.42272727 | G28: 1.0x SIM | H28: =B28+O28 -> 385 | I28: =C28+P28 -> 73959 | J28: =I28/$C$7 -> 0.51146242 | K28: =H28/$B$7 -> 0.4375 | L28: =K28-E28 -> 0.014772727 | O28: =COUNTIFS('T10 Analysis'!$R$2:$R$881,"<1", 'T10 Analysis'!$S$2:$S$881, "TRUE") -> 13 | P28: =SUMIFS('T10 Analysis'!$G$2:$G$881,'T10 Analysis'!$R$2:$R$881,"<1", 'T10 Analysis'!$S$2:$S$881, "TRUE") -> 22912 | R28: =COUNTIFS('T10 Analysis'!$R$2:$R$881,"<1", 'T10 Analysis'!$T$2:$T$881, "TRUE") -> 5 | S28: =SUMIFS('T10 Analysis'!$G$2:$G$881,'T10 Analysis'!$R$2:$R$881,"<1", 'T10 Analysis'!$T$2:$T$881, "TRUE") -> 7816 | U28: =COUNTIFS('T10 Analysis'!$R$2:$R$881,"<1", 'T10 Analysis'!$U$2:$U$881, "TRUE") -> 4 | V28: =SUMIFS('T10 Analysis'!$G$2:$G$881,'T10 Analysis'!$R$2:$R$881,"<1", 'T10 Analysis'!$U$2:$U$881, "TRUE") -> 3632 | Y28: =COUNTIFS('T10 Analysis'!$P$2:$P$881,"<1", 'T10 Analysis'!$V$2:$V$881, "TRUE") -> 5 | Z28: =SUMIFS('T10 Analysis'!$G$2:$G$881,'T10 Analysis'!$Q$2:$Q$881,"<1", 'T10 Analysis'!$V$2:$V$881, "TRUE") -> 10516
A29: 0.5x SIM | B29: =COUNTIF('T10 Analysis'!$R$2:$R$881,">=0.5") -> 468 | C29: =SUMIF('T10 Analysis'!$R$2:$R$881,">=0.5",'T10 Analysis'!$G$2:$G$881) -> 67617 | D29: =C29/$C$7 -> 0.46760441 | E29: =B29/$B$7 -> 0.53181818 | G29: 0.5x SIM | H29: =B29+O29 -> 472 | I29: =C29+P29 -> 81899 | J29: =I29/$C$7 -> 0.56637138 | K29: =H29/$B$7 -> 0.53636364 | L29: =K29-E29 -> 0.0045454545 | O29: =COUNTIFS('T10 Analysis'!$R$2:$R$881,"<0.5", 'T10 Analysis'!$S$2:$S$881, "TRUE") -> 4 | P29: =SUMIFS('T10 Analysis'!$G$2:$G$881,'T10 Analysis'!$R$2:$R$881,"<0.5", 'T10 Analysis'!$S$2:$S$881, "TRUE") -> 14282 | R29: =COUNTIFS('T10 Analysis'!$R$2:$R$881,"<0.5", 'T10 Analysis'!$T$2:$T$881, "TRUE") -> 1 | S29: =SUMIFS('T10 Analysis'!$G$2:$G$881,'T10 Analysis'!$R$2:$R$881,"<0.5", 'T10 Analysis'!$T$2:$T$881, "TRUE") -> 4184 | U29: =COUNTIFS('T10 Analysis'!$R$2:$R$881,"<0.5", 'T10 Analysis'!$U$2:$U$881, "TRUE") -> 0 | V29: =SUMIFS('T10 Analysis'!$G$2:$G$881,'T10 Analysis'!$R$2:$R$881,"<0.5", 'T10 Analysis'!$U$2:$U$881, "TRUE") -> 0 | Y29: =COUNTIFS('T10 Analysis'!$P$2:$P$881,"<0.5", 'T10 Analysis'!$V$2:$V$881, "TRUE") -> 4 | Z29: =SUMIFS('T10 Analysis'!$G$2:$G$881,'T10 Analysis'!$Q$2:$Q$881,"<0.5", 'T10 Analysis'!$V$2:$V$881, "TRUE") -> 6766
A32: Threhold Ceiling | B32: Agencies | C32: Points | D32: APAP % | E32: % of Agencies
A33: 1000+ Trainings | B33: =COUNTIF('T10 Analysis'!U2:U881,TRUE) -> 42 | C33: =SUMIF('T10 Analysis'!$U$2:$U$881,"TRUE",'T10 Analysis'!$G$2:$G$881) -> 30499 | D33: =C33/$C$7 -> 0.2109154 | E33: =B33/$B$7 -> 0.047727273
A34: 750+ Trainings | B34: =COUNTIF('T10 Analysis'!T2:T881,TRUE) -> 55 | C34: =SUMIF('T10 Analysis'!$T$2:$T$881,"TRUE",'T10 Analysis'!$G$2:$G$881) -> 38671 | D34: =C34/$C$7 -> 0.26742875 | E34: =B34/$B$7 -> 0.0625
A35: 500+ Trainings | B35: =COUNTIF('T10 Analysis'!S2:S881,TRUE) -> 91 | C35: =SUMIF('T10 Analysis'!$S$2:$S$881,"TRUE",'T10 Analysis'!$G$2:$G$881) -> 59751 | D35: =C35/$C$7 -> 0.41320719 | E35: =B35/$B$7 -> 0.10340909

Sheet T10 Analysis
A1: Account Number | B1: Account Name | C1: T12 SIM Usage | D1: T6 SIM Completions | E1: Number of Officers | F1: Active License Quantity | G1: Footprint Size | H1: Total T10 CEWs | I1: TASER Type | J1: Active License Type | K1: VR HW Purchase Date | L1: First PSO Start Date | M1: Account Line Size | N1: Time as Customer | O1: Footprint Difference | P1: Threshold - Footprint | Q1: Threshold - License | R1: Threshold - CEW | S1: 500+ Events | T1: 750+ Events | U1: 1000+ Events | V1: T6 500+ Events
A2: 100003 | B2: Oregon Health and Science University Police Dept. | C2: 78 | D2: 0 | E2: 25 | F2: 40 | G2: 0 | H2: 41 | I2: T10 | J2: Full VR | K2: 45202 | M2: Inside | N2: 25 | O2: 0 | P2: 0 | Q2: =C2/F2 -> 1.95 | R2: =C2/H2 -> 1.902439 | S2: =IF(C2>500,TRUE,FALSE) -> FALSE | T2: =IF(C2>750,TRUE,FALSE) -> FALSE | U2: =IF(C2>1000,TRUE,FALSE) -> FALSE | V2: =IF(D2>500,TRUE,FALSE) -> FALSE
A3: 100239 | B3: Culver City Police Department - CA | C3: 133 | D3: 0 | E3: 113 | F3: 100 | G3: 100 | H3: 31 | I3: T10 | J3: Full VR | K3: 45565 | L3: 45644 | M3: T1200 | N3: 11 | O3: 1 | P3: =C3/G3 -> 1.33 | Q3: =C3/F3 -> 1.33 | R3: =C3/H3 -> 4.2903226 | S3: =IF(C3>500,TRUE,FALSE) -> FALSE | T3: =IF(C3>750,TRUE,FALSE) -> FALSE | U3: =IF(C3>1000,TRUE,FALSE) -> FALSE | V3: =IF(D3>500,TRUE,FALSE) -> FALSE
A4: 105331 | B4: Glendale Police Dept. - AZ | C4: 6 | D4: 6 | E4: 439 | F4: 487 | G4: 480 | H4: 471 | I4: T10 | J4: Full VR | K4: 45581 | L4: 45796 | M4: T1200 | N4: 40 | O4: 0.98562628 | P4: =C4/G4 -> 0.0125 | Q4: =C4/F4 -> 0.012320329 | R4: =C4/H4 -> 0.012738854 | S4: =IF(C4>500,TRUE,FALSE) -> FALSE | T4: =IF(C4>750,TRUE,FALSE) -> FALSE | U4: =IF(C4>1000,TRUE,FALSE) -> FALSE | V4: =IF(D4>500,TRUE,FALSE) -> FALSE
A5: 105389 | B5: Bensalem Township Police Dept. - PA | C5: 17 | D5: 8 | E5: 102 | F5: 184 | G5: 111 | H5: 95 | I5: T10 | J5: Full VR | K5: 45894 | M5: T1200 | N5: 48 | O5: 0.60326087 | P5: =C5/G5 -> 0.15315315 | Q5: =C5/F5 -> 0.092391304 | R5: =C5/H5 -> 0.17894737 | S5: =IF(C5>500,TRUE,FALSE) -> FALSE | T5: =IF(C5>750,TRUE,FALSE) -> FALSE | U5: =IF(C5>1000,TRUE,FALSE) -> FALSE | V5: =IF(D5>500,TRUE,FALSE) -> FALSE
A6: 105469 | B6: San Bernardino County Sheriff's Dept. - CA | C6: 4462 | D6: 1025 | E6: 2385 | F6: 1000 | G6: 950 | H6: 2066 | I6: T10 | J6: Full VR | K6: 45596 | L6: 45713 | M6: Major | N6: 10 | O6: 0.95 | P6: =C6/G6 -> 4.6968421 | Q6: =C6/F6 -> 4.462 | R6: =C6/H6 -> 2.1597289 | S6: =IF(C6>500,TRUE,FALSE) -> TRUE | T6: =IF(C6>750,TRUE,FALSE) -> TRUE | U6: =IF(C6>1000,TRUE,FALSE) -> TRUE | V6: =IF(D6>500,TRUE,FALSE) -> TRUE
A7: 105506 | B7: Chandler Police Dept. - AZ | C7: 413 | D7: 100 | E7: 328 | F7: 364 | G7: 394 | H7: 376 | I7: T10 | J7: Full VR | K7: 45502 | M7: T1200 | N7: 13 | O7: 1.0824176 | P7: =C7/G7 -> 1.0482234 | Q7: =C7/F7 -> 1.1346154 | R7: =C7/H7 -> 1.0984043 | S7: =IF(C7>500,TRUE,FALSE) -> FALSE | T7: =IF(C7>750,TRUE,FALSE) -> FALSE | U7: =IF(C7>1000,TRUE,FALSE) -> FALSE | V7: =IF(D7>500,TRUE,FALSE) -> FALSE
A8: 105516 | B8: Mesa Police Department | C8: 508 | D8: 521 | E8: 854 | F8: 720 | G8: 1079 | H8: 930 | I8: T10 | J8: Full VR | K8: 45468 | M8: Major | N8: 16 | O8: 1.4986111 | P8: =C8/G8 -> 0.4708063 | Q8: =C8/F8 -> 0.70555556 | R8: =C8/H8 -> 0.54623656 | S8: =IF(C8>500,TRUE,FALSE) -> TRUE | T8: =IF(C8>750,TRUE,FALSE) -> FALSE | U8: =IF(C8>1000,TRUE,FALSE) -> FALSE | V8: =IF(D8>500,TRUE,FALSE) -> TRUE
A9: 105678 | B9: East Point Police Dept. - GA | C9: 64 | D9: 17 | E9: 120 | F9: 115 | G9: 90 | H9: 118 | I9: T10 | J9: Full VR | K9: 45849 | L9: 46035 | M9: T1200 | N9: 42 | O9: 0.7826087 | P9: =C9/G9 -> 0.71111111 | Q9: =C9/F9 -> 0.55652174 | R9: =C9/H9 -> 0.54237288 | S9: =IF(C9>500,TRUE,FALSE) -> FALSE | T9: =IF(C9>750,TRUE,FALSE) -> FALSE | U9: =IF(C9>1000,TRUE,FALSE) -> FALSE | V9: =IF(D9>500,TRUE,FALSE) -> FALSE
A10: 105702 | B10: Tampa Police Department - FL | C10: 719 | D10: 474 | E10: 924 | F10: 1350 | G10: 928 | H10: 762 | I10: T10 | J10: Full VR | K10: 45653 | L10: 45748 | M10: Major | N10: 11 | O10: 0.68740741 | P10: =C10/G10 -> 0.77478448 | Q10: =C10/F10 -> 0.53259259 | R10: =C10/H10 -> 0.94356955 | S10: =IF(C10>500,TRUE,FALSE) -> TRUE | T10: =IF(C10>750,TRUE,FALSE) -> FALSE | U10: =IF(C10>1000,TRUE,FALSE) -> FALSE | V10: =IF(D10>500,TRUE,FALSE) -> FALSE
A11: 105721 | B11: San Mateo Police Dept. - CA | C11: 11 | D11: 6 | E11: 115 | F11: 132 | G11: 142 | H11: 136 | I11: T10 | J11: Full VR | K11: 45642 | M11: T1200 | N11: 36 | O11: 1.0757576 | P11: =C11/G11 -> 0.077464789 | Q11: =C11/F11 -> 0.083333333 | R11: =C11/H11 -> 0.080882353 | S11: =IF(C11>500,TRUE,FALSE) -> FALSE | T11: =IF(C11>750,TRUE,FALSE) -> FALSE | U11: =IF(C11>1000,TRUE,FALSE) -> FALSE | V11: =IF(D11>500,TRUE,FALSE) -> FALSE
A12: 105754 | B12: Corona Police Dept. - CA | C12: 4 | D12: 0 | E12: 159 | F12: 166 | G12: 228 | H12: 171 | I12: T10 | J12: Full VR | K12: 45239 | M12: T1200 | N12: 21 | O12: 1.373494 | P12: =C12/G12 -> 0.01754386 | Q12: =C12/F12 -> 0.024096386 | R12: =C12/H12 -> 0.023391813 | S12: =IF(C12>500,TRUE,FALSE) -> FALSE | T12: =IF(C12>750,TRUE,FALSE) -> FALSE | U12: =IF(C12>1000,TRUE,FALSE) -> FALSE | V12: =IF(D12>500,TRUE,FALSE) -> FALSE
A13: 105756 | B13: Pueblo Police Department - CO | C13: 111 | D13: 60 | E13: 222 | F13: 271 | G13: 195 | H13: 245 | I13: T10 | J13: Full VR | K13: 45631 | L13: 45757 | M13: T1200 | N13: 9 | O13: 0.7195572 | P13: =C13/G13 -> 0.56923077 | Q13: =C13/F13 -> 0.4095941 | R13: =C13/H13 -> 0.45306122 | S13: =IF(C13>500,TRUE,FALSE) -> FALSE | T13: =IF(C13>750,TRUE,FALSE) -> FALSE | U13: =IF(C13>1000,TRUE,FALSE) -> FALSE | V13: =IF(D13>500,TRUE,FALSE) -> FALSE
A14: 105779 | B14: Amarillo Police Dept - TX | C14: 147 | D14: 13 | E14: 354 | F14: 268 | G14: 446 | H14: 258 | I14: T10 | J14: Full VR | K14: 45314 | L14: 45671 | M14: T1200 | N14: 18 | O14: 1.6641791 | P14: =C14/G14 -> 0.32959641 | Q14: =C14/F14 -> 0.54850746 | R14: =C14/H14 -> 0.56976744 | S14: =IF(C14>500,TRUE,FALSE) -> FALSE | T14: =IF(C14>750,TRUE,FALSE) -> FALSE | U14: =IF(C14>1000,TRUE,FALSE) -> FALSE | V14: =IF(D14>500,TRUE,FALSE) -> FALSE
A15: 105780 | B15: Homestead Police Dept.- FL | C15: 377 | D15: 427 | E15: 135 | F15: 241 | G15: 120 | H15: 62 | I15: T10 | J15: Full VR | K15: 45653 | L15: 45939 | M15: T1200 | N15: 7 | O15: 0.49792531 | P15: =C15/G15 -> 3.1416667 | Q15: =C15/F15 -> 1.5643154 | R15: =C15/H15 -> 6.0806452 | S15: =IF(C15>500,TRUE,FALSE) -> FALSE | T15: =IF(C15>750,TRUE,FALSE) -> FALSE | U15: =IF(C15>1000,TRUE,FALSE) -> FALSE | V15: =IF(D15>500,TRUE,FALSE) -> FALSE
A16: 105785 | B16: Fort Worth Police Department - TX | C16: 2323 | D16: 2003 | E16: 1717 | F16: 3861 | G16: 1993 | H16: 1904 | I16: T10 | J16: Full VR | K16: 45048 | M16: Major | N16: 45 | O16: 0.51618752 | P16: =C16/G16 -> 1.1655795 | Q16: =C16/F16 -> 0.6016576 | R16: =C16/H16 -> 1.220063 | S16: =IF(C16>500,TRUE,FALSE) -> TRUE | T16: =IF(C16>750,TRUE,FALSE) -> TRUE | U16: =IF(C16>1000,TRUE,FALSE) -> TRUE | V16: =IF(D16>500,TRUE,FALSE) -> TRUE
A17: 105857 | B17: Santa Ana Police Dept - CA | C17: 0 | D17: 0 | E17: 335 | F17: 369 | G17: 419 | H17: 413 | I17: T10 | J17: Full VR | K17: 45589 | M17: T1200 | N17: 40 | O17: 1.1355014 | P17: =C17/G17 -> 0 | Q17: =C17/F17 -> 0 | R17: =C17/H17 -> 0 | S17: =IF(C17>500,TRUE,FALSE) -> FALSE | T17: =IF(C17>750,TRUE,FALSE) -> FALSE | U17: =IF(C17>1000,TRUE,FALSE) -> FALSE | V17: =IF(D17>500,TRUE,FALSE) -> FALSE
A18: 105904 | B18: University of Utah Police Dept. - UT | C18: 35 | D18: 35 | E18: 53 | F18: 91 | G18: 45 | H18: 47 | I18: T10 | J18: Full VR | K18: 45644 | L18: 45891 | M18: Direct | N18: 7 | O18: 0.49450549 | P18: =C18/G18 -> 0.77777778 | Q18: =C18/F18 -> 0.38461538 | R18: =C18/H18 -> 0.74468085 | S18: =IF(C18>500,TRUE,FALSE) -> FALSE | T18: =IF(C18>750,TRUE,FALSE) -> FALSE | U18: =IF(C18>1000,TRUE,FALSE) -> FALSE | V18: =IF(D18>500,TRUE,FALSE) -> FALSE
A19: 106000 | B19: Atlanta Police Dept. - GA | C19: 645 | D19: 164 | E19: 1657 | F19: 2337 | G19: 1800 | H19: 2414 | I19: T10 | J19: Full VR | K19: 45436 | M19: Major | N19: 33 | O19: 0.77021823 | P19: =C19/G19 -> 0.35833333 | Q19: =C19/F19 -> 0.27599487 | R19: =C19/H19 -> 0.26719138 | S19: =IF(C19>500,TRUE,FALSE) -> TRUE | T19: =IF(C19>750,TRUE,FALSE) -> FALSE | U19: =IF(C19>1000,TRUE,FALSE) -> FALSE | V19: =IF(D19>500,TRUE,FALSE) -> FALSE
A20: 106139 | B20: San Diego State Univ. PD CSU campus - CA | C20: 0 | D20: 0 | E20: 50 | F20: 92 | G20: 50 | H20: 198 | I20: T10 | J20: Full VR | K20: 45506 | M20: Direct | N20: 6 | O20: 0.54347826 | P20: =C20/G20 -> 0 | Q20: =C20/F20 -> 0 | R20: =C20/H20 -> 0 | S20: =IF(C20>500,TRUE,FALSE) -> FALSE | T20: =IF(C20>750,TRUE,FALSE) -> FALSE | U20: =IF(C20>1000,TRUE,FALSE) -> FALSE | V20: =IF(D20>500,TRUE,FALSE) -> FALSE
A21: 106155 | B21: Phoenix Police Dept. - AZ | C21: 745 | D21: 5 | E21: 2903 | F21: 2850 | G21: 3183 | H21: 2975 | I21: T10 | J21: Full VR | K21: 45327 | M21: Major | N21: 8 | O21: 1.1168421 | P21: =C21/G21 -> 0.23405592 | Q21: =C21/F21 -> 0.26140351 | R21: =C21/H21 -> 0.25042017 | S21: =IF(C21>500,TRUE,FALSE) -> TRUE | T21: =IF(C21>750,TRUE,FALSE) -> FALSE | U21: =IF(C21>1000,TRUE,FALSE) -> FALSE | V21: =IF(D21>500,TRUE,FALSE) -> FALSE
A22: 106169 | B22: LOUISIANA STATE PENITENTIARY | C22: 16 | D22: 16 | E22: 1506 | F22: 20 | G22: 1 | H22: 20 | I22: T10 | J22: Full VR | K22: 45107 | M22: Major | N22: 26 | O22: 0.05 | P22: =C22/G22 -> 16 | Q22: =C22/F22 -> 0.8 | R22: =C22/H22 -> 0.8 | S22: =IF(C22>500,TRUE,FALSE) -> FALSE | T22: =IF(C22>750,TRUE,FALSE) -> FALSE | U22: =IF(C22>1000,TRUE,FALSE) -> FALSE | V22: =IF(D22>500,TRUE,FALSE) -> FALSE
A23: 106199 | B23: Greenburgh Police Dept. - NY | C23: 4 | D23: 4 | E23: 110 | F23: 62 | G23: 109 | H23: 72 | I23: T10 | J23: Full VR | K23: 45622 | M23: T1200 | N23: 34 | O23: 1.7580645 | P23: =C23/G23 -> 0.036697248 | Q23: =C23/F23 -> 0.064516129 | R23: =C23/H23 -> 0.055555556 | S23: =IF(C23>500,TRUE,FALSE) -> FALSE | T23: =IF(C23>750,TRUE,FALSE) -> FALSE | U23: =IF(C23>1000,TRUE,FALSE) -> FALSE | V23: =IF(D23>500,TRUE,FALSE) -> FALSE
A24: 106262 | B24: Manteca Police Dept. - CA | C24: 1 | D24: 1 | E24: 71 | F24: 82 | G24: 96 | H24: 84 | I24: T10 | J24: Full VR | K24: 45778 | L24: 45876 | M24: Direct | N24: 3 | O24: 1.1707317 | P24: =C24/G24 -> 0.010416667 | Q24: =C24/F24 -> 0.012195122 | R24: =C24/H24 -> 0.011904762 | S24: =IF(C24>500,TRUE,FALSE) -> FALSE | T24: =IF(C24>750,TRUE,FALSE) -> FALSE | U24: =IF(C24>1000,TRUE,FALSE) -> FALSE | V24: =IF(D24>500,TRUE,FALSE) -> FALSE
A25: 106273 | B25: Waushara County Sheriff's Office - WI | C25: 192 | D25: 99 | E25: 24 | F25: 30 | G25: 0 | H25: 34 | I25: T10 | J25: Full VR | K25: 45238 | M25: Inside | N25: 20 | O25: 0 | P25: 0 | Q25: =C25/F25 -> 6.4 | R25: =C25/H25 -> 5.6470588 | S25: =IF(C25>500,TRUE,FALSE) -> FALSE | T25: =IF(C25>750,TRUE,FALSE) -> FALSE | U25: =IF(C25>1000,TRUE,FALSE) -> FALSE | V25: =IF(D25>500,TRUE,FALSE) -> FALSE
A26: 106281 | B26: Laredo Police Dept. - TX | C26: 302 | D26: 302 | E26: 492 | F26: 200 | G26: 58 | H26: 309 | I26: T10 | J26: Taser Skills | K26: 45379 | M26: T1200 | N26: 4 | O26: 0.29 | P26: =C26/G26 -> 5.2068966 | Q26: =C26/F26 -> 1.51 | R26: =C26/H26 -> 0.97734628 | S26: =IF(C26>500,TRUE,FALSE) -> FALSE | T26: =IF(C26>750,TRUE,FALSE) -> FALSE | U26: =IF(C26>1000,TRUE,FALSE) -> FALSE | V26: =IF(D26>500,TRUE,FALSE) -> FALSE
A27: 106297 | B27: Springfield Police Department - MO | C27: 523 | D27: 27 | E27: 325 | F27: 235 | G27: 296 | H27: 242 | I27: T10 | J27: Full VR | K27: 45279 | M27: T1200 | N27: 21 | O27: 1.2595745 | P27: =C27/G27 -> 1.7668919 | Q27: =C27/F27 -> 2.2255319 | R27: =C27/H27 -> 2.161157 | S27: =IF(C27>500,TRUE,FALSE) -> TRUE | T27: =IF(C27>750,TRUE,FALSE) -> FALSE | U27: =IF(C27>1000,TRUE,FALSE) -> FALSE | V27: =IF(D27>500,TRUE,FALSE) -> FALSE
A28: 106304 | B28: Los Angeles County Sheriff's Dept. - HQ | C28: 457 | D28: 65 | E28: 10617 | F28: 3197 | G28: 6053 | H28: 3333 | I28: T10 | J28: Full VR | N28: 19 | O28: 1.8933375 | P28: =C28/G28 -> 0.075499752 | Q28: =C28/F28 -> 0.14294651 | R28: =C28/H28 -> 0.13711371 | S28: =IF(C28>500,TRUE,FALSE) -> FALSE | T28: =IF(C28>750,TRUE,FALSE) -> FALSE | U28: =IF(C28>1000,TRUE,FALSE) -> FALSE | V28: =IF(D28>500,TRUE,FALSE) -> FALSE
A29: 106338 | B29: Oregon State Police - OR | C29: 1269 | D29: 1269 | E29: 681 | F29: 750 | G29: 895 | H29: 775 | I29: T10 | J29: Full VR | K29: 45775 | L29: 45881 | M29: Major | N29: 4 | O29: 1.1933333 | P29: =C29/G29 -> 1.4178771 | Q29: =C29/F29 -> 1.692 | R29: =C29/H29 -> 1.6374194 | S29: =IF(C29>500,TRUE,FALSE) -> TRUE | T29: =IF(C29>750,TRUE,FALSE) -> TRUE | U29: =IF(C29>1000,TRUE,FALSE) -> TRUE | V29: =IF(D29>500,TRUE,FALSE) -> TRUE
A30: 106346 | B30: Seattle Police Dept. - WA | C30: 644 | D30: 54 | E30: 1282 | F30: 1200 | G30: 1340 | H30: 877 | I30: T10 | J30: Full VR | K30: 45106 | M30: Major | N30: 47 | O30: 1.1166667 | P30: =C30/G30 -> 0.48059701 | Q30: =C30/F30 -> 0.53666667 | R30: =C30/H30 -> 0.73432155 | S30: =IF(C30>500,TRUE,FALSE) -> TRUE | T30: =IF(C30>750,TRUE,FALSE) -> FALSE | U30: =IF(C30>1000,TRUE,FALSE) -> FALSE | V30: =IF(D30>500,TRUE,FALSE) -> FALSE
A31: 106436 | B31: North Palm Beach Police Department - FL | C31: 10 | D31: 5 | E31: 33 | F31: 41 | G31: 1 | H31: 42 | I31: T10 | J31: Full VR | K31: 45804 | L31: 45907 | M31: Inside | N31: 2 | O31: 0.024390244 | P31: =C31/G31 -> 10 | Q31: =C31/F31 -> 0.24390244 | R31: =C31/H31 -> 0.23809524 | S31: =IF(C31>500,TRUE,FALSE) -> FALSE | T31: =IF(C31>750,TRUE,FALSE) -> FALSE | U31: =IF(C31>1000,TRUE,FALSE) -> FALSE | V31: =IF(D31>500,TRUE,FALSE) -> FALSE
A32: 106442 | B32: Tomball Police Dept. - TX | C32: 48 | D32: 48 | E32: 45 | F32: 46 | G32: 64 | H32: 47 | I32: T10 | J32: Taser Skills | K32: 45726 | M32: Direct | N32: 5 | O32: 1.3913043 | P32: =C32/G32 -> 0.75 | Q32: =C32/F32 -> 1.0434783 | R32: =C32/H32 -> 1.0212766 | S32: =IF(C32>500,TRUE,FALSE) -> FALSE | T32: =IF(C32>750,TRUE,FALSE) -> FALSE | U32: =IF(C32>1000,TRUE,FALSE) -> FALSE | V32: =IF(D32>500,TRUE,FALSE) -> FALSE
A33: 106477 | B33: City of Rock Hill Police Dept - SC | C33: 2 | D33: 0 | E33: 150 | F33: 156 | G33: 158 | H33: 326 | I33: T10 | J33: Full VR | K33: 45279 | M33: T1200 | N33: 45 | O33: 1.0128205 | P33: =C33/G33 -> 0.012658228 | Q33: =C33/F33 -> 0.012820513 | R33: =C33/H33 -> 0.0061349693 | S33: =IF(C33>500,TRUE,FALSE) -> FALSE | T33: =IF(C33>750,TRUE,FALSE) -> FALSE | U33: =IF(C33>1000,TRUE,FALSE) -> FALSE | V33: =IF(D33>500,TRUE,FALSE) -> FALSE
A34: 106478 | B34: Fresno Police Dept. - CA | C34: 369 | D34: 355 | E34: 785 | F34: 800 | G34: 1286 | H34: 851 | I34: T10 | J34: Full VR | K34: 45302 | L34: 45686 | M34: Major | N34: 16 | O34: 1.6075 | P34: =C34/G34 -> 0.28693624 | Q34: =C34/F34 -> 0.46125 | R34: =C34/H34 -> 0.43360752 | S34: =IF(C34>500,TRUE,FALSE) -> FALSE | T34: =IF(C34>750,TRUE,FALSE) -> FALSE | U34: =IF(C34>1000,TRUE,FALSE) -> FALSE | V34: =IF(D34>500,TRUE,FALSE) -> FALSE
A35: 106509 | B35: Ontario Police Dept. - CA | C35: 9 | D35: 8 | E35: 260 | F35: 330 | G35: 341 | H35: 341 | I35: T10 | J35: Full VR | K35: 45833 | M35: T1200 | N35: 33 | O35: 1.0333333 | P35: =C35/G35 -> 0.026392962 | Q35: =C35/F35 -> 0.027272727 | R35: =C35/H35 -> 0.026392962 | S35: =IF(C35>500,TRUE,FALSE) -> FALSE | T35: =IF(C35>750,TRUE,FALSE) -> FALSE | U35: =IF(C35>1000,TRUE,FALSE) -> FALSE | V35: =IF(D35>500,TRUE,FALSE) -> FALSE
A36: 106516 | B36: Farmers Branch Police Dept. - TX | C36: 252 | D36: 34 | E36: 86 | F36: 80 | G36: 101 | H36: 82 | I36: T10 | J36: Full VR | K36: 45105 | M36: Direct | N36: 26 | O36: 1.2625 | P36: =C36/G36 -> 2.4950495 | Q36: =C36/F36 -> 3.15 | R36: =C36/H36 -> 3.0731707 | S36: =IF(C36>500,TRUE,FALSE) -> FALSE | T36: =IF(C36>750,TRUE,FALSE) -> FALSE | U36: =IF(C36>1000,TRUE,FALSE) -> FALSE | V36: =IF(D36>500,TRUE,FALSE) -> FALSE
A37: 106522 | B37: Hamilton County Sheriff's Office - OH | C37: 1775 | D37: 1775 | E37: 1027 | F37: 626 | G37: 690 | H37: 712 | I37: T10 | J37: Full VR | K37: 45623 | M37: Major | N37: 7 | O37: 1.1022364 | P37: =C37/G37 -> 2.5724638 | Q37: =C37/F37 -> 2.8354633 | R37: =C37/H37 -> 2.4929775 | S37: =IF(C37>500,TRUE,FALSE) -> TRUE | T37: =IF(C37>750,TRUE,FALSE) -> TRUE | U37: =IF(C37>1000,TRUE,FALSE) -> TRUE | V37: =IF(D37>500,TRUE,FALSE) -> TRUE
A38: 106524 | B38: Weld County Sheriff's Office - CO | C38: 1297 | D38: 207 | E38: 82 | F38: 329 | G38: 335 | H38: 259 | I38: T10 | J38: Full VR | K38: 45637 | L38: 45728 | M38: Direct | N38: 9 | O38: 1.0182371 | P38: =C38/G38 -> 3.8716418 | Q38: =C38/F38 -> 3.9422492 | R38: =C38/H38 -> 5.007722 | S38: =IF(C38>500,TRUE,FALSE) -> TRUE | T38: =IF(C38>750,TRUE,FALSE) -> TRUE | U38: =IF(C38>1000,TRUE,FALSE) -> TRUE | V38: =IF(D38>500,TRUE,FALSE) -> FALSE
A39: 106525 | B39: Evergreen State College Police Dept - WA | C39: 4 | D39: 4 | E39: 9 | F39: 9 | G39: 0 | H39: 9 | I39: T10 | J39: Taser Skills | K39: 45833 | L39: 45957 | M39: Inside | N39: 2 | O39: 0 | P39: 0 | Q39: =C39/F39 -> 0.44444444 | R39: =C39/H39 -> 0.44444444 | S39: =IF(C39>500,TRUE,FALSE) -> FALSE | T39: =IF(C39>750,TRUE,FALSE) -> FALSE | U39: =IF(C39>1000,TRUE,FALSE) -> FALSE | V39: =IF(D39>500,TRUE,FALSE) -> FALSE
A40: 106528 | B40: Port of Seattle Police Dept. - WA | C40: 518 | D40: 510 | E40: 109 | F40: 150 | G40: 120 | H40: 155 | I40: T10 | J40: Full VR | K40: 45657 | L40: 45784 | M40: T1200 | N40: 7 | O40: 0.8 | P40: =C40/G40 -> 4.3166667 | Q40: =C40/F40 -> 3.4533333 | R40: =C40/H40 -> 3.3419355 | S40: =IF(C40>500,TRUE,FALSE) -> TRUE | T40: =IF(C40>750,TRUE,FALSE) -> FALSE | U40: =IF(C40>1000,TRUE,FALSE) -> FALSE | V40: =IF(D40>500,TRUE,FALSE) -> TRUE
A41: 106562 | B41: Cleveland Police Dept. - OH | C41: 0 | D41: 0 | E41: 1564 | F41: 1200 | G41: 1800 | H41: 1240 | I41: T10 | J41: Full VR | K41: 45432 | M41: Major | N41: 10 | O41: 1.5 | P41: =C41/G41 -> 0 | Q41: =C41/F41 -> 0 | R41: =C41/H41 -> 0 | S41: =IF(C41>500,TRUE,FALSE) -> FALSE | T41: =IF(C41>750,TRUE,FALSE) -> FALSE | U41: =IF(C41>1000,TRUE,FALSE) -> FALSE | V41: =IF(D41>500,TRUE,FALSE) -> FALSE
A42: 106587 | B42: Titusville Police Dept - FL | C42: 449 | D42: 26 | E42: 83 | F42: 112 | G42: 114 | H42: 115 | I42: T10 | J42: Full VR | K42: 45582 | L42: 45739 | M42: Direct | N42: 9 | O42: 1.0178571 | P42: =C42/G42 -> 3.9385965 | Q42: =C42/F42 -> 4.0089286 | R42: =C42/H42 -> 3.9043478 | S42: =IF(C42>500,TRUE,FALSE) -> FALSE | T42: =IF(C42>750,TRUE,FALSE) -> FALSE | U42: =IF(C42>1000,TRUE,FALSE) -> FALSE | V42: =IF(D42>500,TRUE,FALSE) -> FALSE
A43: 106589 | B43: TRIBAL-STILLAGUAMISH PD-WA | C43: 10 | D43: 10 | E43: 8 | F43: 14 | G43: 0 | H43: 14 | I43: T10 | J43: Taser Skills | K43: 45771 | L43: 45894 | M43: Inside | N43: 7 | O43: 0 | P43: 0 | Q43: =C43/F43 -> 0.71428571 | R43: =C43/H43 -> 0.71428571 | S43: =IF(C43>500,TRUE,FALSE) -> FALSE | T43: =IF(C43>750,TRUE,FALSE) -> FALSE | U43: =IF(C43>1000,TRUE,FALSE) -> FALSE | V43: =IF(D43>500,TRUE,FALSE) -> FALSE
A44: 106590 | B44: Appleton Police Department - WI | C44: 286 | D44: 225 | E44: 114 | F44: 115 | G44: 150 | H44: 117 | I44: T10 | J44: Full VR | K44: 45259 | M44: T1200 | N44: 49 | O44: 1.3043478 | P44: =C44/G44 -> 1.9066667 | Q44: =C44/F44 -> 2.4869565 | R44: =C44/H44 -> 2.4444444 | S44: =IF(C44>500,TRUE,FALSE) -> FALSE | T44: =IF(C44>750,TRUE,FALSE) -> FALSE | U44: =IF(C44>1000,TRUE,FALSE) -> FALSE | V44: =IF(D44>500,TRUE,FALSE) -> FALSE
A45: 106616 | B45: Elk Grove Village Police Dept. - IL | C45: 40 | D45: 1 | E45: 92 | F45: 92 | G45: 4 | H45: 93 | I45: T10 | J45: Full VR | K45: 45454 | M45: Direct | N45: 30 | O45: 0.043478261 | P45: =C45/G45 -> 10 | Q45: =C45/F45 -> 0.43478261 | R45: =C45/H45 -> 0.43010753 | S45: =IF(C45>500,TRUE,FALSE) -> FALSE | T45: =IF(C45>750,TRUE,FALSE) -> FALSE | U45: =IF(C45>1000,TRUE,FALSE) -> FALSE | V45: =IF(D45>500,TRUE,FALSE) -> FALSE
A46: 106654 | B46: Dixon Police Dept. - CA | C46: 32 | D46: 20 | E46: 29 | F46: 35 | G46: 33 | H46: 36 | I46: T10 | J46: Taser Skills | K46: 45817 | M46: Inside | N46: 3 | O46: 0.94285714 | P46: =C46/G46 -> 0.96969697 | Q46: =C46/F46 -> 0.91428571 | R46: =C46/H46 -> 0.88888889 | S46: =IF(C46>500,TRUE,FALSE) -> FALSE | T46: =IF(C46>750,TRUE,FALSE) -> FALSE | U46: =IF(C46>1000,TRUE,FALSE) -> FALSE | V46: =IF(D46>500,TRUE,FALSE) -> FALSE
A47: 106658 | B47: Mobile Police Department - AL | C47: 240 | D47: 187 | E47: 491 | F47: 982 | G47: 449 | H47: 466 | I47: T10 | J47: Full VR | K47: 45436 | M47: T1200 | N47: 53 | O47: 0.45723014 | P47: =C47/G47 -> 0.53452116 | Q47: =C47/F47 -> 0.24439919 | R47: =C47/H47 -> 0.51502146 | S47: =IF(C47>500,TRUE,FALSE) -> FALSE | T47: =IF(C47>750,TRUE,FALSE) -> FALSE | U47: =IF(C47>1000,TRUE,FALSE) -> FALSE | V47: =IF(D47>500,TRUE,FALSE) -> FALSE
A48: 106669 | B48: Olmsted County Sheriff's Office - MN | C48: 952 | D48: 259 | E48: 168 | F48: 83 | G48: 200 | H48: 188 | I48: T10 | J48: Full VR | K48: 45565 | L48: 45680 | M48: T1200 | N48: 11 | O48: 2.4096386 | P48: =C48/G48 -> 4.76 | Q48: =C48/F48 -> 11.46988 | R48: =C48/H48 -> 5.0638298 | S48: =IF(C48>500,TRUE,FALSE) -> TRUE | T48: =IF(C48>750,TRUE,FALSE) -> TRUE | U48: =IF(C48>1000,TRUE,FALSE) -> FALSE | V48: =IF(D48>500,TRUE,FALSE) -> FALSE
A49: 106698 | B49: Kent Police Dept. - WA | C49: 903 | D49: 376 | E49: 155 | F49: 169 | G49: 78 | H49: 171 | I49: T10 | J49: Full VR | K49: 45548 | L49: 45748 | M49: T1200 | N49: 37 | O49: 0.46153846 | P49: =C49/G49 -> 11.576923 | Q49: =C49/F49 -> 5.3431953 | R49: =C49/H49 -> 5.2807018 | S49: =IF(C49>500,TRUE,FALSE) -> TRUE | T49: =IF(C49>750,TRUE,FALSE) -> TRUE | U49: =IF(C49>1000,TRUE,FALSE) -> FALSE | V49: =IF(D49>500,TRUE,FALSE) -> FALSE
A50: 106711 | B50: Columbia County Sheriff's Office - FL | C50: 525 | D50: 525 | E50: 154 | F50: 135 | G50: 171 | H50: 139 | I50: T10 | J50: Taser Skills | K50: 45688 | M50: T1200 | N50: 6 | O50: 1.2666667 | P50: =C50/G50 -> 3.0701754 | Q50: =C50/F50 -> 3.8888889 | R50: =C50/H50 -> 3.7769784 | S50: =IF(C50>500,TRUE,FALSE) -> TRUE | T50: =IF(C50>750,TRUE,FALSE) -> FALSE | U50: =IF(C50>1000,TRUE,FALSE) -> FALSE | V50: =IF(D50>500,TRUE,FALSE) -> TRUE
A51: 106715 | B51: Terrebonne Parish Sheriff's Office - LA | C51: 1070 | D51: 726 | E51: 275 | F51: 136 | G51: 186 | H51: 140 | I51: T10 | J51: Full VR | K51: 45194 | M51: T1200 | N51: 19 | O51: 1.3676471 | P51: =C51/G51 -> 5.7526882 | Q51: =C51/F51 -> 7.8676471 | R51: =C51/H51 -> 7.6428571 | S51: =IF(C51>500,TRUE,FALSE) -> TRUE | T51: =IF(C51>750,TRUE,FALSE) -> TRUE | U51: =IF(C51>1000,TRUE,FALSE) -> TRUE | V51: =IF(D51>500,TRUE,FALSE) -> TRUE
A52: 106735 | B52: Iberville Parish Sheriff's Office - LA | C52: 22 | D52: 17 | E52: 115 | F52: 65 | G52: 0 | H52: 67 | I52: T10 | J52: Full VR | K52: 45372 | M52: T1200 | N52: 19 | O52: 0 | P52: 0 | Q52: =C52/F52 -> 0.33846154 | R52: =C52/H52 -> 0.32835821 | S52: =IF(C52>500,TRUE,FALSE) -> FALSE | T52: =IF(C52>750,TRUE,FALSE) -> FALSE | U52: =IF(C52>1000,TRUE,FALSE) -> FALSE | V52: =IF(D52>500,TRUE,FALSE) -> FALSE
A53: 106743 | B53: Westminster Police Dept. - CA | C53: 38 | D53: 18 | E53: 81 | F53: 125 | G53: 122 | H53: 103 | I53: T10 | J53: Full VR | K53: 45448 | M53: Direct | N53: 13 | O53: 0.976 | P53: =C53/G53 -> 0.31147541 | Q53: =C53/F53 -> 0.304 | R53: =C53/H53 -> 0.36893204 | S53: =IF(C53>500,TRUE,FALSE) -> FALSE | T53: =IF(C53>750,TRUE,FALSE) -> FALSE | U53: =IF(C53>1000,TRUE,FALSE) -> FALSE | V53: =IF(D53>500,TRUE,FALSE) -> FALSE
A54: 106750 | B54: Iberia Parish Sheriff's Office - LA | C54: 205 | D54: 191 | E54: 216 | F54: 37 | G54: 1 | H54: 38 | I54: T10 | J54: Full VR | K54: 45610 | L54: 45769 | M54: T1200 | N54: 9 | O54: 0.027027027 | P54: =C54/G54 -> 205 | Q54: =C54/F54 -> 5.5405405 | R54: =C54/H54 -> 5.3947368 | S54: =IF(C54>500,TRUE,FALSE) -> FALSE | T54: =IF(C54>750,TRUE,FALSE) -> FALSE | U54: =IF(C54>1000,TRUE,FALSE) -> FALSE | V54: =IF(D54>500,TRUE,FALSE) -> FALSE
A55: 106752 | B55: Placentia Police Dept. - CA | C55: 24 | D55: 24 | E55: 44 | F55: 136 | G55: 55 | H55: 71 | I55: T10 | J55: Full VR | K55: 45555 | L55: 45887 | M55: Direct | N55: 13 | O55: 0.40441176 | P55: =C55/G55 -> 0.43636364 | Q55: =C55/F55 -> 0.17647059 | R55: =C55/H55 -> 0.33802817 | S55: =IF(C55>500,TRUE,FALSE) -> FALSE | T55: =IF(C55>750,TRUE,FALSE) -> FALSE | U55: =IF(C55>1000,TRUE,FALSE) -> FALSE | V55: =IF(D55>500,TRUE,FALSE) -> FALSE
A56: 106774 | B56: Tucson Police Dept - AZ | C56: 185 | D56: 143 | E56: 869 | F56: 1836 | G56: 1018 | H56: 830 | I56: T10 | J56: Full VR | K56: 45198 | M56: Major | N56: 25 | O56: 0.55446623 | P56: =C56/G56 -> 0.18172888 | Q56: =C56/F56 -> 0.10076253 | R56: =C56/H56 -> 0.22289157 | S56: =IF(C56>500,TRUE,FALSE) -> FALSE | T56: =IF(C56>750,TRUE,FALSE) -> FALSE | U56: =IF(C56>1000,TRUE,FALSE) -> FALSE | V56: =IF(D56>500,TRUE,FALSE) -> FALSE
A57: 106824 | B57: South Portland Police Dept - ME | C57: 0 | D57: 0 | E57: 50 | F57: 57 | G57: 4 | H57: 58 | I57: T10 | J57: Taser Skills | K57: 45749 | L57: 45913 | M57: Direct | N57: 3 | O57: 0.070175439 | P57: =C57/G57 -> 0 | Q57: =C57/F57 -> 0 | R57: =C57/H57 -> 0 | S57: =IF(C57>500,TRUE,FALSE) -> FALSE | T57: =IF(C57>750,TRUE,FALSE) -> FALSE | U57: =IF(C57>1000,TRUE,FALSE) -> FALSE | V57: =IF(D57>500,TRUE,FALSE) -> FALSE
A58: 106841 | B58: El Centro Police Dept. - CA | C58: 35 | D58: 1 | E58: 52 | F58: 54 | G58: 20 | H58: 55 | I58: T10 | J58: Full VR | K58: 45593 | L58: 45692 | M58: Direct | N58: 10 | O58: 0.37037037 | P58: =C58/G58 -> 1.75 | Q58: =C58/F58 -> 0.64814815 | R58: =C58/H58 -> 0.63636364 | S58: =IF(C58>500,TRUE,FALSE) -> FALSE | T58: =IF(C58>750,TRUE,FALSE) -> FALSE | U58: =IF(C58>1000,TRUE,FALSE) -> FALSE | V58: =IF(D58>500,TRUE,FALSE) -> FALSE
A59: 106844 | B59: Santa Fe Police Dept. - NM | C59: 0 | D59: 0 | E59: 140 | F59: 193 | G59: 456 | H59: 227 | I59: T10 | J59: Full VR | K59: 45289 | M59: T1200 | N59: 49 | O59: 2.3626943 | P59: =C59/G59 -> 0 | Q59: =C59/F59 -> 0 | R59: =C59/H59 -> 0 | S59: =IF(C59>500,TRUE,FALSE) -> FALSE | T59: =IF(C59>750,TRUE,FALSE) -> FALSE | U59: =IF(C59>1000,TRUE,FALSE) -> FALSE | V59: =IF(D59>500,TRUE,FALSE) -> FALSE
A60: 106876 | B60: Oak Brook Police Dept. - IL | C60: 30 | D60: 21 | E60: 42 | F60: 48 | G60: 3 | H60: 43 | I60: T10 | J60: Full VR | K60: 45530 | M60: Direct | N60: 45 | O60: 0.0625 | P60: =C60/G60 -> 10 | Q60: =C60/F60 -> 0.625 | R60: =C60/H60 -> 0.69767442 | S60: =IF(C60>500,TRUE,FALSE) -> FALSE | T60: =IF(C60>750,TRUE,FALSE) -> FALSE | U60: =IF(C60>1000,TRUE,FALSE) -> FALSE | V60: =IF(D60>500,TRUE,FALSE) -> FALSE
A61: 106896 | B61: Fairfax County Police Dept. - VA | C61: 221 | D61: 168 | E61: 1392 | F61: 1210 | G61: 1515 | H61: 1250 | I61: T10 | J61: Full VR | K61: 45653 | L61: 45742 | M61: Major | N61: 7 | O61: 1.2520661 | P61: =C61/G61 -> 0.14587459 | Q61: =C61/F61 -> 0.18264463 | R61: =C61/H61 -> 0.1768 | S61: =IF(C61>500,TRUE,FALSE) -> FALSE | T61: =IF(C61>750,TRUE,FALSE) -> FALSE | U61: =IF(C61>1000,TRUE,FALSE) -> FALSE | V61: =IF(D61>500,TRUE,FALSE) -> FALSE
A62: 106916 | B62: Henrico County Police Dept. - VA | C62: 112 | D62: 54 | E62: 660 | F62: 500 | G62: 533 | H62: 516 | I62: T10 | J62: Full VR | K62: 45099 | L62: 45680 | M62: Major | N62: 34 | O62: 1.066 | P62: =C62/G62 -> 0.21013133 | Q62: =C62/F62 -> 0.224 | R62: =C62/H62 -> 0.21705426 | S62: =IF(C62>500,TRUE,FALSE) -> FALSE | T62: =IF(C62>750,TRUE,FALSE) -> FALSE | U62: =IF(C62>1000,TRUE,FALSE) -> FALSE | V62: =IF(D62>500,TRUE,FALSE) -> FALSE
A63: 106938 | B63: Humboldt State University Police Dept (CSU). - CA | C63: 0 | D63: 0 | E63: 12 | F63: 11 | G63: 5 | H63: 25 | I63: T10 | J63: Full VR | K63: 45377 | M63: Inside | N63: 6 | O63: 0.45454545 | P63: =C63/G63 -> 0 | Q63: =C63/F63 -> 0 | R63: =C63/H63 -> 0 | S63: =IF(C63>500,TRUE,FALSE) -> FALSE | T63: =IF(C63>750,TRUE,FALSE) -> FALSE | U63: =IF(C63>1000,TRUE,FALSE) -> FALSE | V63: =IF(D63>500,TRUE,FALSE) -> FALSE
A64: 106945 | B64: Des Moines Police Dept. - IA | C64: 0 | D64: 0 | E64: 367 | F64: 250 | G64: 0 | H64: 217 | I64: T10 | J64: Taser Skills | K64: 45933 | M64: T1200 | N64: 1 | O64: 0 | P64: 0 | Q64: =C64/F64 -> 0 | R64: =C64/H64 -> 0 | S64: =IF(C64>500,TRUE,FALSE) -> FALSE | T64: =IF(C64>750,TRUE,FALSE) -> FALSE | U64: =IF(C64>1000,TRUE,FALSE) -> FALSE | V64: =IF(D64>500,TRUE,FALSE) -> FALSE
A65: 106950 | B65: Hurricane Police Department - UT | C65: 26 | D65: 11 | E65: 23 | F65: 65 | G65: 30 | H65: 36 | I65: T10 | J65: Full VR | K65: 45198 | M65: Inside | N65: 21 | O65: 0.46153846 | P65: =C65/G65 -> 0.86666667 | Q65: =C65/F65 -> 0.4 | R65: =C65/H65 -> 0.72222222 | S65: =IF(C65>500,TRUE,FALSE) -> FALSE | T65: =IF(C65>750,TRUE,FALSE) -> FALSE | U65: =IF(C65>1000,TRUE,FALSE) -> FALSE | V65: =IF(D65>500,TRUE,FALSE) -> FALSE
A66: 106967 | B66: Rochester Police Department - MN | C66: 0 | D66: 0 | E66: 147 | F66: 157 | G66: 194 | H66: 164 | I66: T10 | J66: Full VR | K66: 45632 | M66: T1200 | N66: 46 | O66: 1.2356688 | P66: =C66/G66 -> 0 | Q66: =C66/F66 -> 0 | R66: =C66/H66 -> 0 | S66: =IF(C66>500,TRUE,FALSE) -> FALSE | T66: =IF(C66>750,TRUE,FALSE) -> FALSE | U66: =IF(C66>1000,TRUE,FALSE) -> FALSE | V66: =IF(D66>500,TRUE,FALSE) -> FALSE
A67: 106976 | B67: Santa Monica Police Dept. - CA | C67: 285 | D67: 130 | E67: 211 | F67: 484 | G67: 350 | H67: 250 | I67: T10 | J67: Full VR | K67: 45649 | L67: 45769 | M67: T1200 | N67: 7 | O67: 0.7231405 | P67: =C67/G67 -> 0.81428571 | Q67: =C67/F67 -> 0.58884298 | R67: =C67/H67 -> 1.14 | S67: =IF(C67>500,TRUE,FALSE) -> FALSE | T67: =IF(C67>750,TRUE,FALSE) -> FALSE | U67: =IF(C67>1000,TRUE,FALSE) -> FALSE | V67: =IF(D67>500,TRUE,FALSE) -> FALSE
A68: 106987 | B68: Port Orchard Police Dept. - WA | C68: 0 | D68: 0 | E68: 24 | F68: 25 | G68: 27 | H68: 32 | I68: T10 | J68: Full VR | K68: 45527 | M68: Inside | N68: 40 | O68: 1.08 | P68: =C68/G68 -> 0 | Q68: =C68/F68 -> 0 | R68: =C68/H68 -> 0 | S68: =IF(C68>500,TRUE,FALSE) -> FALSE | T68: =IF(C68>750,TRUE,FALSE) -> FALSE | U68: =IF(C68>1000,TRUE,FALSE) -> FALSE | V68: =IF(D68>500,TRUE,FALSE) -> FALSE
A69: 106990 | B69: Chautauqua County Sheriff's Office - NY | C69: 76 | D69: 76 | E69: 153 | F69: 84 | G69: 88 | H69: 43 | I69: T10 | J69: Full VR | K69: 45630 | L69: 45797 | M69: T1200 | N69: 9 | O69: 1.047619 | P69: =C69/G69 -> 0.86363636 | Q69: =C69/F69 -> 0.9047619 | R69: =C69/H69 -> 1.7674419 | S69: =IF(C69>500,TRUE,FALSE) -> FALSE | T69: =IF(C69>750,TRUE,FALSE) -> FALSE | U69: =IF(C69>1000,TRUE,FALSE) -> FALSE | V69: =IF(D69>500,TRUE,FALSE) -> FALSE
A70: 107020 | B70: Meriden Police Department - CT | C70: 105 | D70: 105 | E70: 120 | F70: 255 | G70: 123 | H70: 128 | I70: T10 | J70: Full VR | K70: 45638 | L70: 45865 | M70: T1200 | N70: 4 | O70: 0.48235294 | P70: =C70/G70 -> 0.85365854 | Q70: =C70/F70 -> 0.41176471 | R70: =C70/H70 -> 0.8203125 | S70: =IF(C70>500,TRUE,FALSE) -> FALSE | T70: =IF(C70>750,TRUE,FALSE) -> FALSE | U70: =IF(C70>1000,TRUE,FALSE) -> FALSE | V70: =IF(D70>500,TRUE,FALSE) -> FALSE
A71: 107066 | B71: Laurel Police Dept. - MD | C71: 37 | D71: 34 | E71: 65 | F71: 78 | G71: 70 | H71: 80 | I71: T10 | J71: Full VR | K71: 45656 | L71: 45922 | M71: Direct | N71: 3 | O71: 0.8974359 | P71: =C71/G71 -> 0.52857143 | Q71: =C71/F71 -> 0.47435897 | R71: =C71/H71 -> 0.4625 | S71: =IF(C71>500,TRUE,FALSE) -> FALSE | T71: =IF(C71>750,TRUE,FALSE) -> FALSE | U71: =IF(C71>1000,TRUE,FALSE) -> FALSE | V71: =IF(D71>500,TRUE,FALSE) -> FALSE
A72: 107088 | B72: Carson City Sheriff's Office - NV | C72: 80 | D72: 69 | E72: 106 | F72: 108 | G72: 117 | H72: 101 | I72: T10 | J72: Full VR | K72: 45838 | L72: 45918 | M72: T1200 | N72: 3 | O72: 1.0833333 | P72: =C72/G72 -> 0.68376068 | Q72: =C72/F72 -> 0.74074074 | R72: =C72/H72 -> 0.79207921 | S72: =IF(C72>500,TRUE,FALSE) -> FALSE | T72: =IF(C72>750,TRUE,FALSE) -> FALSE | U72: =IF(C72>1000,TRUE,FALSE) -> FALSE | V72: =IF(D72>500,TRUE,FALSE) -> FALSE
A73: 107092 | B73: Seminole County Sheriff's Office - FL | C73: 1468 | D73: 1356 | E73: 701 | F73: 750 | G73: 570 | H73: 567 | I73: T10 | J73: Full VR | K73: 45194 | M73: Major | N73: 38 | O73: 0.76 | P73: =C73/G73 -> 2.5754386 | Q73: =C73/F73 -> 1.9573333 | R73: =C73/H73 -> 2.5890653 | S73: =IF(C73>500,TRUE,FALSE) -> TRUE | T73: =IF(C73>750,TRUE,FALSE) -> TRUE | U73: =IF(C73>1000,TRUE,FALSE) -> TRUE | V73: =IF(D73>500,TRUE,FALSE) -> TRUE
A74: 107101 | B74: Plantation Police Dept. - FL | C74: 589 | D74: 615 | E74: 175 | F74: 181 | G74: 1 | H74: 187 | I74: T10 | J74: Full VR | K74: 45810 | L74: 45937 | M74: T1200 | N74: 2 | O74: 0.0055248619 | P74: =C74/G74 -> 589 | Q74: =C74/F74 -> 3.2541436 | R74: =C74/H74 -> 3.1497326 | S74: =IF(C74>500,TRUE,FALSE) -> TRUE | T74: =IF(C74>750,TRUE,FALSE) -> FALSE | U74: =IF(C74>1000,TRUE,FALSE) -> FALSE | V74: =IF(D74>500,TRUE,FALSE) -> TRUE
A75: 107124 | B75: Lincoln Police Department - NE | C75: 993 | D75: 341 | E75: 341 | F75: 330 | G75: 327 | H75: 343 | I75: T10 | J75: Full VR | K75: 45169 | M75: T1200 | N75: 34 | O75: 0.99090909 | P75: =C75/G75 -> 3.0366972 | Q75: =C75/F75 -> 3.0090909 | R75: =C75/H75 -> 2.8950437 | S75: =IF(C75>500,TRUE,FALSE) -> TRUE | T75: =IF(C75>750,TRUE,FALSE) -> TRUE | U75: =IF(C75>1000,TRUE,FALSE) -> FALSE | V75: =IF(D75>500,TRUE,FALSE) -> FALSE
A76: 107137 | B76: Rosemont Department of Public Safety - IL | C76: 37 | D76: 26 | E76: 80 | F76: 64 | G76: 255 | H76: 45 | I76: T10 | J76: Full VR | K76: 45267 | M76: Direct | N76: 12 | O76: 3.984375 | P76: =C76/G76 -> 0.14509804 | Q76: =C76/F76 -> 0.578125 | R76: =C76/H76 -> 0.82222222 | S76: =IF(C76>500,TRUE,FALSE) -> FALSE | T76: =IF(C76>750,TRUE,FALSE) -> FALSE | U76: =IF(C76>1000,TRUE,FALSE) -> FALSE | V76: =IF(D76>500,TRUE,FALSE) -> FALSE
A77: 107149 | B77: Redding Police Dept. - CA | C77: 0 | D77: 0 | E77: 103 | F77: 55 | G77: 0 | H77: 56 | I77: T10 | J77: Taser Skills | K77: 45923 | M77: T1200 | N77: 2 | O77: 0 | P77: 0 | Q77: =C77/F77 -> 0 | R77: =C77/H77 -> 0 | S77: =IF(C77>500,TRUE,FALSE) -> FALSE | T77: =IF(C77>750,TRUE,FALSE) -> FALSE | U77: =IF(C77>1000,TRUE,FALSE) -> FALSE | V77: =IF(D77>500,TRUE,FALSE) -> FALSE
A78: 107157 | B78: Greenville County Sheriff -SC | C78: 30 | D78: 39 | E78: 583 | F78: 480 | G78: 80 | H78: 356 | I78: T10 | J78: Full VR | K78: 45138 | M78: Major | N78: 2 | O78: 0.16666667 | P78: =C78/G78 -> 0.375 | Q78: =C78/F78 -> 0.0625 | R78: =C78/H78 -> 0.084269663 | S78: =IF(C78>500,TRUE,FALSE) -> FALSE | T78: =IF(C78>750,TRUE,FALSE) -> FALSE | U78: =IF(C78>1000,TRUE,FALSE) -> FALSE | V78: =IF(D78>500,TRUE,FALSE) -> FALSE
A79: 107160 | B79: Brunswick Police Department - GA | C79: 83 | D79: 16 | E79: 62 | F79: 45 | G79: 50 | H79: 49 | I79: T10 | J79: Full VR | K79: 45468 | M79: Direct | N79: 14 | O79: 1.1111111 | P79: =C79/G79 -> 1.66 | Q79: =C79/F79 -> 1.8444444 | R79: =C79/H79 -> 1.6938776 | S79: =IF(C79>500,TRUE,FALSE) -> FALSE | T79: =IF(C79>750,TRUE,FALSE) -> FALSE | U79: =IF(C79>1000,TRUE,FALSE) -> FALSE | V79: =IF(D79>500,TRUE,FALSE) -> FALSE
A80: 107174 | B80: Columbia Heights Police Department - MN | C80: 20 | D80: 1 | E80: 25 | F80: 38 | G80: 34 | H80: 76 | I80: T10 | J80: Full VR | K80: 45818 | L80: 45896 | M80: Inside | N80: 38 | O80: 0.89473684 | P80: =C80/G80 -> 0.58823529 | Q80: =C80/F80 -> 0.52631579 | R80: =C80/H80 -> 0.26315789 | S80: =IF(C80>500,TRUE,FALSE) -> FALSE | T80: =IF(C80>750,TRUE,FALSE) -> FALSE | U80: =IF(C80>1000,TRUE,FALSE) -> FALSE | V80: =IF(D80>500,TRUE,FALSE) -> FALSE
A81: 107189 | B81: Wilmer Police Dept. - TX | C81: 27 | D81: 21 | E81: 16 | F81: 25 | G81: 16 | H81: 10 | I81: T10 | J81: Full VR | K81: 45583 | L81: 45659 | M81: Inside | N81: 11 | O81: 0.64 | P81: =C81/G81 -> 1.6875 | Q81: =C81/F81 -> 1.08 | R81: =C81/H81 -> 2.7 | S81: =IF(C81>500,TRUE,FALSE) -> FALSE | T81: =IF(C81>750,TRUE,FALSE) -> FALSE | U81: =IF(C81>1000,TRUE,FALSE) -> FALSE | V81: =IF(D81>500,TRUE,FALSE) -> FALSE
A82: 107197 | B82: Washington State Patrol - District 1- WA | C82: 246 | D82: 43 | E82: 1278 | F82: 1202 | G82: 1202 | H82: 1242 | I82: T10 | J82: Full VR | K82: 45379 | M82: Major | N82: 16 | O82: 1 | P82: =C82/G82 -> 0.2046589 | Q82: =C82/F82 -> 0.2046589 | R82: =C82/H82 -> 0.19806763 | S82: =IF(C82>500,TRUE,FALSE) -> FALSE | T82: =IF(C82>750,TRUE,FALSE) -> FALSE | U82: =IF(C82>1000,TRUE,FALSE) -> FALSE | V82: =IF(D82>500,TRUE,FALSE) -> FALSE
A83: 107206 | B83: Long Beach Police Dept. - CA | C83: 306 | D83: 341 | E83: 868 | F83: 859 | G83: 896 | H83: 887 | I83: T10 | J83: Full VR | K83: 45649 | L83: 45895 | M83: Major | N83: 10 | O83: 1.0430733 | P83: =C83/G83 -> 0.34151786 | Q83: =C83/F83 -> 0.35622817 | R83: =C83/H83 -> 0.34498309 | S83: =IF(C83>500,TRUE,FALSE) -> FALSE | T83: =IF(C83>750,TRUE,FALSE) -> FALSE | U83: =IF(C83>1000,TRUE,FALSE) -> FALSE | V83: =IF(D83>500,TRUE,FALSE) -> FALSE
A84: 107214 | B84: Asotin County Sheriff's Office-WA | C84: 19 | D84: 7 | E84: 31 | F84: 20 | G84: 7 | H84: 20 | I84: T10 | J84: Full VR | K84: 45638 | M84: Inside | N84: 9 | O84: 0.35 | P84: =C84/G84 -> 2.7142857 | Q84: =C84/F84 -> 0.95 | R84: =C84/H84 -> 0.95 | S84: =IF(C84>500,TRUE,FALSE) -> FALSE | T84: =IF(C84>750,TRUE,FALSE) -> FALSE | U84: =IF(C84>1000,TRUE,FALSE) -> FALSE | V84: =IF(D84>500,TRUE,FALSE) -> FALSE
A85: 107237 | B85: Whittier Police Dept. - CA | C85: 21 | D85: 21 | E85: 126 | F85: 130 | G85: 171 | H85: 134 | I85: T10 | J85: Full VR | K85: 45889 | L85: 46000 | M85: T1200 | N85: 2 | O85: 1.3153846 | P85: =C85/G85 -> 0.12280702 | Q85: =C85/F85 -> 0.16153846 | R85: =C85/H85 -> 0.15671642 | S85: =IF(C85>500,TRUE,FALSE) -> FALSE | T85: =IF(C85>750,TRUE,FALSE) -> FALSE | U85: =IF(C85>1000,TRUE,FALSE) -> FALSE | V85: =IF(D85>500,TRUE,FALSE) -> FALSE
A86: 107272 | B86: Lincoln County Sheriff's Office - NC | C86: 594 | D86: 580 | E86: 196 | F86: 370 | G86: 130 | H86: 247 | I86: T10 | J86: Full VR | K86: 45639 | M86: T1200 | N86: 18 | O86: 0.35135135 | P86: =C86/G86 -> 4.5692308 | Q86: =C86/F86 -> 1.6054054 | R86: =C86/H86 -> 2.4048583 | S86: =IF(C86>500,TRUE,FALSE) -> TRUE | T86: =IF(C86>750,TRUE,FALSE) -> FALSE | U86: =IF(C86>1000,TRUE,FALSE) -> FALSE | V86: =IF(D86>500,TRUE,FALSE) -> TRUE
A87: 107273 | B87: University of Arizona Police Dept. - AZ | C87: 0 | D87: 0 | E87: 59 | F87: 65 | G87: 70 | H87: 67 | I87: T10 | J87: Full VR | K87: 45814 | M87: Direct | N87: 3 | O87: 1.0769231 | P87: =C87/G87 -> 0 | Q87: =C87/F87 -> 0 | R87: =C87/H87 -> 0 | S87: =IF(C87>500,TRUE,FALSE) -> FALSE | T87: =IF(C87>750,TRUE,FALSE) -> FALSE | U87: =IF(C87>1000,TRUE,FALSE) -> FALSE | V87: =IF(D87>500,TRUE,FALSE) -> FALSE
A88: 107372 | B88: Kearney Police Dept. - NE | C88: 43 | D88: 21 | E88: 58 | F88: 65 | G88: 3 | H88: 67 | I88: T10 | J88: Full VR | K88: 45576 | L88: 45713 | M88: Direct | N88: 9 | O88: 0.046153846 | P88: =C88/G88 -> 14.333333 | Q88: =C88/F88 -> 0.66153846 | R88: =C88/H88 -> 0.64179104 | S88: =IF(C88>500,TRUE,FALSE) -> FALSE | T88: =IF(C88>750,TRUE,FALSE) -> FALSE | U88: =IF(C88>1000,TRUE,FALSE) -> FALSE | V88: =IF(D88>500,TRUE,FALSE) -> FALSE
A89: 107396 | B89: Bradley County Sheriff's Office - TN | C89: 25 | D89: 25 | E89: 217 | F89: 130 | G89: 106 | H89: 129 | I89: T10 | J89: Full VR | K89: 45835 | L89: 45951 | M89: T1200 | N89: 50 | O89: 0.81538462 | P89: =C89/G89 -> 0.23584906 | Q89: =C89/F89 -> 0.19230769 | R89: =C89/H89 -> 0.19379845 | S89: =IF(C89>500,TRUE,FALSE) -> FALSE | T89: =IF(C89>750,TRUE,FALSE) -> FALSE | U89: =IF(C89>1000,TRUE,FALSE) -> FALSE | V89: =IF(D89>500,TRUE,FALSE) -> FALSE
A90: 107448 | B90: Criminal Justice Training Commission - WA | C90: 266 | D90: 266 | E90: 5 | F90: 32 | G90: 0 | H90: 15 | I90: T10 | J90: Training Academy | K90: 45169 | M90: Inside | N90: 27 | O90: 0 | P90: 0 | Q90: =C90/F90 -> 8.3125 | R90: =C90/H90 -> 17.733333 | S90: =IF(C90>500,TRUE,FALSE) -> FALSE | T90: =IF(C90>750,TRUE,FALSE) -> FALSE | U90: =IF(C90>1000,TRUE,FALSE) -> FALSE | V90: =IF(D90>500,TRUE,FALSE) -> FALSE
A91: 107455 | B91: Marin County Sheriff's Office - CA | C91: 54 | D91: 54 | E91: 201 | F91: 151 | G91: 111 | H91: 156 | I91: T10 | J91: Taser Skills | K91: 45790 | L91: 45908 | M91: T1200 | N91: 4 | O91: 0.73509934 | P91: =C91/G91 -> 0.48648649 | Q91: =C91/F91 -> 0.35761589 | R91: =C91/H91 -> 0.34615385 | S91: =IF(C91>500,TRUE,FALSE) -> FALSE | T91: =IF(C91>750,TRUE,FALSE) -> FALSE | U91: =IF(C91>1000,TRUE,FALSE) -> FALSE | V91: =IF(D91>500,TRUE,FALSE) -> FALSE
A92: 107619 | B92: Coral Springs Police Dept. - FL | C92: 740 | D92: 524 | E92: 223 | F92: 255 | G92: 255 | H92: 242 | I92: T10 | J92: Full VR | K92: 45462 | M92: T1200 | N92: 13 | O92: 1 | P92: =C92/G92 -> 2.9019608 | Q92: =C92/F92 -> 2.9019608 | R92: =C92/H92 -> 3.0578512 | S92: =IF(C92>500,TRUE,FALSE) -> TRUE | T92: =IF(C92>750,TRUE,FALSE) -> FALSE | U92: =IF(C92>1000,TRUE,FALSE) -> FALSE | V92: =IF(D92>500,TRUE,FALSE) -> TRUE
A93: 107741 | B93: Arizona Department of Corrections - AZ | C93: 613 | D93: 613 | E93: 1000 | F93: 1466 | G93: 1651 | H93: 724 | I93: T10 | J93: Full VR | K93: 45776 | L93: 45848 | M93: Major | N93: 6 | O93: 1.1261937 | P93: =C93/G93 -> 0.37129013 | Q93: =C93/F93 -> 0.41814461 | R93: =C93/H93 -> 0.84668508 | S93: =IF(C93>500,TRUE,FALSE) -> TRUE | T93: =IF(C93>750,TRUE,FALSE) -> FALSE | U93: =IF(C93>1000,TRUE,FALSE) -> FALSE | V93: =IF(D93>500,TRUE,FALSE) -> TRUE
A94: 107750 | B94: New Mexico Dept. of Public Safety - NM | C94: 2186 | D94: 163 | E94: 682 | F94: 715 | G94: 745 | H94: 620 | I94: T10 | J94: Full VR | K94: 45184 | M94: Major | N94: 25 | O94: 1.041958 | P94: =C94/G94 -> 2.9342282 | Q94: =C94/F94 -> 3.0573427 | R94: =C94/H94 -> 3.5258065 | S94: =IF(C94>500,TRUE,FALSE) -> TRUE | T94: =IF(C94>750,TRUE,FALSE) -> TRUE | U94: =IF(C94>1000,TRUE,FALSE) -> TRUE | V94: =IF(D94>500,TRUE,FALSE) -> FALSE
A95: 107758 | B95: Black Diamond Police Dept. - WA | C95: 6 | D95: 1 | E95: 9 | F95: 38 | G95: 14 | H95: 14 | I95: T10 | J95: Full VR | K95: 45838 | M95: Inside | N95: 2 | O95: 0.36842105 | P95: =C95/G95 -> 0.42857143 | Q95: =C95/F95 -> 0.15789474 | R95: =C95/H95 -> 0.42857143 | S95: =IF(C95>500,TRUE,FALSE) -> FALSE | T95: =IF(C95>750,TRUE,FALSE) -> FALSE | U95: =IF(C95>1000,TRUE,FALSE) -> FALSE | V95: =IF(D95>500,TRUE,FALSE) -> FALSE
A96: 107787 | B96: Spokane County Sheriff's Office - WA | C96: 244 | D96: 0 | E96: 243 | F96: 287 | G96: 119 | H96: 231 | I96: T10 | J96: Full VR | K96: 45471 | M96: T1200 | N96: 12 | O96: 0.41463415 | P96: =C96/G96 -> 2.0504202 | Q96: =C96/F96 -> 0.85017422 | R96: =C96/H96 -> 1.0562771 | S96: =IF(C96>500,TRUE,FALSE) -> FALSE | T96: =IF(C96>750,TRUE,FALSE) -> FALSE | U96: =IF(C96>1000,TRUE,FALSE) -> FALSE | V96: =IF(D96>500,TRUE,FALSE) -> FALSE
A97: 107794 | B97: Metropolitan Transit Authority of Harris County - TX | C97: 729 | D97: 452 | E97: 259 | F97: 274 | G97: 250 | H97: 282 | I97: T10 | J97: Full VR | K97: 45180 | M97: T1200 | N97: 25 | O97: 0.91240876 | P97: =C97/G97 -> 2.916 | Q97: =C97/F97 -> 2.6605839 | R97: =C97/H97 -> 2.5851064 | S97: =IF(C97>500,TRUE,FALSE) -> TRUE | T97: =IF(C97>750,TRUE,FALSE) -> FALSE | U97: =IF(C97>1000,TRUE,FALSE) -> FALSE | V97: =IF(D97>500,TRUE,FALSE) -> FALSE
A98: 107824 | B98: Jefferson County Sheriff's Office - CO | C98: 1273 | D98: 987 | E98: 667 | F98: 705 | G98: 565 | H98: 361 | I98: T10 | J98: Full VR | K98: 45642 | L98: 45742 | M98: Major | N98: 10 | O98: 0.80141844 | P98: =C98/G98 -> 2.2530973 | Q98: =C98/F98 -> 1.8056738 | R98: =C98/H98 -> 3.5263158 | S98: =IF(C98>500,TRUE,FALSE) -> TRUE | T98: =IF(C98>750,TRUE,FALSE) -> TRUE | U98: =IF(C98>1000,TRUE,FALSE) -> TRUE | V98: =IF(D98>500,TRUE,FALSE) -> TRUE
A99: 107887 | B99: Memphis Police Department - TN | C99: 154 | D99: 125 | E99: 2180 | F99: 2300 | G99: 2281 | H99: 1756 | I99: T10 | J99: Full VR | K99: 45107 | L99: 45755 | M99: Major | N99: 27 | O99: 0.99173913 | P99: =C99/G99 -> 0.067514248 | Q99: =C99/F99 -> 0.066956522 | R99: =C99/H99 -> 0.087699317 | S99: =IF(C99>500,TRUE,FALSE) -> FALSE | T99: =IF(C99>750,TRUE,FALSE) -> FALSE | U99: =IF(C99>1000,TRUE,FALSE) -> FALSE | V99: =IF(D99>500,TRUE,FALSE) -> FALSE
A100: 107911 | B100: Louisville Metro Police Department | C100: 2 | D100: 2 | E100: 1072 | F100: 1215 | G100: 1312 | H100: 2480 | I100: T10 | J100: Full VR | K100: 45251 | M100: Major | N100: 47 | O100: 1.0798354 | P100: =C100/G100 -> 0.0015243902 | Q100: =C100/F100 -> 0.0016460905 | R100: =C100/H100 -> 0.00080645161 | S100: =IF(C100>500,TRUE,FALSE) -> FALSE | T100: =IF(C100>750,TRUE,FALSE) -> FALSE | U100: =IF(C100>1000,TRUE,FALSE) -> FALSE | V100: =IF(D100>500,TRUE,FALSE) -> FALSE
...

Sheet Meeting Threshold
A1: Account Number | B1: Account Name | C1: T12 SIM Usage | D1: T6 SIM Completions | E1: Number of Officers | F1: Active License Quantity | G1: Footprint Size | H1: Total T10 CEWs | I1: TASER Type | J1: Active License Type | K1: VR HW Purchase Date | L1: First PSO Start Date | M1: Account Line Size | N1: Time as Customer | O1: Footprint Difference | P1: Threshold - Footprint | Q1: Threshold - License | R1: Threshold - CEW | S1: 500+ Events | T1: 750+ Events | U1: 1000+ Events | V1: T6 500+ Events
A2: 114601 | B2: Baltimore County Police Dept. - MD | C2: 5255 | D2: 5055 | E2: 1856 | F2: 1703 | G2: 2194 | H2: 1136 | I2: T10 | J2: Full VR | K2: 45621 | L2: 45720 | M2: Major | N2: 10 | O2: 1.29 | P2: 2.4 | Q2: 3.09 | R2: 4.63 | S2: TRUE | T2: TRUE | U2: TRUE | V2: TRUE
A3: 105469 | B3: San Bernardino County Sheriff's Dept. - CA | C3: 4462 | D3: 1025 | E3: 2385 | F3: 1000 | G3: 950 | H3: 2066 | I3: T10 | J3: Full VR | K3: 45596 | L3: 45713 | M3: Major | N3: 10 | O3: 0.95 | P3: 4.7 | Q3: 4.46 | R3: 2.16 | S3: TRUE | T3: TRUE | U3: TRUE | V3: TRUE
A4: 116660 | B4: Albuquerque Police Dept. - NM | C4: 3166 | D4: 2807 | E4: 997 | F4: 1260 | G4: 1335 | H4: 2480 | I4: T10 | J4: Full VR | K4: 45195 | L4: 45737 | M4: Major | N4: 10 | O4: 1.06 | P4: 2.37 | Q4: 2.51 | R4: 1.28 | S4: TRUE | T4: TRUE | U4: TRUE | V4: TRUE
A5: 108541 | B5: Maryland State Police - MD | C5: 3055 | D5: 1543 | E5: 1441 | F5: 750 | G5: 2325 | H5: 800 | I5: T10 | J5: Full VR | K5: 45258 | L5: 45694 | M5: Major | N5: 11 | O5: 3.1 | P5: 1.31 | Q5: 4.07 | R5: 3.82 | S5: TRUE | T5: TRUE | U5: TRUE | V5: TRUE
A6: 114073 | B6: Texas Department of Public Safety - TX | C6: 2998 | D6: 2402 | E6: 4060 | F6: 2750 | G6: 1328 | H6: 3875 | I6: T10 | J6: Full VR | K6: 45392 | L6: 45762 | M6: Major | N6: 12 | O6: 0.48 | P6: 2.26 | Q6: 1.09 | R6: 0.77 | S6: TRUE | T6: TRUE | U6: TRUE | V6: TRUE
A7: 113118 | B7: Oklahoma City Police Dept. - OK | C7: 2744 | D7: 780 | E7: 1141 | F7: 700 | G7: 1458 | H7: 723 | I7: T10 | J7: Full VR | K7: 45580 | M7: Major | N7: 49 | O7: 2.08 | P7: 1.88 | Q7: 3.92 | R7: 3.8 | S7: TRUE | T7: TRUE | U7: TRUE | V7: TRUE
A8: 105785 | B8: Fort Worth Police Department - TX | C8: 2323 | D8: 2003 | E8: 1717 | F8: 3861 | G8: 1993 | H8: 1904 | I8: T10 | J8: Full VR | K8: 45048 | M8: Major | N8: 45 | O8: 0.52 | P8: 1.17 | Q8: 0.6 | R8: 1.22 | S8: TRUE | T8: TRUE | U8: TRUE | V8: TRUE
A9: 108658 | B9: Travis County Sheriff's Office - TX | C9: 2220 | D9: 2304 | E9: 1198 | F9: 763 | G9: 1532 | H9: 761 | I9: T10 | J9: Full VR | K9: 45726 | L9: 45797 | M9: Major | N9: 6 | O9: 2.01 | P9: 1.45 | Q9: 2.91 | R9: 2.92 | S9: TRUE | T9: TRUE | U9: TRUE | V9: TRUE
A10: 124496 | B10: Pittsburgh Bureau of Police - PA | C10: 2215 | D10: 270 | E10: 965 | F10: 900 | G10: 992 | H10: 930 | I10: T10 | J10: Full VR | K10: 45107 | M10: Major | N10: 28 | O10: 1.1 | P10: 2.23 | Q10: 2.46 | R10: 2.38 | S10: TRUE | T10: TRUE | U10: TRUE | V10: FALSE
A11: 107750 | B11: New Mexico Dept. of Public Safety - NM | C11: 2186 | D11: 163 | E11: 682 | F11: 715 | G11: 745 | H11: 620 | I11: T10 | J11: Full VR | K11: 45184 | M11: Major | N11: 25 | O11: 1.04 | P11: 2.93 | Q11: 3.06 | R11: 3.53 | S11: TRUE | T11: TRUE | U11: TRUE | V11: FALSE
A12: 113410 | B12: Anaheim Police Dept. - CA | C12: 2079 | D12: 50 | E12: 385 | F12: 457 | G12: 552 | H12: 428 | I12: T10 | J12: Full VR | K12: 45656 | M12: T1200 | N12: 34 | O12: 1.21 | P12: 3.77 | Q12: 4.55 | R12: 4.86 | S12: TRUE | T12: TRUE | U12: TRUE | V12: FALSE
A13: 108053 | B13: Williamson County Sheriff's Office - TN | C13: 1995 | D13: 1321 | E13: 199 | F13: 243 | G13: 3 | H13: 302 | I13: T10 | J13: Full VR | K13: 45461 | M13: T1200 | N13: 40 | O13: 0.01 | P13: 665 | Q13: 8.21 | R13: 6.61 | S13: TRUE | T13: TRUE | U13: TRUE | V13: TRUE
A14: 108467 | B14: Charlotte County Sheriff's Office - FL | C14: 1961 | D14: 2152 | E14: 445 | F14: 488 | G14: 230 | H14: 411 | I14: T10 | J14: Full VR | K14: 45686 | L14: 45792 | M14: T1200 | N14: 6 | O14: 0.47 | P14: 8.53 | Q14: 4.02 | R14: 4.77 | S14: TRUE | T14: TRUE | U14: TRUE | V14: TRUE
A15: 109245 | B15: Clay County Sheriff's Office - FL | C15: 1910 | D15: 1910 | E15: 408 | F15: 350 | G15: 426 | H15: 663 | I15: T10 | J15: Full VR | K15: 45688 | L15: 45848 | M15: T1200 | N15: 4 | O15: 1.22 | P15: 4.48 | Q15: 5.46 | R15: 2.88 | S15: TRUE | T15: TRUE | U15: TRUE | V15: TRUE
A16: 175721 | B16: Boston Police Dept. - MA | C16: 1854 | D16: 861 | E16: 2119 | F16: 1570 | G16: 2200 | H16: 1622 | I16: T10 | J16: Full VR | K16: 45260 | L16: 45692 | M16: Major | N16: 23 | O16: 1.4 | P16: 0.84 | Q16: 1.18 | R16: 1.14 | S16: TRUE | T16: TRUE | U16: TRUE | V16: TRUE
A17: 110619 | B17: Joliet Police Dept. - IL | C17: 1781 | D17: 1260 | E17: 286 | F17: 286 | G17: 375 | H17: 295 | I17: T10 | J17: Full VR | K17: 45261 | M17: T1200 | N17: 57 | O17: 1.31 | P17: 4.75 | Q17: 6.23 | R17: 6.04 | S17: TRUE | T17: TRUE | U17: TRUE | V17: TRUE
A18: 106522 | B18: Hamilton County Sheriff's Office - OH | C18: 1775 | D18: 1775 | E18: 1027 | F18: 626 | G18: 690 | H18: 712 | I18: T10 | J18: Full VR | K18: 45623 | M18: Major | N18: 7 | O18: 1.1 | P18: 2.57 | Q18: 2.84 | R18: 2.49 | S18: TRUE | T18: TRUE | U18: TRUE | V18: TRUE
A19: 123242 | B19: Whitfield County Sheriff's Office - GA | C19: 1737 | D19: 1128 | E19: 171 | F19: 430 | G19: 117 | H19: 154 | I19: T10 | J19: Full VR | K19: 45827 | M19: T1200 | N19: 3 | O19: 0.27 | P19: 14.85 | Q19: 4.04 | R19: 11.28 | S19: TRUE | T19: TRUE | U19: TRUE | V19: TRUE
A20: 302836 | B20: San Bernardino County Probation Dept. - CA | C20: 1682 | D20: 1682 | E20: 503 | F20: 505 | G20: 8 | H20: 516 | I20: T10 | J20: Full VR | K20: 45720 | L20: 45832 | M20: Major | N20: 7 | O20: 0.02 | P20: 210.25 | Q20: 3.33 | R20: 3.26 | S20: TRUE | T20: TRUE | U20: TRUE | V20: TRUE
A21: 124615 | B21: Auburn Police Dept - AL | C21: 1680 | D21: 1364 | E21: 148 | F21: 120 | G21: 148 | H21: 124 | I21: T10 | J21: Full VR | K21: 45532 | M21: T1200 | N21: 51 | O21: 1.23 | P21: 11.35 | Q21: 14 | R21: 13.55 | S21: TRUE | T21: TRUE | U21: TRUE | V21: TRUE
A22: 110637 | B22: Shreveport Police Dept - LA | C22: 1595 | D22: 570 | E22: 531 | F22: 480 | G22: 505 | H22: 465 | I22: T10 | J22: Full VR | K22: 45289 | M22: T1200 | N22: 16 | O22: 1.05 | P22: 3.16 | Q22: 3.32 | R22: 3.43 | S22: TRUE | T22: TRUE | U22: TRUE | V22: TRUE
A23: 323664 | B23: Louisiana Department of Corrections - LA | C23: 1531 | D23: 1398 | E23: 611 | F23: 1335 | G23: 1240 | H23: 973 | I23: T10 | J23: Full VR | K23: 45655 | L23: 45747 | M23: Major | N23: 12 | O23: 0.93 | P23: 1.23 | Q23: 1.15 | R23: 1.57 | S23: TRUE | T23: TRUE | U23: TRUE | V23: TRUE
A24: 128775 | B24: Brevard County Sheriff's Office - FL | C24: 1498 | D24: 420 | E24: 586 | F24: 586 | G24: 12 | H24: 605 | I24: T10 | J24: Full VR | K24: 45469 | M24: Major | N24: 12 | O24: 0.02 | P24: 124.83 | Q24: 2.56 | R24: 2.48 | S24: TRUE | T24: TRUE | U24: TRUE | V24: FALSE
A25: 107092 | B25: Seminole County Sheriff's Office - FL | C25: 1468 | D25: 1356 | E25: 701 | F25: 750 | G25: 570 | H25: 567 | I25: T10 | J25: Full VR | K25: 45194 | M25: Major | N25: 38 | O25: 0.76 | P25: 2.58 | Q25: 1.96 | R25: 2.59 | S25: TRUE | T25: TRUE | U25: TRUE | V25: TRUE
A26: 109479 | B26: Naperville Police Dept. - IL | C26: 1427 | D26: 81 | E26: 199 | F26: 265 | G26: 205 | H26: 206 | I26: T10 | J26: Full VR | K26: 45561 | L26: 45694 | M26: T1200 | N26: 9 | O26: 0.77 | P26: 6.96 | Q26: 5.38 | R26: 6.93 | S26: TRUE | T26: TRUE | U26: TRUE | V26: FALSE
A27: 112474 | B27: Pinellas County Sheriff's Office - FL | C27: 1424 | D27: 895 | E27: 1422 | F27: 1110 | G27: 950 | H27: 1146 | I27: T10 | J27: Full VR | K27: 45288 | M27: Major | N27: 22 | O27: 0.86 | P27: 1.5 | Q27: 1.28 | R27: 1.24 | S27: TRUE | T27: TRUE | U27: TRUE | V27: TRUE
A28: 110958 | B28: Walton County Sheriff's Office - GA | C28: 1420 | D28: 1351 | E28: 167 | F28: 250 | G28: 5 | H28: 206 | I28: T10 | J28: Full VR | K28: 45616 | L28: 45702 | M28: T1200 | N28: 9 | O28: 0.02 | P28: 284 | Q28: 5.68 | R28: 6.89 | S28: TRUE | T28: TRUE | U28: TRUE | V28: TRUE
A29: 109160 | B29: North Carolina State Highway Patrol - NC | C29: 1320 | D29: 970 | E29: 1715 | F29: 1450 | G29: 120 | H29: 1585 | I29: T10 | J29: Full VR | K29: 45230 | M29: Major | N29: 33 | O29: 0.08 | P29: 11 | Q29: 0.91 | R29: 0.83 | S29: TRUE | T29: TRUE | U29: TRUE | V29: TRUE
A30: 106524 | B30: Weld County Sheriff's Office - CO | C30: 1297 | D30: 207 | E30: 82 | F30: 329 | G30: 335 | H30: 259 | I30: T10 | J30: Full VR | K30: 45637 | L30: 45728 | M30: Direct | N30: 9 | O30: 1.02 | P30: 3.87 | Q30: 3.94 | R30: 5.01 | S30: TRUE | T30: TRUE | U30: TRUE | V30: FALSE
A31: 107824 | B31: Jefferson County Sheriff's Office - CO | C31: 1273 | D31: 987 | E31: 667 | F31: 705 | G31: 565 | H31: 361 | I31: T10 | J31: Full VR | K31: 45642 | L31: 45742 | M31: Major | N31: 10 | O31: 0.8 | P31: 2.25 | Q31: 1.81 | R31: 3.53 | S31: TRUE | T31: TRUE | U31: TRUE | V31: TRUE
A32: 106338 | B32: Oregon State Police - OR | C32: 1269 | D32: 1269 | E32: 681 | F32: 750 | G32: 895 | H32: 775 | I32: T10 | J32: Full VR | K32: 45775 | L32: 45881 | M32: Major | N32: 4 | O32: 1.19 | P32: 1.42 | Q32: 1.69 | R32: 1.64 | S32: TRUE | T32: TRUE | U32: TRUE | V32: TRUE
A33: 111064 | B33: Lake County Sheriff's Office - FL | C33: 1264 | D33: 1017 | E33: 470 | F33: 933 | G33: 327 | H33: 453 | I33: T10 | J33: Full VR | K33: 45373 | M33: T1200 | N33: 18 | O33: 0.35 | P33: 3.87 | Q33: 1.35 | R33: 2.79 | S33: TRUE | T33: TRUE | U33: TRUE | V33: TRUE
A34: 111178 | B34: St. Charles Police Dept. - MO | C34: 1154 | D34: 1154 | E34: 113 | F34: 265 | G34: 105 | H34: 131 | I34: T10 | J34: Full VR | K34: 45740 | L34: 45853 | M34: T1200 | N34: 6 | O34: 0.4 | P34: 10.99 | Q34: 4.35 | R34: 8.81 | S34: TRUE | T34: TRUE | U34: TRUE | V34: TRUE
A35: 313790 | B35: Tuscaloosa Police Dept. - AL | C35: 1119 | D35: 48 | E35: 289 | F35: 150 | G35: 295 | H35: 155 | I35: T10 | J35: Full VR | K35: 45560 | L35: 45615 | M35: T1200 | N35: 13 | O35: 1.97 | P35: 3.79 | Q35: 7.46 | R35: 7.22 | S35: TRUE | T35: TRUE | U35: TRUE | V35: FALSE
A36: 109867 | B36: Manatee County Sheriff's Office - FL | C36: 1119 | D36: 1118 | E36: 723 | F36: 1630 | G36: 558 | H36: 826 | I36: T10 | J36: Full VR | K36: 45744 | L36: 45868 | M36: Major | N36: 11 | O36: 0.34 | P36: 2.01 | Q36: 0.69 | R36: 1.35 | S36: TRUE | T36: TRUE | U36: TRUE | V36: TRUE
A37: 109291 | B37: Boulder Police Dept. - CO | C37: 1070 | D37: 1051 | E37: 182 | F37: 600 | G37: 210 | H37: 206 | I37: T10 | J37: Full VR | K37: 45870 | L37: 45912 | M37: T1200 | N37: 22 | O37: 0.35 | P37: 5.1 | Q37: 1.78 | R37: 5.19 | S37: TRUE | T37: TRUE | U37: TRUE | V37: TRUE
A38: 106715 | B38: Terrebonne Parish Sheriff's Office - LA | C38: 1070 | D38: 726 | E38: 275 | F38: 136 | G38: 186 | H38: 140 | I38: T10 | J38: Full VR | K38: 45194 | M38: T1200 | N38: 19 | O38: 1.37 | P38: 5.75 | Q38: 7.87 | R38: 7.64 | S38: TRUE | T38: TRUE | U38: TRUE | V38: TRUE
A39: 408831 | B39: Santa Clara County Sheriff's Office - CA | C39: 1060 | D39: 541 | E39: 1285 | F39: 1275 | G39: 0 | H39: 77 | I39: T10 | J39: Full VR | K39: 45616 | L39: 45659 | M39: Major | N39: 12 | O39: 0 | P39: 0 | Q39: 0.83 | R39: 13.77 | S39: TRUE | T39: TRUE | U39: TRUE | V39: TRUE
A40: 511036 | B40: Will County Sheriff Office Enforcement - IL | C40: 1056 | D40: 1040 | E40: 233 | F40: 240 | G40: 231 | H40: 248 | I40: T10 | J40: Full VR | K40: 45266 | M40: T1200 | N40: 21 | O40: 0.96 | P40: 4.57 | Q40: 4.4 | R40: 4.26 | S40: TRUE | T40: TRUE | U40: TRUE | V40: TRUE
A41: 107124 | B41: Lincoln Police Department - NE | C41: 993 | D41: 341 | E41: 341 | F41: 330 | G41: 327 | H41: 343 | I41: T10 | J41: Full VR | K41: 45169 | M41: T1200 | N41: 34 | O41: 0.99 | P41: 3.04 | Q41: 3.01 | R41: 2.9 | S41: TRUE | T41: TRUE | U41: FALSE | V41: FALSE
A42: 141269 | B42: Grand Rapids Police Dept. - MI | C42: 969 | D42: 87 | E42: 305 | F42: 300 | G42: 314 | H42: 310 | I42: T10 | J42: Full VR | K42: 45278 | M42: T1200 | N42: 21 | O42: 1.05 | P42: 3.09 | Q42: 3.23 | R42: 3.13 | S42: TRUE | T42: TRUE | U42: FALSE | V42: FALSE
A43: 197700 | B43: Roswell Police Dept. - GA | C43: 955 | D43: 874 | E43: 142 | F43: 168 | G43: 170 | H43: 173 | I43: T10 | J43: Full VR | K43: 45656 | L43: 45768 | M43: T1200 | N43: 9 | O43: 1.01 | P43: 5.62 | Q43: 5.68 | R43: 5.52 | S43: TRUE | T43: TRUE | U43: FALSE | V43: TRUE
A44: 106669 | B44: Olmsted County Sheriff's Office - MN | C44: 952 | D44: 259 | E44: 168 | F44: 83 | G44: 200 | H44: 188 | I44: T10 | J44: Full VR | K44: 45565 | L44: 45680 | M44: T1200 | N44: 11 | O44: 2.41 | P44: 4.76 | Q44: 11.47 | R44: 5.06 | S44: TRUE | T44: TRUE | U44: FALSE | V44: FALSE
A45: 112129 | B45: Leon County Sheriff's Dept. - FL | C45: 912 | D45: 334 | E45: 538 | F45: 473 | G45: 538 | H45: 488 | I45: T10 | J45: Full VR | K45: 45063 | M45: T1200 | N45: 25 | O45: 1.14 | P45: 1.7 | Q45: 1.93 | R45: 1.87 | S45: TRUE | T45: TRUE | U45: FALSE | V45: FALSE
A46: 106698 | B46: Kent Police Dept. - WA | C46: 903 | D46: 376 | E46: 155 | F46: 169 | G46: 78 | H46: 171 | I46: T10 | J46: Full VR | K46: 45548 | L46: 45748 | M46: T1200 | N46: 37 | O46: 0.46 | P46: 11.58 | Q46: 5.34 | R46: 5.28 | S46: TRUE | T46: TRUE | U46: FALSE | V46: FALSE
A47: 309995 | B47: Huntsville Police Department - AL | C47: 868 | D47: 120 | E47: 444 | F47: 450 | G47: 458 | H47: 464 | I47: T10 | J47: Full VR | K47: 45581 | L47: 45638 | M47: T1200 | N47: 10 | O47: 1.02 | P47: 1.9 | Q47: 1.93 | R47: 1.87 | S47: TRUE | T47: TRUE | U47: FALSE | V47: FALSE
A48: 303223 | B48: Michigan Department of Natural Resources | C48: 856 | D48: 236 | E48: 222 | F48: 232 | G48: 247 | H48: 279 | I48: T10 | J48: Full VR | K48: 45043 | M48: T1200 | N48: 33 | O48: 1.06 | P48: 3.47 | Q48: 3.69 | R48: 3.07 | S48: TRUE | T48: TRUE | U48: FALSE | V48: FALSE
A49: 471191 | B49: Saint John Parish Sheriff's Office - LA | C49: 817 | D49: 155 | E49: 250 | F49: 365 | G49: 239 | H49: 180 | I49: T10 | J49: Full VR | K49: 45455 | M49: T1200 | N49: 10 | O49: 0.65 | P49: 3.42 | Q49: 2.24 | R49: 4.54 | S49: TRUE | T49: TRUE | U49: FALSE | V49: FALSE
A50: 119937 | B50: New Castle County Police Dept. - DE | C50: 769 | D50: 31 | E50: 367 | F50: 385 | G50: 377 | H50: 397 | I50: T10 | J50: Full VR | K50: 45154 | M50: T1200 | N50: 27 | O50: 0.98 | P50: 2.04 | Q50: 2 | R50: 1.94 | S50: TRUE | T50: TRUE | U50: FALSE | V50: FALSE
A51: CA0115465 | B51: Barrie Police Service | C51: 753 | D51: 51 | E51: 240 | F51: 155 | G51: 322 | H51: 186 | I51: T10 | J51: Full VR | K51: 45617 | M51: T1200 | N51: 17 | O51: 2.08 | P51: 2.34 | Q51: 4.86 | R51: 4.05 | S51: TRUE | T51: TRUE | U51: FALSE | V51: FALSE
A52: 325338 | B52: Lee County Sheriff's Office - AL | C52: 749 | D52: 380 | E52: 146 | F52: 214 | G52: 20 | H52: 186 | I52: T10 | J52: Full VR | K52: 45509 | M52: T1200 | N52: 13 | O52: 0.09 | P52: 37.45 | Q52: 3.5 | R52: 4.03 | S52: TRUE | T52: FALSE | U52: FALSE | V52: FALSE
A53: 187670 | B53: Pender County Sheriff's Office - NC | C53: 744 | D53: 339 | E53: 80 | F53: 105 | G53: 75 | H53: 62 | I53: T10 | J53: Full VR | K53: 45481 | M53: Direct | N53: 12 | O53: 0.71 | P53: 9.92 | Q53: 7.09 | R53: 12 | S53: TRUE | T53: FALSE | U53: FALSE | V53: FALSE
A54: 107619 | B54: Coral Springs Police Dept. - FL | C54: 740 | D54: 524 | E54: 223 | F54: 255 | G54: 255 | H54: 242 | I54: T10 | J54: Full VR | K54: 45462 | M54: T1200 | N54: 13 | O54: 1 | P54: 2.9 | Q54: 2.9 | R54: 3.06 | S54: TRUE | T54: FALSE | U54: FALSE | V54: TRUE
A55: 107989 | B55: Ada County Sheriff's Office - ID | C55: 732 | D55: 391 | E55: 336 | F55: 255 | G55: 236 | H55: 263 | I55: T10 | J55: Full VR | K55: 45595 | L55: 45699 | M55: T1200 | N55: 10 | O55: 0.93 | P55: 3.1 | Q55: 2.87 | R55: 2.78 | S55: TRUE | T55: FALSE | U55: FALSE | V55: FALSE
A56: 321833 | B56: Fort Collins Police Services - CO | C56: 729 | D56: 68 | E56: 213 | F56: 250 | G56: 206 | H56: 245 | I56: T10 | J56: Full VR | K56: 45649 | L56: 45701 | M56: T1200 | N56: 10 | O56: 0.82 | P56: 3.54 | Q56: 2.92 | R56: 2.98 | S56: TRUE | T56: FALSE | U56: FALSE | V56: FALSE
A57: 107794 | B57: Metropolitan Transit Authority of Harris County - TX | C57: 729 | D57: 452 | E57: 259 | F57: 274 | G57: 250 | H57: 282 | I57: T10 | J57: Full VR | K57: 45180 | M57: T1200 | N57: 25 | O57: 0.91 | P57: 2.92 | Q57: 2.66 | R57: 2.59 | S57: TRUE | T57: FALSE | U57: FALSE | V57: FALSE
A58: 115314 | B58: Jefferson County Sheriff's Office - AL | C58: 728 | D58: 277 | E58: 475 | F58: 450 | G58: 487 | H58: 465 | I58: T10 | J58: Full VR | K58: 45233 | M58: T1200 | N58: 25 | O58: 1.08 | P58: 1.49 | Q58: 1.62 | R58: 1.57 | S58: TRUE | T58: FALSE | U58: FALSE | V58: FALSE
A59: 155263 | B59: Burbank Police Dept. - CA | C59: 720 | D59: 586 | E59: 148 | F59: 178 | G59: 154 | H59: 168 | I59: T10 | J59: Full VR | K59: 45470 | M59: T1200 | N59: 14 | O59: 0.87 | P59: 4.68 | Q59: 4.04 | R59: 4.29 | S59: TRUE | T59: FALSE | U59: FALSE | V59: TRUE
A60: 186872 | B60: Pasco Police Dept. - WA | C60: 718 | D60: 258 | E60: 112 | F60: 176 | G60: 98 | H60: 101 | I60: T10 | J60: Full VR | K60: 45560 | L60: 45706 | M60: T1200 | N60: 9 | O60: 0.56 | P60: 7.33 | Q60: 4.08 | R60: 7.11 | S60: TRUE | T60: FALSE | U60: FALSE | V60: FALSE
A61: 532247 | B61: National Commissioner of the Icelandic Police | C61: 708 | D61: 541 | E61: 400 | F61: 480 | G61: 703 | H61: 237 | I61: T10 | J61: Full VR | K61: 45056 | M61: T1200 | N61: 24 | O61: 1.46 | P61: 1.01 | Q61: 1.48 | R61: 2.99 | S61: TRUE | T61: FALSE | U61: FALSE | V61: TRUE
A62: 157071 | B62: Bloomington Police Dept. - MN | C62: 674 | D62: 641 | E62: 112 | F62: 140 | G62: 151 | H62: 148 | I62: T10 | J62: Full VR | K62: 45628 | L62: 45748 | M62: T1200 | N62: 34 | O62: 1.08 | P62: 4.46 | Q62: 4.81 | R62: 4.55 | S62: TRUE | T62: FALSE | U62: FALSE | V62: TRUE
A63: 305896 | B63: Scranton Police Dept. - PA | C63: 668 | D63: 573 | E63: 120 | F63: 130 | G63: 152 | H63: 134 | I63: T10 | J63: Full VR | K63: 45644 | L63: 45797 | M63: T1200 | N63: 8 | O63: 1.17 | P63: 4.39 | Q63: 5.14 | R63: 4.99 | S63: TRUE | T63: FALSE | U63: FALSE | V63: TRUE
A64: 497705 | B64: Ohio Dept of Rehabilitation and Correction | C64: 654 | D64: 537 | E64: 12000 | F64: -5649 | G64: 5115 | H64: 3202 | I64: T10 | J64: Full VR | K64: 45699 | M64: Major | N64: 6 | O64: -0.91 | P64: 0.13 | Q64: -0.12 | R64: 0.2 | S64: TRUE | T64: FALSE | U64: FALSE | V64: TRUE
A65: 110600 | B65: Flagler County Sheriff's Office - FL | C65: 647 | D65: 542 | E65: 248 | F65: 262 | G65: 255 | H65: 270 | I65: T10 | J65: Full VR | K65: 45565 | L65: 45677 | M65: T1200 | N65: 10 | O65: 0.97 | P65: 2.54 | Q65: 2.47 | R65: 2.4 | S65: TRUE | T65: FALSE | U65: FALSE | V65: TRUE
A66: 109269 | B66: North Miami Police Dept - FL | C66: 636 | D66: 608 | E66: 116 | F66: 120 | G66: 140 | H66: 124 | I66: T10 | J66: Full VR | K66: 45369 | M66: T1200 | N66: 48 | O66: 1.17 | P66: 4.54 | Q66: 5.3 | R66: 5.13 | S66: TRUE | T66: FALSE | U66: FALSE | V66: TRUE
A67: 107741 | B67: Arizona Department of Corrections - AZ | C67: 613 | D67: 613 | E67: 1000 | F67: 1466 | G67: 1651 | H67: 724 | I67: T10 | J67: Full VR | K67: 45776 | L67: 45848 | M67: Major | N67: 6 | O67: 1.13 | P67: 0.37 | Q67: 0.42 | R67: 0.85 | S67: TRUE | T67: FALSE | U67: FALSE | V67: TRUE
A68: 107969 | B68: Lower Merion Twp Police Dept. - PA | C68: 608 | D68: 239 | E68: 130 | F68: 136 | G68: 7 | H68: 31 | I68: T10 | J68: Full VR | K68: 45618 | L68: 45741 | M68: T1200 | N68: 9 | O68: 0.05 | P68: 86.86 | Q68: 4.47 | R68: 19.61 | S68: TRUE | T68: FALSE | U68: FALSE | V68: FALSE
A69: 107272 | B69: Lincoln County Sheriff's Office - NC | C69: 594 | D69: 580 | E69: 196 | F69: 370 | G69: 130 | H69: 247 | I69: T10 | J69: Full VR | K69: 45639 | M69: T1200 | N69: 18 | O69: 0.35 | P69: 4.57 | Q69: 1.61 | R69: 2.4 | S69: TRUE | T69: FALSE | U69: FALSE | V69: TRUE
A70: 107101 | B70: Plantation Police Dept. - FL | C70: 589 | D70: 615 | E70: 175 | F70: 181 | G70: 1 | H70: 187 | I70: T10 | J70: Full VR | K70: 45810 | L70: 45937 | M70: T1200 | N70: 2 | O70: 0.01 | P70: 589 | Q70: 3.25 | R70: 3.15 | S70: TRUE | T70: FALSE | U70: FALSE | V70: TRUE
A71: 446518 | B71: Spokane Police Dept. - WA | C71: 580 | D71: 511 | E71: 338 | F71: 343 | G71: 344 | H71: 352 | I71: T10 | J71: Full VR | K71: 45693 | M71: T1200 | N71: 40 | O71: 1 | P71: 1.69 | Q71: 1.69 | R71: 1.65 | S71: TRUE | T71: FALSE | U71: FALSE | V71: TRUE
A72: 106711 | B72: Columbia County Sheriff's Office - FL | C72: 525 | D72: 525 | E72: 154 | F72: 135 | G72: 171 | H72: 139 | I72: T10 | J72: Taser Skills | K72: 45688 | M72: T1200 | N72: 6 | O72: 1.27 | P72: 3.07 | Q72: 3.89 | R72: 3.78 | S72: TRUE | T72: FALSE | U72: FALSE | V72: TRUE
A73: 108237 | B73: Pueblo County Sheriff's Office - CO | C73: 525 | D73: 181 | E73: 394 | F73: 111 | G73: 131 | H73: 155 | I73: T10 | J73: Full VR | K73: 45545 | M73: T1200 | N73: 22 | O73: 1.18 | P73: 4.01 | Q73: 4.73 | R73: 3.39 | S73: TRUE | T73: FALSE | U73: FALSE | V73: FALSE
A74: 106297 | B74: Springfield Police Department - MO | C74: 523 | D74: 27 | E74: 325 | F74: 235 | G74: 296 | H74: 242 | I74: T10 | J74: Full VR | K74: 45279 | M74: T1200 | N74: 21 | O74: 1.26 | P74: 1.77 | Q74: 2.23 | R74: 2.16 | S74: TRUE | T74: FALSE | U74: FALSE | V74: FALSE
A75: 110404 | B75: Boca Raton Police Dept - FL | C75: 522 | D75: 457 | E75: 208 | F75: 227 | G75: 248 | H75: 11 | I75: T10 | J75: Full VR | K75: 45597 | L75: 45637 | M75: T1200 | N75: 10 | O75: 1.09 | P75: 2.1 | Q75: 2.3 | R75: 47.45 | S75: TRUE | T75: FALSE | U75: FALSE | V75: FALSE
A76: 106528 | B76: Port of Seattle Police Dept. - WA | C76: 518 | D76: 510 | E76: 109 | F76: 150 | G76: 120 | H76: 155 | I76: T10 | J76: Full VR | K76: 45657 | L76: 45784 | M76: T1200 | N76: 7 | O76: 0.8 | P76: 4.32 | Q76: 3.45 | R76: 3.34 | S76: TRUE | T76: FALSE | U76: FALSE | V76: TRUE
A77: 111124 | B77: Leander Police Dept. - TX | C77: 515 | D77: 479 | E77: 54 | F77: 145 | G77: 88 | H77: 89 | I77: T10 | J77: Full VR | K77: 45429 | M77: Direct | N77: 60 | O77: 0.61 | P77: 5.85 | Q77: 3.55 | R77: 5.79 | S77: TRUE | T77: FALSE | U77: FALSE | V77: FALSE
A78: 306038 | B78: Redmond Police Dept. - WA | C78: 511 | D78: 475 | E78: 81 | F78: 90 | G78: 105 | H78: 93 | I78: T10 | J78: Full VR | K78: 45643 | L78: 45859 | M78: Direct | N78: 49 | O78: 1.17 | P78: 4.87 | Q78: 5.68 | R78: 5.49 | S78: TRUE | T78: FALSE | U78: FALSE | V78: FALSE
A79: 105516 | B79: Mesa Police Department | C79: 508 | D79: 521 | E79: 854 | F79: 720 | G79: 1079 | H79: 930 | I79: T10 | J79: Full VR | K79: 45468 | M79: Major | N79: 16 | O79: 1.5 | P79: 0.47 | Q79: 0.71 | R79: 0.55 | S79: TRUE | T79: FALSE | U79: FALSE | V79: TRUE
A80: 183946 | B80: Elizabethtown Police Dept.- KY | C80: 507 | D80: 431 | E80: 62 | F80: 86 | G80: 82 | H80: 88 | I80: T10 | J80: Full VR | K80: 45810 | L80: 45904 | M80: Direct | N80: 2 | O80: 0.95 | P80: 6.18 | Q80: 5.9 | R80: 5.76 | S80: TRUE | T80: FALSE | U80: FALSE | V80: FALSE
A81: 109079 | B81: Springfield Police Department - IL | C81: 496 | D81: 82 | E81: 253 | F81: 274 | G81: 280 | H81: 227 | I81: T10 | J81: Full VR | K81: 45561 | L81: 45713 | M81: T1200 | N81: 34 | O81: 1.02 | P81: 1.77 | Q81: 1.81 | R81: 2.19 | S81: FALSE | T81: FALSE | U81: FALSE | V81: FALSE
A82: 113358 | B82: Apopka Police Dept.-FL | C82: 490 | D82: 419 | E82: 112 | F82: 150 | G82: 6 | H82: 175 | I82: T10 | J82: Full VR | K82: 45649 | L82: 45740 | M82: T1200 | N82: 8 | O82: 0.04 | P82: 81.67 | Q82: 3.27 | R82: 2.8 | S82: FALSE | T82: FALSE | U82: FALSE | V82: FALSE
A83: 467119 | B83: Minneapolis-St Paul Airport Police Dept -MN | C83: 486 | D83: 361 | E83: 113 | F83: 140 | G83: 164 | H83: 144 | I83: T10 | J83: Full VR | K83: 45355 | M83: T1200 | N83: 14 | O83: 1.17 | P83: 2.96 | Q83: 3.47 | R83: 3.38 | S83: FALSE | T83: FALSE | U83: FALSE | V83: FALSE
A84: 109374 | B84: Portsmouth Police Dept - NH | C84: 482 | D84: 44 | E84: 66 | F84: 100 | G84: 101 | H84: 111 | I84: T10 | J84: Full VR | K84: 45471 | M84: Direct | N84: 10 | O84: 1.01 | P84: 4.77 | Q84: 4.82 | R84: 4.34 | S84: FALSE | T84: FALSE | U84: FALSE | V84: FALSE
A85: 106587 | B85: Titusville Police Dept - FL | C85: 449 | D85: 26 | E85: 83 | F85: 112 | G85: 114 | H85: 115 | I85: T10 | J85: Full VR | K85: 45582 | L85: 45739 | M85: Direct | N85: 9 | O85: 1.02 | P85: 3.94 | Q85: 4.01 | R85: 3.9 | S85: FALSE | T85: FALSE | U85: FALSE | V85: FALSE
A86: 129179 | B86: Mamaroneck Village Police Dept. - NY | C86: 446 | D86: 34 | E86: 51 | F86: 52 | G86: 12 | H86: 53 | I86: T10 | J86: Full VR | K86: 45470 | M86: Direct | N86: 9 | O86: 0.23 | P86: 37.17 | Q86: 8.58 | R86: 8.42 | S86: FALSE | T86: FALSE | U86: FALSE | V86: FALSE
A87: 108601 | B87: Biloxi Police Dept. - MS | C87: 433 | D87: 408 | E87: 126 | F87: 135 | G87: 58 | H87: 139 | I87: T10 | J87: Full VR | K87: 45646 | L87: 45805 | M87: T1200 | N87: 49 | O87: 0.43 | P87: 7.47 | Q87: 3.21 | R87: 3.12 | S87: FALSE | T87: FALSE | U87: FALSE | V87: FALSE
A88: 108792 | B88: Sarpy County Sheriff's - NE | C88: 432 | D88: 92 | E88: 106 | F88: 100 | G88: 106 | H88: 77 | I88: T10 | J88: Full VR | K88: 45551 | L88: 45644 | M88: T1200 | N88: 11 | O88: 1.06 | P88: 4.08 | Q88: 4.32 | R88: 5.61 | S88: FALSE | T88: FALSE | U88: FALSE | V88: FALSE
A89: 149220 | B89: Hemet Police Department - CA | C89: 427 | D89: 420 | E89: 86 | F89: 100 | G89: 103 | H89: 93 | I89: T10 | J89: Full VR | K89: 45656 | L89: 45799 | M89: Direct | N89: 14 | O89: 1.03 | P89: 4.15 | Q89: 4.27 | R89: 4.59 | S89: FALSE | T89: FALSE | U89: FALSE | V89: FALSE
A90: 179811 | B90: Walker Police Dept. - MI | C90: 406 | D90: 59 | E90: 43 | F90: 43 | G90: 48 | H90: 44 | I90: T10 | J90: Full VR | K90: 45490 | M90: Direct | N90: 13 | O90: 1.12 | P90: 8.46 | Q90: 9.44 | R90: 9.23 | S90: FALSE | T90: FALSE | U90: FALSE | V90: FALSE
A91: 110526 | B91: Wilson Police Department - NC | C91: 403 | D91: 362 | E91: 119 | F91: 125 | G91: 119 | H91: 129 | I91: T10 | J91: Full VR | K91: 45632 | L91: 45748 | M91: T1200 | N91: 10 | O91: 0.95 | P91: 3.39 | Q91: 3.22 | R91: 3.12 | S91: FALSE | T91: FALSE | U91: FALSE | V91: FALSE
A92: 112966 | B92: Missoula Police Dept. - MT | C92: 397 | D92: 52 | E92: 115 | F92: 235 | G92: 2 | H92: 123 | I92: T10 | J92: Full VR | K92: 45646 | M92: T1200 | N92: 52 | O92: 0.01 | P92: 198.5 | Q92: 1.69 | R92: 3.23 | S92: FALSE | T92: FALSE | U92: FALSE | V92: FALSE
A93: 466491 | B93: Chicopee Police Department - MA | C93: 387 | D93: 74 | E93: 128 | F93: 185 | G93: 3 | H93: 139 | I93: T10 | J93: Full VR | K93: 45645 | L93: 45720 | M93: T1200 | N93: 9 | O93: 0.02 | P93: 129 | Q93: 2.09 | R93: 2.78 | S93: FALSE | T93: FALSE | U93: FALSE | V93: FALSE
A94: 105780 | B94: Homestead Police Dept.- FL | C94: 377 | D94: 427 | E94: 135 | F94: 241 | G94: 120 | H94: 62 | I94: T10 | J94: Full VR | K94: 45653 | L94: 45939 | M94: T1200 | N94: 7 | O94: 0.5 | P94: 3.14 | Q94: 1.56 | R94: 6.08 | S94: FALSE | T94: FALSE | U94: FALSE | V94: FALSE
A95: 198611 | B95: Malden Police Department - MA | C95: 369 | D95: 30 | E95: 146 | F95: 105 | G95: 105 | H95: 20 | I95: T10 | J95: Full VR | K95: 45533 | M95: T1200 | N95: 11 | O95: 1 | P95: 3.51 | Q95: 3.51 | R95: 18.45 | S95: FALSE | T95: FALSE | U95: FALSE | V95: FALSE
A96: 113335 | B96: Jeffersonville Police Department - IN | C96: 360 | D96: 17 | E96: 91 | F96: 90 | G96: 84 | H96: 93 | I96: T10 | J96: Full VR | K96: 45469 | M96: Direct | N96: 11 | O96: 0.93 | P96: 4.29 | Q96: 4 | R96: 3.87 | S96: FALSE | T96: FALSE | U96: FALSE | V96: FALSE
A97: 167139 | B97: Fort Mill Police Dept. - SC | C97: 359 | D97: 359 | E97: 55 | F97: 99 | G97: 160 | H97: 0 | I97: T10 | J97: Full VR | K97: 45561 | M97: Direct | N97: 17 | O97: 1.62 | P97: 2.24 | Q97: 3.63 | R97: 0 | S97: FALSE | T97: FALSE | U97: FALSE | V97: FALSE
A98: 107993 | B98: Meridian Police Dept. - ID | C98: 343 | D98: 136 | E98: 124 | F98: 151 | G98: 157 | H98: 98 | I98: T10 | J98: Full VR | K98: 45288 | M98: T1200 | N98: 20 | O98: 1.04 | P98: 2.18 | Q98: 2.27 | R98: 3.5 | S98: FALSE | T98: FALSE | U98: FALSE | V98: FALSE
A99: 110173 | B99: Richmond Hill Police Dept. - GA | C99: 336 | D99: 306 | E99: 34 | F99: 75 | G99: 43 | H99: 42 | I99: T10 | J99: Full VR | K99: 45583 | L99: 45708 | M99: Inside | N99: 53 | O99: 0.57 | P99: 7.81 | Q99: 4.48 | R99: 8 | S99: FALSE | T99: FALSE | U99: FALSE | V99: FALSE
A100: 320923 | B100: Peachtree City Police Dept - GA | C100: 336 | D100: 94 | E100: 64 | F100: 80 | G100: 67 | H100: 82 | I100: T10 | J100: Full VR | K100: 45470 | M100: Direct | N100: 12 | O100: 0.84 | P100: 5.01 | Q100: 4.2 | R100: 4.1 | S100: FALSE | T100: FALSE | U100: FALSE | V100: FALSE
...

Sheet Notables Not Meeting Threshold
A1: Account Number | B1: Account Name | C1: T12 SIM Usage | D1: T6 SIM Completions | E1: Active License Quantity | F1: Footprint Size | G1: Threshold - License | H1: 500+ Events | I1: 750+ Events | J1: 1000+ Events | K1: T6 500+ Events
A2: 108490 | B2: HILLSBOROUGH CO SHERIFF'S OFFICE - FL | C2: 2047 | D2: 33 | E2: 5758 | F2: 2088 | G2: =C2/E2 -> 0.35550538 | H2: =IF(C2>500,TRUE,FALSE) -> TRUE | I2: =IF(C2>750,TRUE,FALSE) -> TRUE | J2: =IF(C2>1000,TRUE,FALSE) -> TRUE | K2: =IF(D2>500,TRUE,FALSE) -> FALSE
A3: 108050 | B3: Metro Nashville Police Department -TN | C3: 1993 | D3: 270 | E3: 1658 | F3: 1400 | G3: =C3/E3 -> 1.2020507 | H3: =IF(C3>500,TRUE,FALSE) -> TRUE | I3: =IF(C3>750,TRUE,FALSE) -> TRUE | J3: =IF(C3>1000,TRUE,FALSE) -> TRUE | K3: =IF(D3>500,TRUE,FALSE) -> FALSE
A4: 328079 | B4: Detroit Police Dept. - MI | C4: 1714 | D4: 328 | E4: 3450 | F4: 96 | G4: =C4/E4 -> 0.49681159 | H4: =IF(C4>500,TRUE,FALSE) -> TRUE | I4: =IF(C4>750,TRUE,FALSE) -> TRUE | J4: =IF(C4>1000,TRUE,FALSE) -> TRUE | K4: =IF(D4>500,TRUE,FALSE) -> FALSE
A5: 108787 | B5: Omaha Police Dept - NE | C5: 869 | D5: 57 | E5: 1231 | F5: 718 | G5: =C5/E5 -> 0.70593014 | H5: =IF(C5>500,TRUE,FALSE) -> TRUE | I5: =IF(C5>750,TRUE,FALSE) -> TRUE | J5: =IF(C5>1000,TRUE,FALSE) -> FALSE | K5: =IF(D5>500,TRUE,FALSE) -> FALSE
A6: 327797 | B6: Philadelphia Police Dept. - PA | C6: 773 | D6: 443 | E6: 9000 | F6: 4184 | G6: =C6/E6 -> 0.085888889 | H6: =IF(C6>500,TRUE,FALSE) -> TRUE | I6: =IF(C6>750,TRUE,FALSE) -> TRUE | J6: =IF(C6>1000,TRUE,FALSE) -> FALSE | K6: =IF(D6>500,TRUE,FALSE) -> FALSE
A7: 106155 | B7: Phoenix Police Dept. - AZ | C7: 745 | D7: 5 | E7: 2850 | F7: 3183 | G7: =C7/E7 -> 0.26140351 | H7: =IF(C7>500,TRUE,FALSE) -> TRUE | I7: =IF(C7>750,TRUE,FALSE) -> FALSE | J7: =IF(C7>1000,TRUE,FALSE) -> FALSE | K7: =IF(D7>500,TRUE,FALSE) -> FALSE
A8: 105702 | B8: Tampa Police Department - FL | C8: 719 | D8: 474 | E8: 1350 | F8: 928 | G8: =C8/E8 -> 0.53259259 | H8: =IF(C8>500,TRUE,FALSE) -> TRUE | I8: =IF(C8>750,TRUE,FALSE) -> FALSE | J8: =IF(C8>1000,TRUE,FALSE) -> FALSE | K8: =IF(D8>500,TRUE,FALSE) -> FALSE
A9: 451087 | B9: Richardson Police Department - TX | C9: 707 | D9: 459 | E9: 955 | F9: 191 | G9: =C9/E9 -> 0.74031414 | H9: =IF(C9>500,TRUE,FALSE) -> TRUE | I9: =IF(C9>750,TRUE,FALSE) -> FALSE | J9: =IF(C9>1000,TRUE,FALSE) -> FALSE | K9: =IF(D9>500,TRUE,FALSE) -> FALSE
A10: 106000 | B10: Atlanta Police Dept. - GA | C10: 645 | D10: 164 | E10: 2337 | F10: 1800 | G10: =C10/E10 -> 0.27599487 | H10: =IF(C10>500,TRUE,FALSE) -> TRUE | I10: =IF(C10>750,TRUE,FALSE) -> FALSE | J10: =IF(C10>1000,TRUE,FALSE) -> FALSE | K10: =IF(D10>500,TRUE,FALSE) -> FALSE
A11: 106346 | B11: Seattle Police Dept. - WA | C11: 644 | D11: 54 | E11: 1200 | F11: 1340 | G11: =C11/E11 -> 0.53666667 | H11: =IF(C11>500,TRUE,FALSE) -> TRUE | I11: =IF(C11>750,TRUE,FALSE) -> FALSE | J11: =IF(C11>1000,TRUE,FALSE) -> FALSE | K11: =IF(D11>500,TRUE,FALSE) -> FALSE
A12: 112305 | B12: Virginia Beach Police Dept. - VA | C12: 642 | D12: 93 | E12: 1626 | F12: 888 | G12: =C12/E12 -> 0.39483395 | H12: =IF(C12>500,TRUE,FALSE) -> TRUE | I12: =IF(C12>750,TRUE,FALSE) -> FALSE | J12: =IF(C12>1000,TRUE,FALSE) -> FALSE | K12: =IF(D12>500,TRUE,FALSE) -> FALSE
A13: 126746 | B13: Mississippi Highway Patrol - MS | C13: 535 | D13: 91 | E13: 516 | F13: 0 | G13: =C13/E13 -> 1.0368217 | H13: =IF(C13>500,TRUE,FALSE) -> TRUE | I13: =IF(C13>750,TRUE,FALSE) -> FALSE | J13: =IF(C13>1000,TRUE,FALSE) -> FALSE | K13: =IF(D13>500,TRUE,FALSE) -> FALSE
... A18: 119697 | B18: Pasadena Police Dept. - TX | C18: 353 | D18: 348 | E18: 425 | F18: 3 | G18: =C18/E18 -> 0.83058824 | H18: =IF(C18>500,TRUE,FALSE) -> FALSE | I18: =IF(C18>750,TRUE,FALSE) -> FALSE | J18: =IF(C18>1000,TRUE,FALSE) -> FALSE | K18: =IF(D18>500,TRUE,FALSE) -> FALSE
A19: CA0115409 | B19: Peel Regional Police Service - CAN | C19: 337 | D19: 337 | E19: 750 | F19: 2119 | G19: =C19/E19 -> 0.44933333 | H19: =IF(C19>500,TRUE,FALSE) -> FALSE | I19: =IF(C19>750,TRUE,FALSE) -> FALSE | J19: =IF(C19>1000,TRUE,FALSE) -> FALSE | K19: =IF(D19>500,TRUE,FALSE) -> FALSE

Sheet All Agencies
A1: Account Number | B1: Account Name | C1: T12 SIM Usage | D1: T6 SIM Completions | E1: Number of Officers | F1: Active License Quantity | G1: Footprint Size | H1: Total CEWs | I1: TASER Type | J1: Active License Type | K1: VR HW Purchase Date | L1: First PSO Start Date | M1: Account Line Size | N1: Time as Customer
A2: 114601 | B2: Baltimore County Police Dept. - MD | C2: 5255 | D2: 5055 | E2: 1856 | F2: 1703 | G2: 2194 | H2: 1136 | I2: T10 | J2: Full VR | K2: 45621 | L2: 45720 | M2: Major | N2: 10
A3: 105469 | B3: San Bernardino County Sheriff's Dept. - CA | C3: 4462 | D3: 1025 | E3: 2385 | F3: 1000 | G3: 950 | H3: 2066 | I3: T10 | J3: Full VR | K3: 45596 | L3: 45713 | M3: Major | N3: 10
A4: 116660 | B4: Albuquerque Police Dept. - NM | C4: 3166 | D4: 2807 | E4: 997 | F4: 1260 | G4: 1335 | H4: 2480 | I4: T10 | J4: Full VR | K4: 45195 | L4: 45737 | M4: Major | N4: 10
A5: 108541 | B5: Maryland State Police - MD | C5: 3055 | D5: 1543 | E5: 1441 | F5: 750 | G5: 2325 | H5: 800 | I5: T10 | J5: Full VR | K5: 45258 | L5: 45694 | M5: Major | N5: 11
A6: 114073 | B6: Texas Department of Public Safety - TX | C6: 2998 | D6: 2402 | E6: 4060 | F6: 2750 | G6: 1328 | H6: 3875 | I6: T10 | J6: Full VR | K6: 45392 | L6: 45762 | M6: Major | N6: 12
A7: 113118 | B7: Oklahoma City Police Dept. - OK | C7: 2744 | D7: 780 | E7: 1141 | F7: 700 | G7: 1458 | H7: 723 | I7: T10 | J7: Full VR | K7: 45580 | M7: Major | N7: 49
A8: 105785 | B8: Fort Worth Police Department - TX | C8: 2323 | D8: 2003 | E8: 1717 | F8: 3861 | G8: 1993 | H8: 1904 | I8: T10 | J8: Full VR | K8: 45048 | M8: Major | N8: 45
A9: 108658 | B9: Travis County Sheriff's Office - TX | C9: 2220 | D9: 2304 | E9: 1198 | F9: 763 | G9: 1532 | H9: 761 | I9: T10 | J9: Full VR | K9: 45726 | L9: 45797 | M9: Major | N9: 6
A10: 124496 | B10: Pittsburgh Bureau of Police - PA | C10: 2215 | D10: 270 | E10: 965 | F10: 900 | G10: 992 | H10: 930 | I10: T10 | J10: Full VR | K10: 45107 | M10: Major | N10: 28
A11: 107750 | B11: New Mexico Dept. of Public Safety - NM | C11: 2186 | D11: 163 | E11: 682 | F11: 715 | G11: 745 | H11: 620 | I11: T10 | J11: Full VR | K11: 45184 | M11: Major | N11: 25
A12: 113410 | B12: Anaheim Police Dept. - CA | C12: 2079 | D12: 50 | E12: 385 | F12: 457 | G12: 552 | H12: 428 | I12: T10 | J12: Full VR | K12: 45656 | M12: T1200 | N12: 34
A13: 108490 | B13: HILLSBOROUGH CO SHERIFF'S OFFICE - FL | C13: 2047 | D13: 33 | E13: 1238 | F13: 5758 | G13: 2088 | H13: 3665 | I13: T10 | J13: Full VR | K13: 45473 | M13: Major | N13: 11
A14: 108053 | B14: Williamson County Sheriff's Office - TN | C14: 1995 | D14: 1321 | E14: 199 | F14: 243 | G14: 3 | H14: 302 | I14: T10 | J14: Full VR | K14: 45461 | M14: T1200 | N14: 40
A15: 108050 | B15: Metro Nashville Police Department -TN | C15: 1993 | D15: 270 | E15: 1508 | F15: 1658 | G15: 1400 | H15: 1713 | I15: T10 | J15: Full VR | K15: 45470 | M15: Major | N15: 44
A16: 108467 | B16: Charlotte County Sheriff's Office - FL | C16: 1961 | D16: 2152 | E16: 445 | F16: 488 | G16: 230 | H16: 411 | I16: T10 | J16: Full VR | K16: 45686 | L16: 45792 | M16: T1200 | N16: 6
A17: 109182 | B17: Metropolitan Transportation Authority PD - NY | C17: 1940 | D17: 1158 | E17: 695 | F17: 2095 | G17: 1156 | H17: 1033 | I17: T 7 | J17: Full VR | K17: 45273 | M17: Major | N17: 48
A18: 110010 | B18: Palm Beach County Sheriff's Office - FL | C18: 1919 | D18: 1088 | E18: 2170 | F18: 1739 | G18: 2000 | H18: 1239 | I18: T 7 | J18: Full VR | K18: 45273 | L18: 46007 | M18: Major | N18: 35
A19: 109245 | B19: Clay County Sheriff's Office - FL | C19: 1910 | D19: 1910 | E19: 408 | F19: 350 | G19: 426 | H19: 663 | I19: T10 | J19: Full VR | K19: 45688 | L19: 45848 | M19: T1200 | N19: 4
A20: 175721 | B20: Boston Police Dept. - MA | C20: 1854 | D20: 861 | E20: 2119 | F20: 1570 | G20: 2200 | H20: 1622 | I20: T10 | J20: Full VR | K20: 45260 | L20: 45692 | M20: Major | N20: 23
A21: 110619 | B21: Joliet Police Dept. - IL | C21: 1781 | D21: 1260 | E21: 286 | F21: 286 | G21: 375 | H21: 295 | I21: T10 | J21: Full VR | K21: 45261 | M21: T1200 | N21: 57
A22: 106522 | B22: Hamilton County Sheriff's Office - OH | C22: 1775 | D22: 1775 | E22: 1027 | F22: 626 | G22: 690 | H22: 712 | I22: T10 | J22: Full VR | K22: 45623 | M22: Major | N22: 7
A23: 123242 | B23: Whitfield County Sheriff's Office - GA | C23: 1737 | D23: 1128 | E23: 171 | F23: 430 | G23: 117 | H23: 154 | I23: T10 | J23: Full VR | K23: 45827 | M23: T1200 | N23: 3
A24: 106936 | B24: Charlotte - Mecklenburg Police Dept. - NC | C24: 1728 | D24: 202 | E24: 1760 | F24: 1750 | G24: 2010 | H24: 12 | I24: T 7 | J24: Full VR | K24: 45239 | M24: Major | N24: 43
A25: 328079 | B25: Detroit Police Dept. - MI | C25: 1714 | D25: 328 | E25: 2527 | F25: 3450 | G25: 96 | H25: 2583 | I25: T10 | J25: Full VR | K25: 45267 | M25: Major | N25: 22
A26: 302836 | B26: San Bernardino County Probation Dept. - CA | C26: 1682 | D26: 1682 | E26: 503 | F26: 505 | G26: 8 | H26: 516 | I26: T10 | J26: Full VR | K26: 45720 | L26: 45832 | M26: Major | N26: 7
A27: 124615 | B27: Auburn Police Dept - AL | C27: 1680 | D27: 1364 | E27: 148 | F27: 120 | G27: 148 | H27: 124 | I27: T10 | J27: Full VR | K27: 45532 | M27: T1200 | N27: 51
A28: 110637 | B28: Shreveport Police Dept - LA | C28: 1595 | D28: 570 | E28: 531 | F28: 480 | G28: 505 | H28: 465 | I28: T10 | J28: Full VR | K28: 45289 | M28: T1200 | N28: 16
A29: 323664 | B29: Louisiana Department of Corrections - LA | C29: 1531 | D29: 1398 | E29: 611 | F29: 1335 | G29: 1240 | H29: 973 | I29: T10 | J29: Full VR | K29: 45655 | L29: 45747 | M29: Major | N29: 12
A30: 128775 | B30: Brevard County Sheriff's Office - FL | C30: 1498 | D30: 420 | E30: 586 | F30: 586 | G30: 12 | H30: 605 | I30: T10 | J30: Full VR | K30: 45469 | M30: Major | N30: 12
A31: 107092 | B31: Seminole County Sheriff's Office - FL | C31: 1468 | D31: 1356 | E31: 701 | F31: 750 | G31: 570 | H31: 567 | I31: T10 | J31: Full VR | K31: 45194 | M31: Major | N31: 38
A32: 109479 | B32: Naperville Police Dept. - IL | C32: 1427 | D32: 81 | E32: 199 | F32: 265 | G32: 205 | H32: 206 | I32: T10 | J32: Full VR | K32: 45561 | L32: 45694 | M32: T1200 | N32: 9
A33: 112474 | B33: Pinellas County Sheriff's Office - FL | C33: 1424 | D33: 895 | E33: 1422 | F33: 1110 | G33: 950 | H33: 1146 | I33: T10 | J33: Full VR | K33: 45288 | M33: Major | N33: 22
A34: 110958 | B34: Walton County Sheriff's Office - GA | C34: 1420 | D34: 1351 | E34: 167 | F34: 250 | G34: 5 | H34: 206 | I34: T10 | J34: Full VR | K34: 45616 | L34: 45702 | M34: T1200 | N34: 9
A35: 105526 | B35: Baltimore City Police Dept - MD | C35: 1345 | D35: 436 | E35: 2530 | F35: 1200 | G35: 2836 | H35: 1240 | I35: T 7 | J35: Full VR | K35: 45273 | M35: Major | N35: 24
A36: 109160 | B36: North Carolina State Highway Patrol - NC | C36: 1320 | D36: 970 | E36: 1715 | F36: 1450 | G36: 120 | H36: 1585 | I36: T10 | J36: Full VR | K36: 45230 | M36: Major | N36: 33
A37: 106524 | B37: Weld County Sheriff's Office - CO | C37: 1297 | D37: 207 | E37: 82 | F37: 329 | G37: 335 | H37: 259 | I37: T10 | J37: Full VR | K37: 45637 | L37: 45728 | M37: Direct | N37: 9
A38: 107824 | B38: Jefferson County Sheriff's Office - CO | C38: 1273 | D38: 987 | E38: 667 | F38: 705 | G38: 565 | H38: 361 | I38: T10 | J38: Full VR | K38: 45642 | L38: 45742 | M38: Major | N38: 10
A39: 106338 | B39: Oregon State Police - OR | C39: 1269 | D39: 1269 | E39: 681 | F39: 750 | G39: 895 | H39: 775 | I39: T10 | J39: Full VR | K39: 45775 | L39: 45881 | M39: Major | N39: 4
A40: 111064 | B40: Lake County Sheriff's Office - FL | C40: 1264 | D40: 1017 | E40: 470 | F40: 933 | G40: 327 | H40: 453 | I40: T10 | J40: Full VR | K40: 45373 | M40: T1200 | N40: 18
A41: 111178 | B41: St. Charles Police Dept. - MO | C41: 1154 | D41: 1154 | E41: 113 | F41: 265 | G41: 105 | H41: 131 | I41: T10 | J41: Full VR | K41: 45740 | L41: 45853 | M41: T1200 | N41: 6
A42: 313790 | B42: Tuscaloosa Police Dept. - AL | C42: 1119 | D42: 48 | E42: 289 | F42: 150 | G42: 295 | H42: 155 | I42: T10 | J42: Full VR | K42: 45560 | L42: 45615 | M42: T1200 | N42: 13
A43: 109867 | B43: Manatee County Sheriff's Office - FL | C43: 1119 | D43: 1118 | E43: 723 | F43: 1630 | G43: 558 | H43: 826 | I43: T10 | J43: Full VR | K43: 45744 | L43: 45868 | M43: Major | N43: 11
A44: 106569 | B44: Washoe County Sheriff's Office - NV | C44: 1101 | D44: 378 | E44: 440 | F44: 0 | G44: 407 | H44: 444 | I44: T 7 | J44: Full VR | K44: 45623 | M44: T1200 | N44: 45
A45: 109291 | B45: Boulder Police Dept. - CO | C45: 1070 | D45: 1051 | E45: 182 | F45: 600 | G45: 210 | H45: 206 | I45: T10 | J45: Full VR | K45: 45870 | L45: 45912 | M45: T1200 | N45: 22
A46: 106715 | B46: Terrebonne Parish Sheriff's Office - LA | C46: 1070 | D46: 726 | E46: 275 | F46: 136 | G46: 186 | H46: 140 | I46: T10 | J46: Full VR | K46: 45194 | M46: T1200 | N46: 19
A47: 408831 | B47: Santa Clara County Sheriff's Office - CA | C47: 1060 | D47: 541 | E47: 1285 | F47: 1275 | G47: 0 | H47: 77 | I47: T10 | J47: Full VR | K47: 45616 | L47: 45659 | M47: Major | N47: 12
A48: 511036 | B48: Will County Sheriff Office Enforcement - IL | C48: 1056 | D48: 1040 | E48: 233 | F48: 240 | G48: 231 | H48: 248 | I48: T10 | J48: Full VR | K48: 45266 | M48: T1200 | N48: 21
A49: 107831 | B49: East Baton Rouge Parish Sheriff's Dept. - LA | C49: 1045 | D49: 1039 | E49: 724 | F49: 700 | G49: 402 | H49: 309 | I49: T 7 | J49: Full VR | K49: 45645 | M49: Major | N49: 47
A50: 165629 | B50: Richmond Police Dept. - VA | C50: 1006 | D50: 869 | E50: 700 | F50: 550 | G50: 535 | H50: 490 | I50: T 7 | J50: Full VR | K50: 45272 | M50: Major | N50: 47
A51: 107124 | B51: Lincoln Police Department - NE | C51: 993 | D51: 341 | E51: 341 | F51: 330 | G51: 327 | H51: 343 | I51: T10 | J51: Full VR | K51: 45169 | M51: T1200 | N51: 34
A52: 141269 | B52: Grand Rapids Police Dept. - MI | C52: 969 | D52: 87 | E52: 305 | F52: 300 | G52: 314 | H52: 310 | I52: T10 | J52: Full VR | K52: 45278 | M52: T1200 | N52: 21
A53: 197700 | B53: Roswell Police Dept. - GA | C53: 955 | D53: 874 | E53: 142 | F53: 168 | G53: 170 | H53: 173 | I53: T10 | J53: Full VR | K53: 45656 | L53: 45768 | M53: T1200 | N53: 9
A54: 106669 | B54: Olmsted County Sheriff's Office - MN | C54: 952 | D54: 259 | E54: 168 | F54: 83 | G54: 200 | H54: 188 | I54: T10 | J54: Full VR | K54: 45565 | L54: 45680 | M54: T1200 | N54: 11
A55: 112129 | B55: Leon County Sheriff's Dept. - FL | C55: 912 | D55: 334 | E55: 538 | F55: 473 | G55: 538 | H55: 488 | I55: T10 | J55: Full VR | K55: 45063 | M55: T1200 | N55: 25
A56: 106698 | B56: Kent Police Dept. - WA | C56: 903 | D56: 376 | E56: 155 | F56: 169 | G56: 78 | H56: 171 | I56: T10 | J56: Full VR | K56: 45548 | L56: 45748 | M56: T1200 | N56: 37
A57: 108787 | B57: Omaha Police Dept - NE | C57: 869 | D57: 57 | E57: 869 | F57: 1231 | G57: 718 | H57: 645 | I57: T10 | J57: Full VR | K57: 45554 | L57: 45694 | M57: Major | N57: 12
A58: 309995 | B58: Huntsville Police Department - AL | C58: 868 | D58: 120 | E58: 444 | F58: 450 | G58: 458 | H58: 464 | I58: T10 | J58: Full VR | K58: 45581 | L58: 45638 | M58: T1200 | N58: 10
A59: 303223 | B59: Michigan Department of Natural Resources | C59: 856 | D59: 236 | E59: 222 | F59: 232 | G59: 247 | H59: 279 | I59: T10 | J59: Full VR | K59: 45043 | M59: T1200 | N59: 33
A60: 471191 | B60: Saint John Parish Sheriff's Office - LA | C60: 817 | D60: 155 | E60: 250 | F60: 365 | G60: 239 | H60: 180 | I60: T10 | J60: Full VR | K60: 45455 | M60: T1200 | N60: 10
A61: 113111 | B61: Pinellas Park Police Dept - FL | C61: 794 | D61: 777 | E61: 106 | F61: 225 | G61: 117 | H61: 118 | I61: T 7 | J61: Full VR | K61: 45644 | L61: 45771 | M61: T1200 | N61: 9
A62: 327797 | B62: Philadelphia Police Dept. - PA | C62: 773 | D62: 443 | E62: 6356 | F62: 9000 | G62: 4184 | H62: 4650 | I62: T10 | J62: Full VR | K62: 45595 | M62: Major | N62: 10
A63: 119937 | B63: New Castle County Police Dept. - DE | C63: 769 | D63: 31 | E63: 367 | F63: 385 | G63: 377 | H63: 397 | I63: T10 | J63: Full VR | K63: 45154 | M63: T1200 | N63: 27
A64: CA0115465 | B64: Barrie Police Service | C64: 753 | D64: 51 | E64: 240 | F64: 155 | G64: 322 | H64: 186 | I64: T10 | J64: Full VR | K64: 45617 | M64: T1200 | N64: 17
A65: 325338 | B65: Lee County Sheriff's Office - AL | C65: 749 | D65: 380 | E65: 146 | F65: 214 | G65: 20 | H65: 186 | I65: T10 | J65: Full VR | K65: 45509 | M65: T1200 | N65: 13
A66: 106155 | B66: Phoenix Police Dept. - AZ | C66: 745 | D66: 5 | E66: 2903 | F66: 2850 | G66: 3183 | H66: 2975 | I66: T10 | J66: Full VR | K66: 45327 | M66: Major | N66: 8
A67: 187670 | B67: Pender County Sheriff's Office - NC | C67: 744 | D67: 339 | E67: 80 | F67: 105 | G67: 75 | H67: 62 | I67: T10 | J67: Full VR | K67: 45481 | M67: Direct | N67: 12
A68: 107619 | B68: Coral Springs Police Dept. - FL | C68: 740 | D68: 524 | E68: 223 | F68: 255 | G68: 255 | H68: 242 | I68: T10 | J68: Full VR | K68: 45462 | M68: T1200 | N68: 13
A69: 107989 | B69: Ada County Sheriff's Office - ID | C69: 732 | D69: 391 | E69: 336 | F69: 255 | G69: 236 | H69: 263 | I69: T10 | J69: Full VR | K69: 45595 | L69: 45699 | M69: T1200 | N69: 10
A70: 321833 | B70: Fort Collins Police Services - CO | C70: 729 | D70: 68 | E70: 213 | F70: 250 | G70: 206 | H70: 245 | I70: T10 | J70: Full VR | K70: 45649 | L70: 45701 | M70: T1200 | N70: 10
A71: 107794 | B71: Metropolitan Transit Authority of Harris County - TX | C71: 729 | D71: 452 | E71: 259 | F71: 274 | G71: 250 | H71: 282 | I71: T10 | J71: Full VR | K71: 45180 | M71: T1200 | N71: 25
A72: 115314 | B72: Jefferson County Sheriff's Office - AL | C72: 728 | D72: 277 | E72: 475 | F72: 450 | G72: 487 | H72: 465 | I72: T10 | J72: Full VR | K72: 45233 | M72: T1200 | N72: 25
A73: 155263 | B73: Burbank Police Dept. - CA | C73: 720 | D73: 586 | E73: 148 | F73: 178 | G73: 154 | H73: 168 | I73: T10 | J73: Full VR | K73: 45470 | M73: T1200 | N73: 14
A74: 105702 | B74: Tampa Police Department - FL | C74: 719 | D74: 474 | E74: 924 | F74: 1350 | G74: 928 | H74: 762 | I74: T10 | J74: Full VR | K74: 45653 | L74: 45748 | M74: Major | N74: 11
A75: 186872 | B75: Pasco Police Dept. - WA | C75: 718 | D75: 258 | E75: 112 | F75: 176 | G75: 98 | H75: 101 | I75: T10 | J75: Full VR | K75: 45560 | L75: 45706 | M75: T1200 | N75: 9
A76: 532247 | B76: National Commissioner of the Icelandic Police | C76: 708 | D76: 541 | E76: 400 | F76: 480 | G76: 703 | H76: 237 | I76: T10 | J76: Full VR | K76: 45056 | M76: T1200 | N76: 24
A77: 451087 | B77: Richardson Police Department - TX | C77: 707 | D77: 459 | E77: 163 | F77: 955 | G77: 191 | H77: 160 | I77: T10 | J77: Full VR | K77: 45610 | L77: 45708 | M77: T1200 | N77: 11
A78: 157071 | B78: Bloomington Police Dept. - MN | C78: 674 | D78: 641 | E78: 112 | F78: 140 | G78: 151 | H78: 148 | I78: T10 | J78: Full VR | K78: 45628 | L78: 45748 | M78: T1200 | N78: 34
A79: 305896 | B79: Scranton Police Dept. - PA | C79: 668 | D79: 573 | E79: 120 | F79: 130 | G79: 152 | H79: 134 | I79: T10 | J79: Full VR | K79: 45644 | L79: 45797 | M79: T1200 | N79: 8
A80: 187999 | B80: Network Sanford Health Security Department - Fargo - ND | C80: 657 | D80: 143 | E80: 26 | F80: 30 | G80: 0 | H80: 30 | I80: T 7 | J80: Full VR | K80: 45380 | M80: Inside | N80: 20
A81: 497705 | B81: Ohio Dept of Rehabilitation and Correction | C81: 654 | D81: 537 | E81: 12000 | F81: -5649 | G81: 5115 | H81: 3202 | I81: T10 | J81: Full VR | K81: 45699 | M81: Major | N81: 6
A82: 110600 | B82: Flagler County Sheriff's Office - FL | C82: 647 | D82: 542 | E82: 248 | F82: 262 | G82: 255 | H82: 270 | I82: T10 | J82: Full VR | K82: 45565 | L82: 45677 | M82: T1200 | N82: 10
A83: 106000 | B83: Atlanta Police Dept. - GA | C83: 645 | D83: 164 | E83: 1657 | F83: 2337 | G83: 1800 | H83: 2414 | I83: T10 | J83: Full VR | K83: 45436 | M83: Major | N83: 33
A84: 106346 | B84: Seattle Police Dept. - WA | C84: 644 | D84: 54 | E84: 1282 | F84: 1200 | G84: 1340 | H84: 877 | I84: T10 | J84: Full VR | K84: 45106 | M84: Major | N84: 47
A85: 112305 | B85: Virginia Beach Police Dept. - VA | C85: 642 | D85: 93 | E85: 754 | F85: 1626 | G85: 888 | H85: 577 | I85: T10 | J85: Full VR | K85: 45471 | M85: Major | N85: 52
A86: 109269 | B86: North Miami Police Dept - FL | C86: 636 | D86: 608 | E86: 116 | F86: 120 | G86: 140 | H86: 124 | I86: T10 | J86: Full VR | K86: 45369 | M86: T1200 | N86: 48
A87: 445108 | B87: Alexandria Police Dept. - VA | C87: 629 | D87: 215 | E87: 305 | F87: 349 | G87: 298 | H87: 781 | I87: T 7 | J87: Full VR | K87: 45347 | M87: T1200 | N87: 37
A88: 107741 | B88: Arizona Department of Corrections - AZ | C88: 613 | D88: 613 | E88: 1000 | F88: 1466 | G88: 1651 | H88: 724 | I88: T10 | J88: Full VR | K88: 45776 | L88: 45848 | M88: Major | N88: 6
A89: 107969 | B89: Lower Merion Twp Police Dept. - PA | C89: 608 | D89: 239 | E89: 130 | F89: 136 | G89: 7 | H89: 31 | I89: T10 | J89: Full VR | K89: 45618 | L89: 45741 | M89: T1200 | N89: 9
A90: 107272 | B90: Lincoln County Sheriff's Office - NC | C90: 594 | D90: 580 | E90: 196 | F90: 370 | G90: 130 | H90: 247 | I90: T10 | J90: Full VR | K90: 45639 | M90: T1200 | N90: 18
A91: 107101 | B91: Plantation Police Dept. - FL | C91: 589 | D91: 615 | E91: 175 | F91: 181 | G91: 1 | H91: 187 | I91: T10 | J91: Full VR | K91: 45810 | L91: 45937 | M91: T1200 | N91: 2
A92: 446518 | B92: Spokane Police Dept. - WA | C92: 580 | D92: 511 | E92: 338 | F92: 343 | G92: 344 | H92: 352 | I92: T10 | J92: Full VR | K92: 45693 | M92: T1200 | N92: 40
A93: 126746 | B93: Mississippi Highway Patrol - MS | C93: 535 | D93: 91 | E93: 675 | F93: 516 | G93: 0 | H93: 564 | I93: T10 | J93: Full VR | K93: 45539 | L93: 45609 | M93: Major | N93: 13
A94: 132851 | B94: Austin Police Dept. - TX | C94: 534 | D94: 291 | E94: 1743 | F94: 2 | G94: 0 | H94: 126 | I94: T10 | J94: CET Only (Legacy) | K94: 45055 | M94: Major | N94: 31
A95: 108237 | B95: Pueblo County Sheriff's Office - CO | C95: 525 | D95: 181 | E95: 394 | F95: 111 | G95: 131 | H95: 155 | I95: T10 | J95: Full VR | K95: 45545 | M95: T1200 | N95: 22
A96: 106711 | B96: Columbia County Sheriff's Office - FL | C96: 525 | D96: 525 | E96: 154 | F96: 135 | G96: 171 | H96: 139 | I96: T10 | J96: Taser Skills | K96: 45688 | M96: T1200 | N96: 6
A97: 106297 | B97: Springfield Police Department - MO | C97: 523 | D97: 27 | E97: 325 | F97: 235 | G97: 296 | H97: 242 | I97: T10 | J97: Full VR | K97: 45279 | M97: T1200 | N97: 21
A98: 110404 | B98: Boca Raton Police Dept - FL | C98: 522 | D98: 457 | E98: 208 | F98: 227 | G98: 248 | H98: 11 | I98: T10 | J98: Full VR | K98: 45597 | L98: 45637 | M98: T1200 | N98: 10
A99: 106528 | B99: Port of Seattle Police Dept. - WA | C99: 518 | D99: 510 | E99: 109 | F99: 150 | G99: 120 | H99: 155 | I99: T10 | J99: Full VR | K99: 45657 | L99: 45784 | M99: T1200 | N99: 7
A100: 111124 | B100: Leander Police Dept. - TX | C100: 515 | D100: 479 | E100: 54 | F100: 145 | G100: 88 | H100: 89 | I100: T10 | J100: Full VR | K100: 45429 | M100: Direct | N100: 60
...

Sheet Ceiling Agencies
A1: Account Number | B1: Account Name | C1: T12 SIM Usage | D1: T6 SIM Completions | E1: Active License Quantity | F1: Footprint Size | G1: Total T10 CEWs | H1: Time as Customer | I1: Threshold - Footprint | J1: Threshold - License | K1: Threshold - CEW | L1: 500+ Events | M1: 750+ Events | N1: 1000+ Events | O1: T6 500+ Events
A2: 114073 | B2: Texas Department of Public Safety - TX | C2: 2998 | D2: 2402 | E2: 2750 | F2: 1328 | G2: 3875 | H2: 12 | I2: 2.2575301 | J2: 1.0901818 | K2: 0.77367742 | L2: TRUE | M2: TRUE | N2: TRUE | O2: TRUE
A3: 105785 | B3: Fort Worth Police Department - TX | C3: 2323 | D3: 2003 | E3: 3861 | F3: 1993 | G3: 1904 | H3: 45 | I3: 1.1655795 | J3: 0.6016576 | K3: 1.220063 | L3: TRUE | M3: TRUE | N3: TRUE | O3: TRUE
A4: 175721 | B4: Boston Police Dept. - MA | C4: 1854 | D4: 861 | E4: 1570 | F4: 2200 | G4: 1622 | H4: 23 | I4: 0.84272727 | J4: 1.1808917 | K4: 1.1430333 | L4: TRUE | M4: TRUE | N4: TRUE | O4: TRUE
A5: 323664 | B5: Louisiana Department of Corrections - LA | C5: 1531 | D5: 1398 | E5: 1335 | F5: 1240 | G5: 973 | H5: 12 | I5: 1.2346774 | J5: 1.1468165 | K5: 1.5734841 | L5: TRUE | M5: TRUE | N5: TRUE | O5: TRUE
A6: 112474 | B6: Pinellas County Sheriff's Office - FL | C6: 1424 | D6: 895 | E6: 1110 | F6: 950 | G6: 1146 | H6: 22 | I6: 1.4989474 | J6: 1.2828829 | K6: 1.2425829 | L6: TRUE | M6: TRUE | N6: TRUE | O6: TRUE
A7: 109160 | B7: North Carolina State Highway Patrol - NC | C7: 1320 | D7: 970 | E7: 1450 | F7: 120 | G7: 1585 | H7: 33 | I7: 11 | J7: 0.91034483 | K7: 0.83280757 | L7: TRUE | M7: TRUE | N7: TRUE | O7: TRUE
A8: 111064 | B8: Lake County Sheriff's Office - FL | C8: 1264 | D8: 1017 | E8: 933 | F8: 327 | G8: 453 | H8: 18 | I8: 3.8654434 | J8: 1.3547696 | K8: 2.790287 | L8: TRUE | M8: TRUE | N8: TRUE | O8: TRUE
A9: 109867 | B9: Manatee County Sheriff's Office - FL | C9: 1119 | D9: 1118 | E9: 1630 | F9: 558 | G9: 826 | H9: 11 | I9: 2.0053763 | J9: 0.68650307 | K9: 1.3547215 | L9: TRUE | M9: TRUE | N9: TRUE | O9: TRUE
A10: 408831 | B10: Santa Clara County Sheriff's Office - CA | C10: 1060 | D10: 541 | E10: 1275 | F10: 0 | G10: 77 | H10: 12 | I10: 0 | J10: 0.83137255 | K10: 13.766234 | L10: TRUE | M10: TRUE | N10: TRUE | O10: TRUE
A11: 532247 | B11: National Commissioner of the Icelandic Police | C11: 708 | D11: 541 | E11: 480 | F11: 703 | G11: 237 | H11: 24 | I11: 1.0071124 | J11: 1.475 | K11: 2.9873418 | L11: TRUE | M11: FALSE | N11: FALSE | O11: TRUE
A12: 497705 | B12: Ohio Dept of Rehabilitation and Correction | C12: 654 | D12: 537 | E12: -5649 | F12: 5115 | G12: 3202 | H12: 6 | I12: 0.12785924 | J12: -0.1157727 | K12: 0.20424735 | L12: TRUE | M12: FALSE | N12: FALSE | O12: TRUE
A13: 107741 | B13: Arizona Department of Corrections - AZ | C13: 613 | D13: 613 | E13: 1466 | F13: 1651 | G13: 724 | H13: 6 | I13: 0.37129013 | J13: 0.41814461 | K13: 0.84668508 | L13: TRUE | M13: FALSE | N13: FALSE | O13: TRUE
... A26: 126746 | B26: Mississippi Highway Patrol - MS | C26: 535 | D26: 91 | E26: 516 | F26: 0 | G26: 564 | H26: 13 | I26: 0 | J26: 1.0368217 | K26: 0.94858156 | L26: TRUE | M26: FALSE | N26: FALSE | O26: FALSE
A29: Color | B29: Definition | C29: Cohort Points
A30: Green | B30: Meets T12 1000+ and T6 500+ | C30: 8716
A31: Blue | B31: Meets T12 500+ and T6 500+ | C31: 8548
A32: Yellow | B32: Meets T12 1000+ but not T6 500+ | C32: 3584
A33: Red | B33: Meets T12 500+ but not T6 500+ | C33: 13232

Sheet VR License Discrepancy
A1: Account Number | B1: Account Name | C1: T12 SIM Usage | D1: Number of Officers | E1: Active License Quantity | F1: Footprint Size | G1: Total T10 CEWs | H1: License : CEW | I1: License : Footprint | J1: Implication
A2: 478409 | B2: Pennsylvania DOC and Parole | C2: 313 | D2: 630 | E2: 26 | F2: 0 | G2: 1054 | H2: 0.025 | I2: =E2/F2 -> #DIV/0! | J2: Undercounting / Need Footprint
A3: 463524 | B3: BR DF Departamento de Transito do Distrito Federal - DETRAN-DF | C3: 0 | E3: 3 | F3: 0 | G3: 279 | H3: 0.011 | I3: =E3/F3 -> #DIV/0! | J3: Undercounting / Need Footprint
A4: 579350 | B4: BR PE SSP Secretaria de Seguran√ßa P√∫blica de Pernambuco | C4: 0 | E4: 3 | F4: 0 | G4: 515 | H4: 0.006 | I4: =E4/F4 -> #DIV/0! | J4: Undercounting / Need Footprint
A5: 462933 | B5: Indianapolis Metro Police Dept. - IN | C5: 98 | D5: 1659 | E5: 5 | F5: 0 | G5: 1240 | H5: 0.004 | I5: =E5/F5 -> #DIV/0! | J5: Undercounting / Need Footprint
A6: 515345 | B6: BR SC PMSC POL√çCIA MILITAR DE SANTA CATARINA | C6: 0 | D6: 11000 | E6: 3 | F6: 0 | G6: 738 | H6: 0.004 | I6: =E6/F6 -> #DIV/0! | J6: Undercounting / Need Footprint
A7: 581148 | B7: BR SC POL√çCIA PENAL DE SANTA CATARINA ‚Äì PPSC | C7: 0 | E7: 1 | F7: 0 | G7: 258 | H7: 0.004 | I7: =E7/F7 -> #DIV/0! | J7: Undercounting / Need Footprint
A8: 537752 | B8: BR PB Secretaria de Estado da Seguran√ßa e da Defesa Social da Para√≠ba | C8: 0 | E8: 1 | F8: 0 | G8: 567 | H8: 0.002 | I8: =E8/F8 -> #DIV/0! | J8: Undercounting / Need Footprint
A9: 109244 | B9: Osceola County Sheriff's Office - FL | C9: 23 | D9: 493 | E9: 384 | F9: 532 | G9: 566 | H9: 0.678 | I9: =E9/F9 -> 0.72180451 | J9: Undercounting
A10: 111009 | B10: Citrus County Sheriff's Office - FL | C10: 76 | D10: 222 | E10: 115 | F10: 178 | G10: 237 | H10: 0.485 | I10: =E10/F10 -> 0.64606742 | J10: Undercounting
A11: 115425 | B11: Yakima Police Dept. - WA | C11: 235 | D11: 147 | E11: 85 | F11: 138 | G11: 170 | H11: 0.5 | I11: =E11/F11 -> 0.61594203 | J11: Undercounting
A12: 126256 | B12: Sedgwick County Sheriff's Office - KS | C12: 278 | D12: 351 | E12: 119 | F12: 211 | G12: 199 | H12: 0.598 | I12: =E12/F12 -> 0.56398104 | J12: Undercounting
A13: 106669 | B13: Olmsted County Sheriff's Office - MN | C13: 952 | D13: 168 | E13: 83 | F13: 200 | G13: 188 | H13: 0.441 | I13: =E13/F13 -> 0.415 | J13: Undercounting
A14: CA0115409 | B14: Peel Regional Police Service - CAN | C14: 337 | D14: 2124 | E14: 750 | F14: 2119 | G14: 2480 | H14: 0.302 | I14: =E14/F14 -> 0.35394054 | J14: Undercounting
A15: CA0115761 | B15: The City of Edmonton | C15: 115 | D15: 1921 | E15: 280 | F15: 1800 | G15: 464 | H15: 0.603 | I15: =E15/F15 -> 0.15555556 | J15: Undercounting
A16: 124583 | B16: Louisiana State Police - LA | C16: 50 | D16: 1157 | E16: 150 | F16: 1150 | G16: 1378 | H16: 0.109 | I16: =E16/F16 -> 0.13043478 | J16: Undercounting
A17: 124832 | B17: New Hanover Sheriff's Office - NC | C17: 12 | D17: 384 | E17: 35 | F17: 422 | G17: 382 | H17: 0.092 | I17: =E17/F17 -> 0.082938389 | J17: Undercounting
A18: 512879 | B18: Sacramento County Sheriff's Dept. - CA | C18: 17 | E18: 150 | F18: 1841 | G18: 524 | H18: 0.286 | I18: =E18/F18 -> 0.081477458 | J18: Undercounting
A19: 326941 | B19: Virginia Department of Corrections - VA | C19: 188 | E19: 80 | F19: 1358 | G19: 206 | H19: 0.388 | I19: =E19/F19 -> 0.058910162 | J19: Undercounting
A20: 112053 | B20: Jefferson Parish Sheriff's Office - LA | C20: 165 | D20: 1019 | E20: 50 | F20: 870 | G20: 1239 | H20: 0.04 | I20: =E20/F20 -> 0.057471264 | J20: Undercounting
A21: CA0115794 | B21: RCMP - E-Division Store -CAN | C21: 58 | E21: 2394 | F21: 0 | G21: 123 | H21: 19.463 | I21: =E21/F21 -> #DIV/0! | J21: Overcounting / Need Footprint
A22: 408831 | B22: Santa Clara County Sheriff's Office - CA | C22: 1060 | D22: 1285 | E22: 1275 | F22: 0 | G22: 77 | H22: 16.558 | I22: =E22/F22 -> #DIV/0! | J22: Overcounting / Need Footprint
A23: 327587 | B23: Lowell Police Department - MA | C23: 0 | D23: 205 | E23: 275 | F23: 0 | G23: 62 | H23: 4.435 | I23: =E23/F23 -> #DIV/0! | J23: Overcounting / Need Footprint
A24: 140280 | B24: Wilson County Sheriff's Office - NC | C24: 15 | D24: 141 | E24: 130 | F24: 0 | G24: 53 | H24: 2.453 | I24: =E24/F24 -> #DIV/0! | J24: Overcounting / Need Footprint
A25: 466677 | B25: St. Lucie County Sheriff's Office - FL | C25: 0 | D25: 561 | E25: 709 | F25: 0 | G25: 425 | H25: 1.668 | I25: =E25/F25 -> #DIV/0! | J25: Overcounting / Need Footprint
A26: 119697 | B26: Pasadena Police Dept. - TX | C26: 353 | D26: 282 | E26: 425 | F26: 3 | G26: 232 | H26: 1.832 | I26: =E26/F26 -> 141.66667 | J26: Overcounting
A27: 112966 | B27: Missoula Police Dept. - MT | C27: 397 | D27: 115 | E27: 235 | F27: 2 | G27: 123 | H27: 1.911 | I27: =E27/F27 -> 117.5 | J27: Overcounting
A28: 113592 | B28: Monroe County Sheriff's Dept. - NY | C28: 392 | D28: 401 | E28: 626 | F28: 22 | G28: 217 | H28: 2.885 | I28: =E28/F28 -> 28.454545 | J28: Overcounting
A29: 107969 | B29: Lower Merion Twp Police Dept. - PA | C29: 608 | D29: 130 | E29: 136 | F29: 7 | G29: 31 | H29: 4.387 | I29: =E29/F29 -> 19.428571 | J29: Overcounting
A30: 117408 | B30: Addison Police Department - IL | C30: 103 | D30: 68 | E30: 271 | F30: 25 | G30: 69 | H30: 3.928 | I30: =E30/F30 -> 10.84 | J30: Overcounting
A31: 109267 | B31: Sumter County Sheriff - FL | C31: 301 | D31: 250 | E31: 502 | F31: 55 | G31: 301 | H31: 1.668 | I31: =E31/F31 -> 9.1272727 | J31: Overcounting
A32: 326934 | B32: Georgia Department Of Corrections - GA | C32: 0 | D32: 1500 | E32: 3000 | F32: 500 | G32: 1910 | H32: 1.571 | I32: =E32/F32 -> 6 | J32: Overcounting
A33: 129244 | B33: Cuyahoga County Sheriff's Office - OH | C33: 87 | D33: 750 | E33: 1265 | F33: 215 | G33: 361 | H33: 3.504 | I33: =E33/F33 -> 5.8837209 | J33: Overcounting
... A81: 497705 | B81: Ohio Dept of Rehabilitation and Correction | C81: 654 | D81: 12000 | E81: -5649 | F81: 5115 | G81: 3202 | H81: -1.764 | I81: =E81/F81 -> -1.1043988 | J81: Broken!

Sheet VR Footprint Size Cleanup
A1: Account Number | B1: Account Name | C1: Number of Officers | D1: Active License Quantity | E1: Footprint Size | F1: Total CEWs
A2: 508872 | B2: AGB Investigative Services - IL | D2: 20 | E2: 0 | F2: 20
A3: 306040 | B3: Abington Police Dept - MA | C3: 31 | D3: 17 | E3: 0 | F3: 34
A4: 120233 | B4: Abington Township Police Dept. - PA | C4: 93 | D4: 92 | E4: 0 | F4: 95
A5: 460659 | B5: Adams County Sheriff's Office - IN | C5: 36 | D5: 18 | E5: 0 | F5: 19
A6: 130997 | B6: Adams County Sheriff's Office - MS | C6: 64 | D6: 9 | E6: 0 | F6: 34
A7: 508383 | B7: Advocate Health | D7: 2 | E7: 0 | F7: 275
A8: 110032 | B8: Airway Heights Police Dept. - WA | C8: 20 | D8: 18 | E8: 0 | F8: 21
A9: 317139 | B9: Alamance County Detention Center - NC | C9: 130 | D9: 137 | E9: 0 | F9: 141
A10: 108416 | B10: Albemarle County Police Dept. - VA | C10: 130 | D10: 67 | E10: 0 | F10: 105
A11: CA0115432 | B11: Alberta Sheriff's Branch | C11: 900 | D11: 1800 | E11: 0 | F11: 587
A12: 583650 | B12: Alief ISD Police Dept. - TX | C12: 44 | D12: 60 | E12: 0 | F12: 62
A13: 545753 | B13: Allied Universal - Adventist Health Portland - CP | D13: 26 | E13: 0 | F13: 26
A14: 316775 | B14: Alpharetta Dept. Of Public Safety - GA | C14: 106 | D14: 140 | E14: 0 | F14: 144
A15: 107260 | B15: Alpine County Sheriff's Office - CA | C15: 13 | D15: 12 | E15: 0 | F15: 28
A16: 320631 | B16: Amherst County Sheriff's Office - VA | C16: 45 | D16: 63 | E16: 0 | F16: 65
A17: 560664 | B17: Amtek Company, Inc | D17: 20 | E17: 0 | F17: 0
A18: 487237 | B18: Andrews Police Department - SC | C18: 9 | D18: 11 | E18: 0 | F18: 11
A19: 489254 | B19: Ansted Police Department - WV | C19: 2 | D19: 5 | E19: 0 | F19: 5
A20: 110000 | B20: Asheville Police Dept. - NC | C20: 174 | D20: 195 | E20: 0 | F20: 201
A21: 326007 | B21: Ashland Police Dept.- KY | C21: 46 | D21: 60 | E21: 0 | F21: 62
A22: 491098 | B22: Atlanta Technical College Police Dept.- GA | D22: 15 | E22: 0 | F22: 0
A23: 451573 | B23: Austin County Sheriff's Office - TX | C23: 56 | D23: 25 | E23: 0 | F23: 25
A24: 132851 | B24: Austin Police Dept. - TX | C24: 1743 | D24: 2 | E24: 0 | F24: 126
A25: 108755 | B25: Avondale Police Dept. - AZ | C25: 136 | D25: 196 | E25: 0 | F25: 200
A26: 483180 | B26: Aynor Police Dept. - SC | C26: 5 | D26: 1 | E26: 0 | F26: 5
A27: 125270 | B27: BPS Bainbridge Public Safety - GA | C27: 39 | D27: 35 | E27: 0 | F27: 41
A28: 463524 | B28: BR DF Departamento de Transito do Distrito Federal - DETRAN-DF | D28: 3 | E28: 0 | F28: 279
A29: 537752 | B29: BR PB Secretaria de Estado da Seguran√ßa e da Defesa Social da Para√≠ba | D29: 1 | E29: 0 | F29: 567
A30: 579350 | B30: BR PE SSP Secretaria de Seguran√ßa P√∫blica de Pernambuco | D30: 3 | E30: 0 | F30: 515
A31: 515345 | B31: BR SC PMSC POL√çCIA MILITAR DE SANTA CATARINA | C31: 11000 | D31: 3 | E31: 0 | F31: 738
A32: 580855 | B32: BR SC POLICIA CIVIL DO ESTADO DE SANTA CATARINA - PCSC | D32: 0 | E32: 0 | F32: 52
A33: 581148 | B33: BR SC POL√çCIA PENAL DE SANTA CATARINA ‚Äì PPSC | D33: 1 | E33: 0 | F33: 258
A34: 231921 | B34: Baldwin County Sheriff - GA | C34: 88 | D34: 50 | E34: 0 | F34: 51
A35: 154340 | B35: Bartow County Sheriff's Office - GA | C35: 167 | D35: 180 | E35: 0 | F35: 155
A36: 113136 | B36: Bath Police Dept. - ME | C36: 19 | D36: 7 | E36: 0 | F36: 7
A37: 561350 | B37: Bedford County Correctional Facility - PA | C37: 6 | D37: 4 | E37: 0 | F37: 4
A38: 175106 | B38: Beech Mountain Police Dept. - NC | C38: 10 | D38: 10 | E38: 0 | F38: 10
A39: 501351 | B39: Beeville ISD Police Dept. - TX | D39: 6 | E39: 0 | F39: 6
A40: 459791 | B40: Bell County Constable - Pct. 3 | C40: 3 | D40: 3 | E40: 0 | F40: 5
A41: 487132 | B41: Belleville Police Department - KS | C41: 5 | D41: 4 | E41: 0 | F41: 4
A42: 110432 | B42: Beloit Police Department - WI | C42: 68 | D42: 60 | E42: 0 | F42: 68
A43: 483128 | B43: Berkeley Heights Police Dept. - NJ | C43: 27 | D43: 3 | E43: 0 | F43: 3
A44: 481007 | B44: Bethune Police Dept. - SC NO LONGER IN SERVICE | C44: 1 | D44: 2 | E44: 0 | F44: 2
A45: 314067 | B45: Bexar County Constable Pct. 2 - TX | C45: 20 | D45: 12 | E45: 0 | F45: 12
A46: 137705 | B46: Bingham County Sheriff's Office - ID | C46: 67 | D46: 1 | E46: 0 | F46: 37
A47: 144374 | B47: Birchwood Police Dept - WI | C47: 1 | D47: 1 | E47: 0 | F47: 1
A48: 575949 | B48: Blackville Police Dept- SC | C48: 7 | D48: 6 | E48: 0 | F48: 5
A49: 325157 | B49: Blendon Township Police Dept. - OH | C49: 14 | D49: 18 | E49: 0 | F49: 18
A50: 466489 | B50: Bloomfield Police Dept. - NJ | C50: 121 | D50: 10 | E50: 0 | F50: 10
A51: 533459 | B51: BlueCross BlueShield | D51: 1 | E51: 0 | F51: 0
A52: 270751 | B52: Boerne Police Dept. - TX | C52: 41 | D52: 41 | E52: 0 | F52: 49
A53: 110841 | B53: Bond County Sheriff's Office - IL | C53: 15 | D53: 23 | E53: 0 | F53: 23
A54: 547648 | B54: Boston University Police Dept - MA | C54: 53 | D54: 100 | E54: 0 | F54: 0
A55: 466895 | B55: Brandon Police Department - SD | C55: 13 | D55: 6 | E55: 0 | F55: 6
A56: 466492 | B56: Brazoria County Sheriff's Office - TX | C56: 290 | D56: 100 | E56: 0 | F56: 131
A57: 470991 | B57: Breaux Bridge Police Dept. - LA | C57: 24 | D57: 15 | E57: 0 | F57: 15
A58: 448412 | B58: Bremer County Sheriff's Office - IA | C58: 28 | D58: 13 | E58: 0 | F58: 14
A59: 489433 | B59: Bridgeport Police Dept. - IL | C59: 3 | D59: 2 | E59: 0 | F59: 2
A60: 232925 | B60: Bridgton Police Department - ME | C60: 9 | D60: 10 | E60: 0 | F60: 10
A61: 478905 | B61: Broadlawns Medical Center | C61: 55 | D61: 4 | E61: 0 | F61: 13
A62: 311660 | B62: Broadway Police Dept. - VA | C62: 5 | D62: 6 | E62: 0 | F62: 6
A63: 320840 | B63: Broken Bow Police Department - NE | C63: 6 | D63: 6 | E63: 0 | F63: 8
... A71: 410421 | B71: Bullard Police Dept. - TX | C71: 10 | D71: -10 | E71: 0 | F71: 20
A72: SE0115985 | B72: Bundespolizeipraesidium | D72: 250 | E72: 0 | F72: 344
A73: 232304 | B73: Byron Police Dept.- GA | C73: 20 | D73: 20 | E73: 0 | F73: 20
A74: 239483 | B74: CARSON CITY POLICE DEPT. | C74: 2 | D74: 12 | E74: 0 | F74: 6
A75: 327732 | B75: CLARKSVILLE POLICE DEPT. - VA | C75: 7 | D75: 6 | E75: 0 | F75: 6
A76: CA0115746 | B76: CPKC Railway Police Service | C76: 100 | D76: 42 | E76: 0 | F76: 43
A77: 109937 | B77: Cahokia Heights Police Department - IL | C77: 31 | D77: 40 | E77: 0 | F77: 41
A78: 110852 | B78: Calexico Police Dept. - CA | C78: 26 | D78: 30 | E78: 0 | F78: 27
A79: 450550 | B79: Camden County Police Dept. - NJ | C79: 406 | D79: 300 | E79: 0 | F79: 799
A80: 128056 | B80: Canyon Police Dept. - TX | C80: 25 | D80: 46 | E80: 0 | F80: 46
A81: 158145 | B81: Carroll County Sheriff's Office - GA | C81: 186 | D81: 90 | E81: 0 | F81: 112
A82: 114452 | B82: Carroll County Sheriff's Office - MD | C82: 224 | D82: 20 | E82: 0 | F82: 141
A83: 305657 | B83: Cass County Sheriff's Office - ND | C83: 185 | D83: 132 | E83: 0 | F83: 172
A84: 327532 | B84: Celina Police Dept. - TX | C84: 20 | D84: 9 | E84: 0 | F84: 60
A85: 513553 | B85: Central Louisiana Human Services District | C85: 200 | D85: 200 | E85: 0 | F85: 0
A86: 531347 | B86: Central Montana Protection Services | D86: 2 | E86: 0 | F86: 0
A87: 483729 | B87: Central Valley Medical Center - UT | C87: 6 | D87: 6 | E87: 0 | F87: 6
A88: 308142 | B88: Central Virginia Regional Jail - VA | C88: 80 | D88: 3 | E88: 0 | F88: 3
A89: 482838 | B89: Central Washington University Police Dept. - WA | C89: 14 | D89: 14 | E89: 0 | F89: 13
A90: 595748 | B90: Chambers County Constable Pct. 5 - TX | D90: 1 | E90: 0 | F90: 1
A91: 109934 | B91: Chapel Hill Police Department - NC | C91: 102 | D91: 50 | E91: 0 | F91: 66
A92: 417741 | B92: Cherry Hill Police Dept - NJ | C92: 135 | D92: 105 | E92: 0 | F92: 216
A93: 458279 | B93: Chesapeake Bay Bridge-Tunnel Police Dept. - VA | C93: 39 | D93: 30 | E93: 0 | F93: 31
A94: 326053 | B94: Chester Police Department - PA | C94: 91 | D94: 60 | E94: 0 | F94: 62
A95: 109607 | B95: Chesterfield County Police Dept - VA | C95: 502 | D95: 478 | E95: 0 | F95: 1008
A96: 202744 | B96: Chickasaw County Sheriff's Office - IA | C96: 17 | D96: 16 | E96: 0 | F96: 11
A97: 520949 | B97: Children's Healthcare of Atlanta | D97: 61 | E97: 0 | F97: 51
A98: 523755 | B98: Children's Minnesota | D98: 24 | E98: 0 | F98: 24
A99: 460944 | B99: Cinnaminson Township Police - NJ | C99: 31 | D99: 20 | E99: 0 | F99: 25
A100: 459732 | B100: Circleville Police Dept. - OH | C100: 25 | D100: 25 | E100: 0 | F100: 26
A101: 524753 | B101: City of Philadelphia PMHCC | D101: 45 | E101: 0 | F101: 0
A102: 310977 | B102: City of Portsmouth Sheriff's Office - VA | C102: 249 | D102: 2 | E102: 0 | F102: 2
A103: 107215 | B103: Clarkston Police Dept. - WA | C103: 14 | D103: 13 | E103: 0 | F103: 13
A104: 115486 | B104: Clay County Sheriff's Office - IA | C104: 23 | D104: 11 | E104: 0 | F104: 11
A105: 112630 | B105: Clay Twp. Police Dept. - MI | C105: 16 | D105: 20 | E105: 0 | F105: 20
A106: 164979 | B106: Clinton Police Department - MO | C106: 24 | D106: 17 | E106: 0 | F106: 25
A107: 109933 | B107: Clover Police Dept - SC | C107: 19 | D107: 12 | E107: 0 | F107: 37
...

Sheet T12 SIM Completions
A1: AgencySlug | B1: SIM Completions (APAP)
A2: 100003 | B2: 78
A3: 100239 | B3: 133
A4: 100282 | B4: 72
A5: 104586 | B5: 21
A6: 105226 | B6: 97
A7: 105331 | B7: 6
A8: 105389 | B8: 17
A9: 105469 | B9: 4462
A10: 105506 | B10: 413
A11: 105516 | B11: 508
A12: 105526 | B12: 1345
A13: 105614 | B13: 18
... A1185: 595748 | B1185: 5
A1186: AU0115817 | B1186: 3
A1187: CA0115409 | B1187: 337
A1188: CA0115412 | B1188: 62
A1189: CA0115430 | B1189: 40
A1190: CA0115432 | B1190: 139
A1191: CA0115465 | B1191: 753
A1192: CA0115498 | B1192: 100
A1193: CA0115551 | B1193: 10
A1194: CA0115604 | B1194: 155
A1195: CA0115746 | B1195: 173
A1196: CA0115747 | B1196: 22
A1197: CA0115761 | B1197: 115
... A1218: UK0115453 | B1218: 3

Sheet T6 SIM Completions
A1: AgencySlug | B1: T6 SIM
A2: 100282 | B2: 3
A3: 104586 | B3: 21
A4: 105226 | B4: 27
A5: 105331 | B5: 6
A6: 105389 | B6: 8
A7: 105469 | B7: 1025
A8: 105506 | B8: 100
A9: 105516 | B9: 521
A10: 105526 | B10: 436
A11: 105678 | B11: 17
A12: 105702 | B12: 474
A13: 105706 | B13: 33
... A1058: 595748 | B1058: 5
A1059: AU0115817 | B1059: 3
A1060: CA0115409 | B1060: 337
A1061: CA0115412 | B1061: 4
A1062: CA0115430 | B1062: 5
A1063: CA0115432 | B1063: 110
A1064: CA0115465 | B1064: 51
A1065: CA0115498 | B1065: 4
A1066: CA0115551 | B1066: 2
A1067: CA0115604 | B1067: 67
A1068: CA0115746 | B1068: 95
A1069: CA0115747 | B1069: 1
A1070: CA0115761 | B1070: 82
... A1084: UK0115453 | B1084: 1

Sheet T12 Non-SIM Completions
A1: AgencySlug | B1: Non-SIM Completions (APAP)
A2: 100003 | B2: 1
A3: 100239 | B3: 7
A4: 100282 | B4: 534
A5: 105226 | B5: 4
A6: 105331 | B6: 64
A7: 105389 | B7: 82
A8: 105469 | B8: 137
A9: 105506 | B9: 35
A10: 105516 | B10: 139
A11: 105526 | B11: 11017
A12: 105614 | B12: 1
A13: 105678 | B13: 118
... A972: 587054 | B972: 10
A973: AU0115817 | B973: 77
A974: CA0115409 | B974: 1887
A975: CA0115412 | B975: 23
A976: CA0115430 | B976: 21
A977: CA0115432 | B977: 260
A978: CA0115465 | B978: 279
A979: CA0115474 | B979: 1
A980: CA0115498 | B980: 18
A981: CA0115551 | B981: 22
A982: CA0115604 | B982: 48
A983: CA0115657 | B983: 876
A984: CA0115746 | B984: 2
... A1000: UK0115453 | B1000: 2

Sheet Footprint Sizes
A1: Account_Number | B1: Axon Footprint | C1: Sum of Eligibility_Cohort
A2: 100239 | B2: 100 | C2: 11
A3: 100282 | B3: 423 | C3: 37
A4: 104586 | B4: -
A5: 105226 | B5: 120 | C5: 51
A6: 105331 | B6: 480 | C6: 40
A7: 105389 | B7: 111 | C7: 48
A8: 105469 | B8: 950 | C8: 10
A9: 105506 | B9: 394 | C9: 13
A10: 105516 | B10: 1079 | C10: 16
A11: 105526 | B11: 2836 | C11: 24
A12: 105614 | B12: 384 | C12: 17
A13: 105678 | B13: 90 | C13: 42
A14: 105690 | B14: -
A15: 105702 | B15: 928 | C15: 11
A16: 105703 | B16: 71 | C16: 1
A17: 105706 | B17: 760 | C17: 34
A18: 105721 | B18: 142 | C18: 36
A19: 105730 | B19: 15 | C19: 1
A20: 105751 | B20: 248 | C20: 10
A21: 105754 | B21: 228 | C21: 21
A22: 105756 | B22: 195 | C22: 9
A23: 105772 | B23: 109 | C23: 46
A24: 105779 | B24: 446 | C24: 18
A25: 105780 | B25: 120 | C25: 7
A26: 105785 | B26: 1993 | C26: 45
... A30: 106000 | B30: 1800 | C30: 33
A31: 106051 | B31: 12 | C31: -
A32: 106135 | B32: 92 | C32: 11
A33: 106139 | B33: 50 | C33: 6
A34: 106155 | B34: 3183 | C34: 8
A35: 106159 | B35: 122 | C35: 16
A36: 106169 | B36: 1 | C36: 26
A37: 106197 | B37: 100 | C37: 26
A38: 106199 | B38: 109 | C38: 34
A39: 106223 | B39: 79 | C39: 9
A40: 106262 | B40: 96 | C40: 3
A41: 106273 | B41: - | C41: 20
A42: 106281 | B42: 58 | C42: 4
A43: 106297 | B43: 296 | C43: 21
A44: 106304 | B44: 6053 | C44: 19
A45: 106311 | B45: 148 | C45: 34
A46: 106335 | B46: 40 | C46: -
A47: 106338 | B47: 895 | C47: 4
A48: 106340 | B48: 3 | C48: -
A49: 106346 | B49: 1340 | C49: 47
A50: 106372 | B50: 650 | C50: 9
A51: 106384 | B51: 2 | C51: 7
A52: 106394 | B52: 3 | C52: 1
A53: 106418 | B53: 1 | C53: 1
A54: 106436 | B54: 1 | C54: 2
A55: 106442 | B55: 64 | C55: 5
A56: 106446 | B56: 18 | C56: 1
A57: 106459 | B57: -
A58: 106476 | B58: 385 | C58: 35
A59: 106477 | B59: 158 | C59: 45
A60: 106478 | B60: 1286 | C60: 16
A61: 106509 | B61: 341 | C61: 33
A62: 106516 | B62: 101 | C62: 26
A63: 106522 | B63: 690 | C63: 7
A64: 106524 | B64: 335 | C64: 9
A65: 106525 | B65: - | C65: 2
A66: 106528 | B66: 120 | C66: 7
A67: 106562 | B67: 1800 | C67: 10
A68: 106566 | B68: 88 | C68: 45
A69: 106569 | B69: 407 | C69: 45
A70: 106575 | B70: 142 | C70: 34
A71: 106576 | B71: 21 | C71: 4
A72: 106587 | B72: 114 | C72: 9
A73: 106590 | B73: 150 | C73: 49
A74: 106603 | B74: 378 | C74: 25
A75: 106614 | B75: 2 | C75: 33
A76: 106616 | B76: 4 | C76: 30
A77: 106627 | B77: 80 | C77: 11
A78: 106654 | B78: 33 | C78: 3
A79: 106657 | B79: - | C79: 2
A80: 106658 | B80: 449 | C80: 53
A81: 106665 | B81: 40 | C81: 33
A82: 106669 | B82: 200 | C82: 11
A83: 106698 | B83: 78 | C83: 37
A84: 106711 | B84: 171 | C84: 6
A85: 106715 | B85: 186 | C85: 19
A86: 106735 | B86: - | C86: 19
A87: 106743 | B87: 122 | C87: 13
A88: 106750 | B88: 1 | C88: 9
A89: 106752 | B89: 55 | C89: 13
A90: 106753 | B90: 4 | C90: -
A91: 106758 | B91: 217 | C91: 31
A92: 106774 | B92: 1018 | C92: 25
A93: 106824 | B93: 4 | C93: 3
A94: 106841 | B94: 20 | C94: 10
A95: 106844 | B95: 456 | C95: 49
A96: 106876 | B96: 3 | C96: 45
A97: 106879 | B97: 73 | C97: -
A98: 106880 | B98: 1065 | C98: 48
A99: 106896 | B99: 1515 | C99: 7
A100: 106909 | B100: 56 | C100: 51
A101: 106911 | B101: 107 | C101: 37
A102: 106916 | B102: 533 | C102: 34
A103: 106932 | B103: 145 | C103: 46
...

Sheet Sigma Raw Data
A1: Account Name | B1: Account Number | C1: Number of Officers | D1: Account Segment | E1: Account Sub-Segment | F1: Account Line Size | G1: VR HW Purchase Date | H1: First PSO Start Date | I1: Total T7 CEWs | J1: Total T10 CEWs | K1: Active Device Type | L1: Active License Type | M1: Concurrent Licenses | N1: Active Full VR Licenses | O1: Active CET Licenses | P1: Active Taser Skills Licenses | Q1: Active Training Academy Licenses | R1: Active SIM Only Licenses | S1: Active CET Only (Legacy) Licenses | T1: Active License Quantity | U1: Month | V1: Subscription Number | W1: Subscription Start Date | X1: Subscription End Date | Y1: Active in Month | Z1: Adjusted Subscription License Quantity | AA1: TASER Type
A2: AGB Investigative Services - IL | B2: 508872 | D2: Enterprise (ENT) | E2: Enterprise - Private Security | G2: 44077 | I2: 20 | K2: T 7 | L2: CET Only | M2: FALSE | O2: 20 | T2: 20 | U2: 2025-09 | V2: SUB-0233166 | W2: 2020-10 | X2: 2025-09 | Y2: TRUE | Z2: 20 | AA2: No Controller
A3: AGB Investigative Services - IL | B3: 508872 | D3: Enterprise (ENT) | E3: Enterprise - Private Security | G3: 44077 | I3: 20 | K3: T 7 | L3: CET Only | M3: FALSE | O3: 20 | T3: 20 | U3: 2025-09 | X3: 2025-09 | Y3: TRUE | AA3: T 7
A4: Aberdeen Police Dept. - MD | B4: 209923 | C4: 42 | D4: State/Local (STL) | E4: State/Local | F4: Direct | G4: 45419 | I4: 38 | K4: T 7 | L4: Full VR | M4: FALSE | N4: 44 | T4: 44 | U4: 2025-09 | V4: SUB-0888791 | W4: 2024-09 | X4: 2029-08 | Y4: TRUE | Z4: 44 | AA4: No Controller
A5: Aberdeen Police Dept. - MD | B5: 209923 | C5: 42 | D5: State/Local (STL) | E5: State/Local | F5: Direct | G5: 45419 | I5: 38 | K5: T 7 | L5: Full VR | M5: FALSE | N5: 44 | T5: 44 | U5: 2025-09 | X5: 2026-11 | Y5: TRUE | AA5: T 7
A6: Aberdeen Police Dept. - MD | B6: 209923 | C6: 42 | D6: State/Local (STL) | E6: State/Local | F6: Direct | G6: 45419 | I6: 38 | K6: T 7 | L6: Full VR | M6: FALSE | N6: 44 | T6: 44 | U6: 2025-09 | X6: 2029-08 | Y6: TRUE | AA6: T 7
A7: Abington Police Dept - MA | B7: 306040 | C7: 31 | D7: State/Local (STL) | E7: State/Local | F7: Inside | G7: 45450 | H7: 45866 | J7: 34 | K7: T10 | L7: Taser Skills | M7: FALSE | P7: 17 | T7: 17 | U7: 2025-09 | V7: SUB-1109139 | W7: 2025-08 | X7: 2030-07 | Y7: TRUE | Z7: 17 | AA7: No Controller
A8: Abington Police Dept - MA | B8: 306040 | C8: 31 | D8: State/Local (STL) | E8: State/Local | F8: Inside | G8: 45450 | H8: 45866 | J8: 34 | K8: T10 | L8: Taser Skills | M8: FALSE | P8: 17 | T8: 17 | U8: 2025-09 | X8: 2029-07 | Y8: TRUE | AA8: T10
A9: Abington Police Dept - MA | B9: 306040 | C9: 31 | D9: State/Local (STL) | E9: State/Local | F9: Inside | G9: 45450 | H9: 45866 | J9: 34 | K9: T10 | L9: Taser Skills | M9: FALSE | P9: 17 | T9: 17 | U9: 2025-09 | X9: 2030-01 | Y9: TRUE | AA9: T10
A10: Abington Police Dept - MA | B10: 306040 | C10: 31 | D10: State/Local (STL) | E10: State/Local | F10: Inside | G10: 45450 | H10: 45866 | J10: 34 | K10: T10 | L10: Taser Skills | M10: FALSE | P10: 17 | T10: 17 | U10: 2025-09 | X10: 2030-07 | Y10: TRUE | AA10: T10
A11: Abington Township Police Dept. - PA | B11: 120233 | C11: 93 | D11: State/Local (STL) | E11: State/Local | F11: Direct | G11: 45347 | I11: 95 | K11: T 7 | L11: CET Only | M11: FALSE | O11: 92 | T11: 92 | U11: 2025-09 | V11: SUB-0267960 | W11: 2021-03 | X11: 2026-02 | Y11: TRUE | Z11: 92 | AA11: No Controller
A12: Abington Township Police Dept. - PA | B12: 120233 | C12: 93 | D12: State/Local (STL) | E12: State/Local | F12: Direct | G12: 45347 | I12: 95 | K12: T 7 | L12: CET Only | M12: FALSE | O12: 92 | T12: 92 | U12: 2025-09 | X12: 2026-02 | Y12: TRUE | AA12: T 7
A13: Ada County Sheriff's Office - ID | B13: 107989 | C13: 336 | D13: State/Local (STL) | E13: State/Local | F13: T1200 | G13: 45595 | H13: 45699 | J13: 263 | K13: T10 | L13: Full VR | M13: FALSE | N13: 255 | T13: 255 | U13: 2025-09 | V13: SUB-1000240 | W13: 2025-01 | X13: 2029-12 | Y13: TRUE | Z13: 255 | AA13: No Controller
A14: Ada County Sheriff's Office - ID | B14: 107989 | C14: 336 | D14: State/Local (STL) | E14: State/Local | F14: T1200 | G14: 45595 | H14: 45699 | J14: 263 | K14: T10 | L14: Full VR | M14: FALSE | N14: 255 | T14: 255 | U14: 2025-09 | X14: 2029-12 | Y14: TRUE | AA14: T10
A15: Adams County Sheriff's Office - CO | B15: 108011 | C15: 522 | D15: State/Local (STL) | E15: State/Local | F15: T1200 | G15: 45134 | H15: 45839 | J15: 496 | K15: T10 | L15: Full VR | M15: FALSE | N15: 464 | T15: 464 | U15: 2025-09 | V15: SUB-1097008 | W15: 2025-04 | X15: 2030-03 | Y15: TRUE | Z15: 464 | AA15: No Controller
A16: Adams County Sheriff's Office - CO | B16: 108011 | C16: 522 | D16: State/Local (STL) | E16: State/Local | F16: T1200 | G16: 45134 | H16: 45839 | J16: 496 | K16: T10 | L16: Full VR | M16: FALSE | N16: 464 | T16: 464 | U16: 2025-09 | X16: 2028-07 | Y16: TRUE | AA16: T10
A17: Adams County Sheriff's Office - CO | B17: 108011 | C17: 522 | D17: State/Local (STL) | E17: State/Local | F17: T1200 | G17: 45134 | H17: 45839 | J17: 496 | K17: T10 | L17: Full VR | M17: FALSE | N17: 464 | T17: 464 | U17: 2025-09 | X17: 2030-03 | Y17: TRUE | AA17: T10
A18: Adams County Sheriff's Office - IN | B18: 460659 | C18: 36 | D18: State/Local (STL) | E18: State/Local | F18: Inside | G18: 45561 | I18: 24 | J18: 19 | K18: T10 | L18: CET Only | M18: FALSE | O18: 18 | T18: 18 | U18: 2025-09 | V18: SUB-0239888 | W18: 2020-11 | X18: 2025-10 | Y18: TRUE | Z18: 18 | AA18: No Controller
A19: Adams County Sheriff's Office - IN | B19: 460659 | C19: 36 | D19: State/Local (STL) | E19: State/Local | F19: Inside | G19: 45561 | I19: 24 | J19: 19 | K19: T10 | L19: CET Only | M19: FALSE | O19: 18 | T19: 18 | U19: 2025-09 | X19: 2025-10 | Y19: TRUE | AA19: T 7
A20: Adams County Sheriff's Office - IN | B20: 460659 | C20: 36 | D20: State/Local (STL) | E20: State/Local | F20: Inside | G20: 45561 | I20: 24 | J20: 19 | K20: T10 | L20: CET Only | M20: FALSE | O20: 18 | T20: 18 | U20: 2025-09 | X20: 2030-02 | Y20: TRUE | AA20: T 7
A21: Adams County Sheriff's Office - IN | B21: 460659 | C21: 36 | D21: State/Local (STL) | E21: State/Local | F21: Inside | G21: 45561 | I21: 24 | J21: 19 | K21: T10 | L21: CET Only | M21: FALSE | O21: 18 | T21: 18 | U21: 2025-09 | X21: 2030-02 | Y21: TRUE | AA21: T10
A22: Adams County Sheriff's Office - MS | B22: 130997 | C22: 64 | D22: State/Local (STL) | E22: State/Local | F22: Direct | G22: 43535 | I22: 34 | K22: T 7 | L22: CET Only | M22: FALSE | O22: 9 | T22: 9 | U22: 2025-09 | V22: SUB-0245075 | W22: 2020-11 | X22: 2025-11 | Y22: TRUE | Z22: 9 | AA22: No Controller
A23: Adams County Sheriff's Office - MS | B23: 130997 | C23: 64 | D23: State/Local (STL) | E23: State/Local | F23: Direct | G23: 43535 | I23: 34 | K23: T 7 | L23: CET Only | M23: FALSE | O23: 9 | T23: 9 | U23: 2025-09 | X23: 2025-11 | Y23: TRUE | AA23: T 7
A24: Addison Police Department - IL | B24: 117408 | C24: 68 | D24: State/Local (STL) | E24: State/Local | F24: Direct | G24: 45099 | I24: 18 | J24: 69 | K24: T10 | L24: Full VR | M24: FALSE | N24: 271 | T24: 271 | U24: 2025-09 | V24: SUB-0272164 | W24: 2021-04 | X24: 2026-03 | Y24: TRUE | Z24: 68 | AA24: No Controller
A25: Addison Police Department - IL | B25: 117408 | C25: 68 | D25: State/Local (STL) | E25: State/Local | F25: Direct | G25: 45099 | I25: 18 | J25: 69 | K25: T10 | L25: Full VR | M25: FALSE | N25: 271 | T25: 271 | U25: 2025-09 | V25: SUB-0272173 | W25: 2021-04 | X25: 2026-03 | Y25: TRUE | Z25: 68 | AA25: No Controller
A26: Addison Police Department - IL | B26: 117408 | C26: 68 | D26: State/Local (STL) | E26: State/Local | F26: Direct | G26: 45099 | I26: 18 | J26: 69 | K26: T10 | L26: Full VR | M26: FALSE | N26: 271 | T26: 271 | U26: 2025-09 | V26: SUB-0272182 | W26: 2021-04 | X26: 2026-03 | Y26: TRUE | Z26: 68 | AA26: No Controller
A27: Addison Police Department - IL | B27: 117408 | C27: 68 | D27: State/Local (STL) | E27: State/Local | F27: Direct | G27: 45099 | I27: 18 | J27: 69 | K27: T10 | L27: Full VR | M27: FALSE | N27: 271 | T27: 271 | U27: 2025-09 | V27: SUB-0717513 | W27: 2024-03 | X27: 2034-02 | Y27: TRUE | Z27: 67 | AA27: No Controller
A28: Addison Police Department - IL | B28: 117408 | C28: 68 | D28: State/Local (STL) | E28: State/Local | F28: Direct | G28: 45099 | I28: 18 | J28: 69 | K28: T10 | L28: Full VR | M28: FALSE | N28: 271 | T28: 271 | U28: 2025-09 | X28: 2026-03 | Y28: TRUE | AA28: T 7
A29: Addison Police Department - IL | B29: 117408 | C29: 68 | D29: State/Local (STL) | E29: State/Local | F29: Direct | G29: 45099 | I29: 18 | J29: 69 | K29: T10 | L29: Full VR | M29: FALSE | N29: 271 | T29: 271 | U29: 2025-09 | X29: 2034-02 | Y29: TRUE | AA29: T10
A30: Adrian Police Department MN | B30: 584056 | D30: Not-Yet-Assigned (NYA) | E30: Not Yet Assigned | G30: 45735 | H30: 45886 | J30: 2 | K30: T10 | L30: Taser Skills | M30: FALSE | P30: 2 | T30: 2 | U30: 2025-09 | V30: SUB-1092435 | W30: 2025-07 | X30: 2030-06 | Y30: TRUE | Z30: 2 | AA30: No Controller
A31: Adrian Police Department MN | B31: 584056 | D31: Not-Yet-Assigned (NYA) | E31: Not Yet Assigned | G31: 45735 | H31: 45886 | J31: 2 | K31: T10 | L31: Taser Skills | M31: FALSE | P31: 2 | T31: 2 | U31: 2025-09 | X31: 2030-06 | Y31: TRUE | AA31: T10
A32: Advocate Health | B32: 508383 | D32: Enterprise (ENT) | E32: Enterprise - Healthcare | G32: 45324 | I32: 275 | K32: T 7 | L32: Full VR | M32: FALSE | N32: 2 | T32: 2 | U32: 2025-09 | V32: SUB-0588966 | W32: 2022-09 | X32: 2027-09 | Y32: TRUE | Z32: 2 | AA32: No Controller
A33: Advocate Health | B33: 508383 | D33: Enterprise (ENT) | E33: Enterprise - Healthcare | G33: 45324 | I33: 275 | K33: T 7 | L33: Full VR | M33: FALSE | N33: 2 | T33: 2 | U33: 2025-09 | X33: 2027-09 | Y33: TRUE | AA33: T 7
A34: Advocate Health | B34: 508383 | D34: Enterprise (ENT) | E34: Enterprise - Healthcare | G34: 45324 | I34: 275 | K34: T 7 | L34: Full VR | M34: FALSE | N34: 2 | T34: 2 | U34: 2025-09 | X34: 2029-01 | Y34: TRUE | AA34: T 7
A35: Airway Heights Police Dept. - WA | B35: 110032 | C35: 20 | D35: State/Local (STL) | E35: State/Local | F35: Inside | G35: 44175 | I35: 21 | K35: T 7 | L35: CET Only | M35: FALSE | O35: 18 | T35: 18 | U35: 2025-09 | V35: SUB-0256256 | W35: 2021-02 | X35: 2025-12 | Y35: TRUE | Z35: 18 | AA35: No Controller
A36: Airway Heights Police Dept. - WA | B36: 110032 | C36: 20 | D36: State/Local (STL) | E36: State/Local | F36: Inside | G36: 44175 | I36: 21 | K36: T 7 | L36: CET Only | M36: FALSE | O36: 18 | T36: 18 | U36: 2025-09 | X36: 2025-12 | Y36: TRUE | AA36: T 7
A37: Airway Heights Police Dept. - WA | B37: 110032 | C37: 20 | D37: State/Local (STL) | E37: State/Local | F37: Inside | G37: 44175 | I37: 21 | K37: T 7 | L37: CET Only | M37: FALSE | O37: 18 | T37: 18 | U37: 2025-09 | X37: 2027-04 | Y37: TRUE | AA37: T 7
A38: Aitkin Police Department-MN | B38: 156634 | C38: 7 | D38: State/Local (STL) | E38: State/Local | F38: Inside | G38: 45554 | H38: 45706 | I38: 8 | J38: 7 | K38: T10 | L38: Full VR | M38: FALSE | N38: 7 | T38: 7 | U38: 2025-09 | V38: SUB-0963785 | W38: 2025-02 | X38: 2030-01 | Y38: TRUE | Z38: 7 | AA38: No Controller
A39: Aitkin Police Department-MN | B39: 156634 | C39: 7 | D39: State/Local (STL) | E39: State/Local | F39: Inside | G39: 45554 | H39: 45706 | I39: 8 | J39: 7 | K39: T10 | L39: Full VR | M39: FALSE | N39: 7 | T39: 7 | U39: 2025-09 | X39: 2030-01 | Y39: TRUE | AA39: T10
A40: Alachua Police Dept.- FL | B40: 113444 | C40: 25 | D40: State/Local (STL) | E40: State/Local | F40: Inside | G40: 45554 | H40: 45685 | J40: 35 | K40: T10 | L40: Full VR | M40: FALSE | N40: 34 | T40: 34 | U40: 2025-09 | V40: SUB-0964127 | W40: 2025-01 | X40: 2029-12 | Y40: TRUE | Z40: 34 | AA40: No Controller
A41: Alachua Police Dept.- FL | B41: 113444 | C41: 25 | D41: State/Local (STL) | E41: State/Local | F41: Inside | G41: 45554 | H41: 45685 | J41: 35 | K41: T10 | L41: Full VR | M41: FALSE | N41: 34 | T41: 34 | U41: 2025-09 | X41: 2029-12 | Y41: TRUE | AA41: T10
A42: Alamance County Detention Center - NC | B42: 317139 | C42: 130 | D42: State/Local (STL) | E42: State/Local | F42: T1200 | G42: 45888 | H42: 45978 | J42: 141 | K42: T10 | L42: Taser Skills | M42: FALSE | P42: 137 | T42: 137 | U42: 2025-09 | V42: SUB-1184279 | W42: 2025-09 | X42: 2028-08 | Y42: TRUE | Z42: 137 | AA42: No Controller
A43: Alamance County Detention Center - NC | B43: 317139 | C43: 130 | D43: State/Local (STL) | E43: State/Local | F43: T1200 | G43: 45888 | H43: 45978 | J43: 141 | K43: T10 | L43: Taser Skills | M43: FALSE | P43: 137 | T43: 137 | U43: 2025-09 | X43: 2030-07 | Y43: TRUE | AA43: T10
A44: Alamance County Sheriff's Office - NC | B44: 109462 | C44: 263 | D44: State/Local (STL) | E44: State/Local | F44: T1200 | G44: 45884 | J44: 144 | K44: T10 | L44: Taser Skills | M44: FALSE | P44: 140 | T44: 140 | U44: 2025-09 | V44: SUB-1192381 | W44: 2025-09 | X44: 2028-08 | Y44: TRUE | Z44: 140 | AA44: No Controller
A45: Alamance County Sheriff's Office - NC | B45: 109462 | C45: 263 | D45: State/Local (STL) | E45: State/Local | F45: T1200 | G45: 45884 | J45: 144 | K45: T10 | L45: Taser Skills | M45: FALSE | P45: 140 | T45: 140 | U45: 2025-09 | X45: 2030-07 | Y45: TRUE | AA45: T10
A46: Alameda County Sheriff's Office - CA | B46: 107016 | C46: 967 | D46: State/Local (STL) | E46: State/Local | F46: Major | G46: 45273 | I46: 1342 | K46: T 7 | L46: Full VR | M46: FALSE | N46: 1300 | T46: 1300 | U46: 2025-09 | V46: SUB-0555570 | W46: 2022-08 | X46: 2027-07 | Y46: TRUE | Z46: 1100 | AA46: No Controller
A47: Alameda County Sheriff's Office - CA | B47: 107016 | C47: 967 | D47: State/Local (STL) | E47: State/Local | F47: Major | G47: 45273 | I47: 1342 | K47: T 7 | L47: Full VR | M47: FALSE | N47: 1300 | T47: 1300 | U47: 2025-09 | V47: SUB-0555590 | W47: 2023-08 | X47: 2027-07 | Y47: TRUE | Z47: 100 | AA47: No Controller
A48: Alameda County Sheriff's Office - CA | B48: 107016 | C48: 967 | D48: State/Local (STL) | E48: State/Local | F48: Major | G48: 45273 | I48: 1342 | K48: T 7 | L48: Full VR | M48: FALSE | N48: 1300 | T48: 1300 | U48: 2025-09 | V48: SUB-0555608 | W48: 2024-08 | X48: 2027-07 | Y48: TRUE | Z48: 100 | AA48: No Controller
A49: Alameda County Sheriff's Office - CA | B49: 107016 | C49: 967 | D49: State/Local (STL) | E49: State/Local | F49: Major | G49: 45273 | I49: 1342 | K49: T 7 | L49: Full VR | M49: FALSE | N49: 1300 | T49: 1300 | U49: 2025-09 | X49: 2027-07 | Y49: TRUE | AA49: T 7
A50: Albany County Sheriff's Office - NY | B50: 110771 | C50: 444 | D50: State/Local (STL) | E50: State/Local | F50: T1200 | G50: 45288 | I50: 144 | J50: 144 | K50: T10 | L50: Full VR | M50: FALSE | N50: 140 | T50: 140 | U50: 2025-09 | V50: SUB-0836673 | W50: 2023-10 | X50: 2028-09 | Y50: TRUE | Z50: 140 | AA50: No Controller
A51: Albany County Sheriff's Office - NY | B51: 110771 | C51: 444 | D51: State/Local (STL) | E51: State/Local | F51: T1200 | G51: 45288 | I51: 144 | J51: 144 | K51: T10 | L51: Full VR | M51: FALSE | N51: 140 | T51: 140 | U51: 2025-09 | X51: 2028-09 | Y51: TRUE | AA51: T10
A52: Albany Police Dept. - NY | B52: 130975 | C52: 335 | D52: State/Local (STL) | E52: State/Local | F52: T1200 | G52: 45273 | I52: 324 | K52: T 7 | L52: Full VR | M52: TRUE | N52: 290 | O52: 100 | T52: 390 | U52: 2025-09 | V52: SUB-0236344 | W52: 2020-10 | X52: 2025-10 | Y52: TRUE | Z52: 50 | AA52: No Controller
A53: Albany Police Dept. - NY | B53: 130975 | C53: 335 | D53: State/Local (STL) | E53: State/Local | F53: T1200 | G53: 45273 | I53: 324 | K53: T 7 | L53: Full VR | M53: TRUE | N53: 290 | O53: 100 | T53: 390 | U53: 2025-09 | V53: SUB-0236349 | W53: 2020-10 | X53: 2025-10 | Y53: TRUE | Z53: 50 | AA53: No Controller
A54: Albany Police Dept. - NY | B54: 130975 | C54: 335 | D54: State/Local (STL) | E54: State/Local | F54: T1200 | G54: 45273 | I54: 324 | K54: T 7 | L54: Full VR | M54: TRUE | N54: 290 | O54: 100 | T54: 390 | U54: 2025-09 | V54: SUB-0548291 | W54: 2022-08 | X54: 2032-07 | Y54: TRUE | Z54: 265 | AA54: No Controller
A55: Albany Police Dept. - NY | B55: 130975 | C55: 335 | D55: State/Local (STL) | E55: State/Local | F55: T1200 | G55: 45273 | I55: 324 | K55: T 7 | L55: Full VR | M55: TRUE | N55: 290 | O55: 100 | T55: 390 | U55: 2025-09 | V55: SUB-0548342 | W55: 2022-08 | X55: 2032-07 | Y55: TRUE | Z55: 25 | AA55: No Controller
A56: Albany Police Dept. - NY | B56: 130975 | C56: 335 | D56: State/Local (STL) | E56: State/Local | F56: T1200 | G56: 45273 | I56: 324 | K56: T 7 | L56: Full VR | M56: TRUE | N56: 290 | O56: 100 | T56: 390 | U56: 2025-09 | X56: 2025-10 | Y56: TRUE | AA56: T 7
A57: Albany Police Dept. - NY | B57: 130975 | C57: 335 | D57: State/Local (STL) | E57: State/Local | F57: T1200 | G57: 45273 | I57: 324 | K57: T 7 | L57: Full VR | M57: TRUE | N57: 290 | O57: 100 | T57: 390 | U57: 2025-09 | X57: 2032-06 | Y57: TRUE | AA57: T 7
A58: Albemarle County Police Dept. - VA | B58: 108416 | C58: 130 | D58: State/Local (STL) | E58: State/Local | F58: T1200 | G58: 43847 | I58: 105 | K58: T 7 | L58: CET Only | M58: FALSE | O58: 67 | T58: 67 | U58: 2025-09 | V58: SUB-0262913 | W58: 2021-02 | X58: 2026-01 | Y58: TRUE | Z58: 67 | AA58: No Controller
A59: Albemarle County Police Dept. - VA | B59: 108416 | C59: 130 | D59: State/Local (STL) | E59: State/Local | F59: T1200 | G59: 43847 | I59: 105 | K59: T 7 | L59: CET Only | M59: FALSE | O59: 67 | T59: 67 | U59: 2025-09 | X59: 2026-01 | Y59: TRUE | AA59: T 7
A60: Alberta Sheriff's Branch | B60: CA0115432 | C60: 900 | D60: International (INT) | E60: International - Canada | F60: Major | G60: 45345 | I60: 587 | K60: T 7 | L60: Full VR | M60: FALSE | N60: 1800 | T60: 1800 | U60: 2025-09 | V60: SUB-0276181 | W60: 2021-04 | X60: 2026-04 | Y60: TRUE | Z60: 900 | AA60: No Controller
A61: Alberta Sheriff's Branch | B61: CA0115432 | C61: 900 | D61: International (INT) | E61: International - Canada | F61: Major | G61: 45345 | I61: 587 | K61: T 7 | L61: Full VR | M61: FALSE | N61: 1800 | T61: 1800 | U61: 2025-09 | V61: SUB-0276193 | W61: 2021-04 | X61: 2026-03 | Y61: TRUE | Z61: 900 | AA61: No Controller
A62: Alberta Sheriff's Branch | B62: CA0115432 | C62: 900 | D62: International (INT) | E62: International - Canada | F62: Major | G62: 45345 | I62: 587 | K62: T 7 | L62: Full VR | M62: FALSE | N62: 1800 | T62: 1800 | U62: 2025-09 | X62: 2026-03 | Y62: TRUE | AA62: T 7
A63: Alberta Sheriff's Branch | B63: CA0115432 | C63: 900 | D63: International (INT) | E63: International - Canada | F63: Major | G63: 45345 | I63: 587 | K63: T 7 | L63: Full VR | M63: FALSE | N63: 1800 | T63: 1800 | U63: 2025-09 | X63: 2028-12 | Y63: TRUE | AA63: T 7
A64: Albuquerque Police Dept. - NM | B64: 116660 | C64: 997 | D64: State/Local (STL) | E64: State/Local | F64: Major | G64: 45195 | H64: 45737 | I64: 1240 | J64: 2480 | K64: T10 | L64: Full VR | M64: FALSE | N64: 1260 | T64: 1260 | U64: 2025-09 | V64: SUB-1063969 | W64: 2025-01 | X64: 2029-12 | Y64: TRUE | Z64: 1200 | AA64: No Controller
A65: Albuquerque Police Dept. - NM | B65: 116660 | C65: 997 | D65: State/Local (STL) | E65: State/Local | F65: Major | G65: 45195 | H65: 45737 | I65: 1240 | J65: 2480 | K65: T10 | L65: Full VR | M65: FALSE | N65: 1260 | T65: 1260 | U65: 2025-09 | V65: SUB-1187864 | W65: 2025-09 | X65: 2025-12 | Y65: TRUE | Z65: 60 | AA65: No Controller
A66: Albuquerque Police Dept. - NM | B66: 116660 | C66: 997 | D66: State/Local (STL) | E66: State/Local | F66: Major | G66: 45195 | H66: 45737 | I66: 1240 | J66: 2480 | K66: T10 | L66: Full VR | M66: FALSE | N66: 1260 | T66: 1260 | U66: 2025-09 | X66: 2029-12 | Y66: TRUE | AA66: T10
A67: Alexandria Police Dept. - LA | B67: 119904 | C67: 120 | D67: State/Local (STL) | E67: State/Local | F67: T1200 | G67: 45273 | I67: 113 | K67: T 7 | L67: Full VR | M67: FALSE | N67: 110 | T67: 110 | U67: 2025-09 | V67: SUB-0664827 | W67: 2023-03 | X67: 2028-02 | Y67: TRUE | Z67: 110 | AA67: No Controller
A68: Alexandria Police Dept. - LA | B68: 119904 | C68: 120 | D68: State/Local (STL) | E68: State/Local | F68: T1200 | G68: 45273 | I68: 113 | K68: T 7 | L68: Full VR | M68: FALSE | N68: 110 | T68: 110 | U68: 2025-09 | X68: 2028-02 | Y68: TRUE | AA68: T 7
A69: Alexandria Police Dept. - VA | B69: 445108 | C69: 305 | D69: State/Local (STL) | E69: State/Local | F69: T1200 | G69: 45347 | I69: 781 | K69: T 7 | L69: Full VR | M69: TRUE | N69: 309 | O69: 40 | T69: 349 | U69: 2025-09 | V69: SUB-0245797 | W69: 2020-11 | X69: 2025-11 | Y69: TRUE | Z69: 40 | AA69: No Controller
A70: Alexandria Police Dept. - VA | B70: 445108 | C70: 305 | D70: State/Local (STL) | E70: State/Local | F70: T1200 | G70: 45347 | I70: 781 | K70: T 7 | L70: Full VR | M70: TRUE | N70: 309 | O70: 40 | T70: 349 | U70: 2025-09 | V70: SUB-0772572 | W70: 2023-05 | X70: 2033-04 | Y70: TRUE | Z70: 309 | AA70: No Controller
A71: Alexandria Police Dept. - VA | B71: 445108 | C71: 305 | D71: State/Local (STL) | E71: State/Local | F71: T1200 | G71: 45347 | I71: 781 | K71: T 7 | L71: Full VR | M71: TRUE | N71: 309 | O71: 40 | T71: 349 | U71: 2025-09 | X71: 2025-11 | Y71: TRUE | AA71: T 7
A72: Alexandria Police Dept. - VA | B72: 445108 | C72: 305 | D72: State/Local (STL) | E72: State/Local | F72: T1200 | G72: 45347 | I72: 781 | K72: T 7 | L72: Full VR | M72: TRUE | N72: 309 | O72: 40 | T72: 349 | U72: 2025-09 | X72: 2033-04 | Y72: TRUE | AA72: T 7
A73: Alief ISD Police Dept. - TX | B73: 583650 | C73: 44 | D73: Adjacent (ADJ) | E73: Adjacent - Campus | F73: Direct | G73: 45805 | H73: 46042 | I73: 62 | K73: T 7 | L73: Full VR | M73: FALSE | N73: 60 | T73: 60 | U73: 2025-09 | V73: SUB-1127989 | W73: 2025-08 | X73: 2030-07 | Y73: TRUE | Z73: 60 | AA73: No Controller
A74: Alief ISD Police Dept. - TX | B74: 583650 | C74: 44 | D74: Adjacent (ADJ) | E74: Adjacent - Campus | F74: Direct | G74: 45805 | H74: 46042 | I74: 62 | K74: T 7 | L74: Full VR | M74: FALSE | N74: 60 | T74: 60 | U74: 2025-09 | X74: 2030-07 | Y74: TRUE | AA74: T 7
A75: Allegheny County Police Dept. - PA | B75: 459199 | C75: 252 | D75: State/Local (STL) | E75: State/Local | F75: T1200 | G75: 45347 | H75: 45799 | I75: 227 | K75: T 7 | L75: Full VR | M75: FALSE | N75: 220 | T75: 220 | U75: 2025-09 | V75: SUB-0617446 | W75: 2023-02 | X75: 2033-02 | Y75: TRUE | Z75: 220 | AA75: No Controller
A76: Allegheny County Police Dept. - PA | B76: 459199 | C76: 252 | D76: State/Local (STL) | E76: State/Local | F76: T1200 | G76: 45347 | H76: 45799 | I76: 227 | K76: T 7 | L76: Full VR | M76: FALSE | N76: 220 | T76: 220 | U76: 2025-09 | X76: 2032-12 | Y76: TRUE | AA76: T 7
A77: Allegheny County Sheriff's Office - PA | B77: 116988 | C77: 165 | D77: State/Local (STL) | E77: State/Local | F77: T1200 | G77: 45324 | I77: 170 | K77: T 7 | L77: Full VR | M77: FALSE | N77: 165 | T77: 165 | U77: 2025-09 | V77: SUB-0573209 | W77: 2022-08 | X77: 2027-07 | Y77: TRUE | Z77: 165 | AA77: No Controller
A78: Allegheny County Sheriff's Office - PA | B78: 116988 | C78: 165 | D78: State/Local (STL) | E78: State/Local | F78: T1200 | G78: 45324 | I78: 170 | K78: T 7 | L78: Full VR | M78: FALSE | N78: 165 | T78: 165 | U78: 2025-09 | X78: 2027-07 | Y78: TRUE | AA78: T 7
A79: Allen County Sheriff's Department-KS | B79: 140147 | C79: 26 | D79: State/Local (STL) | E79: State/Local | F79: Inside | G79: 45819 | H79: 45910 | J79: 15 | K79: T10 | L79: Taser Skills | M79: FALSE | P79: 30 | T79: 30 | U79: 2025-09 | V79: SUB-1136951 | W79: 2025-09 | X79: 2030-08 | Y79: TRUE | Z79: 15 | AA79: No Controller
A80: Allen County Sheriff's Department-KS | B80: 140147 | C80: 26 | D80: State/Local (STL) | E80: State/Local | F80: Inside | G80: 45819 | H80: 45910 | J80: 15 | K80: T10 | L80: Taser Skills | M80: FALSE | P80: 30 | T80: 30 | U80: 2025-09 | V80: SUB-1136957 | W80: 2025-09 | X80: 2030-08 | Y80: TRUE | Z80: 15 | AA80: No Controller
A81: Allen County Sheriff's Department-KS | B81: 140147 | C81: 26 | D81: State/Local (STL) | E81: State/Local | F81: Inside | G81: 45819 | H81: 45910 | J81: 15 | K81: T10 | L81: Taser Skills | M81: FALSE | P81: 30 | T81: 30 | U81: 2025-09 | X81: 2030-08 | Y81: TRUE | AA81: T10
A82: Allentown Police Department - PA | B82: 113515 | C82: 222 | D82: State/Local (STL) | E82: State/Local | F82: T1200 | G82: 45329 | I82: 155 | K82: T 7 | L82: Full VR | M82: FALSE | N82: 150 | T82: 150 | U82: 2025-09 | V82: SUB-0831893 | W82: 2024-02 | X82: 2029-01 | Y82: TRUE | Z82: 150 | AA82: No Controller
A83: Allentown Police Department - PA | B83: 113515 | C83: 222 | D83: State/Local (STL) | E83: State/Local | F83: T1200 | G83: 45329 | I83: 155 | K83: T 7 | L83: Full VR | M83: FALSE | N83: 150 | T83: 150 | U83: 2025-09 | X83: 2029-01 | Y83: TRUE | AA83: T 7
A84: Allied Universal - Adventist Health Portland - CP | B84: 545753 | D84: Enterprise (ENT) | E84: Enterprise - Healthcare | G84: 45257 | I84: 26 | K84: T 7 | L84: Full VR | M84: FALSE | N84: 26 | T84: 26 | U84: 2025-09 | V84: SUB-0808330 | W84: 2024-01 | X84: 2028-12 | Y84: TRUE | Z84: 26 | AA84: No Controller
A85: Allied Universal - Adventist Health Portland - CP | B85: 545753 | D85: Enterprise (ENT) | E85: Enterprise - Healthcare | G85: 45257 | I85: 26 | K85: T 7 | L85: Full VR | M85: FALSE | N85: 26 | T85: 26 | U85: 2025-09 | V85: SUB-0808344 | W85: 2024-01 | X85: 2028-12 | Y85: TRUE | AA85: T 7
A86: Allied Universal - Adventist Health Portland - CP | B86: 545753 | D86: Enterprise (ENT) | E86: Enterprise - Healthcare | G86: 45257 | I86: 26 | K86: T 7 | L86: Full VR | M86: FALSE | N86: 26 | T86: 26 | U86: 2025-09 | X86: 2028-12 | Y86: TRUE | AA86: T 7
A87: Alpharetta Dept. Of Public Safety - GA | B87: 316775 | C87: 106 | D87: State/Local (STL) | E87: State/Local | F87: T1200 | G87: 44134 | I87: 144 | K87: T 7 | L87: CET Only | M87: FALSE | O87: 140 | T87: 140 | U87: 2025-09 | V87: SUB-0247293 | W87: 2020-12 | X87: 2025-11 | Y87: TRUE | Z87: 140 | AA87: No Controller
A88: Alpharetta Dept. Of Public Safety - GA | B88: 316775 | C88: 106 | D88: State/Local (STL) | E88: State/Local | F88: T1200 | G88: 44134 | I88: 144 | K88: T 7 | L88: CET Only | M88: FALSE | O88: 140 | T88: 140 | U88: 2025-09 | X88: 2025-11 | Y88: TRUE | AA88: T 7
A89: Alpine County Sheriff's Office - CA | B89: 107260 | C89: 13 | D89: State/Local (STL) | E89: State/Local | F89: Inside | G89: 44168 | I89: 28 | K89: T 7 | L89: CET Only | M89: FALSE | O89: 12 | T89: 12 | U89: 2025-09 | V89: SUB-0254591 | W89: 2021-01 | X89: 2025-12 | Y89: TRUE | Z89: 12 | AA89: No Controller
A90: Alpine County Sheriff's Office - CA | B90: 107260 | C90: 13 | D90: State/Local (STL) | E90: State/Local | F90: Inside | G90: 44168 | I90: 28 | K90: T 7 | L90: CET Only | M90: FALSE | O90: 12 | T90: 12 | U90: 2025-09 | X90: 2025-12 | Y90: TRUE | AA90: T 7
A91: Alpine County Sheriff's Office - CA | B91: 107260 | C91: 13 | D91: State/Local (STL) | E91: State/Local | F91: Inside | G91: 44168 | I91: 28 | K91: T 7 | L91: CET Only | M91: FALSE | O91: 12 | T91: 12 | U91: 2025-09 | X91: 2030-05 | Y91: TRUE | AA91: T 7
A92: Altoona Police Dept. - IA | B92: 116783 | C92: 29 | D92: State/Local (STL) | E92: State/Local | F92: Inside | G92: 45196 | H92: 45897 | J92: 51 | K92: T10 | L92: Full VR | M92: FALSE | N92: 50 | T92: 50 | U92: 2025-09 | V92: SUB-1138206 | W92: 2025-07 | X92: 2035-07 | Y92: TRUE | Z92: 50 | AA92: No Controller
A93: Altoona Police Dept. - IA | B93: 116783 | C93: 29 | D93: State/Local (STL) | E93: State/Local | F93: Inside | G93: 45196 | H93: 45897 | J93: 51 | K93: T10 | L93: Full VR | M93: FALSE | N93: 50 | T93: 50 | U93: 2025-09 | X93: 2029-04 | Y93: TRUE | AA93: T10
A94: Altoona Police Dept. - IA | B94: 116783 | C94: 29 | D94: State/Local (STL) | E94: State/Local | F94: Inside | G94: 45196 | H94: 45897 | J94: 51 | K94: T10 | L94: Full VR | M94: FALSE | N94: 50 | T94: 50 | U94: 2025-09 | X94: 2035-07 | Y94: TRUE | AA94: T10
A95: Amarillo Police Dept - TX | B95: 105779 | C95: 354 | D95: State/Local (STL) | E95: State/Local | F95: T1200 | G95: 45314 | H95: 45671 | I95: 258 | J95: 258 | K95: T10 | L95: Full VR | M95: FALSE | N95: 268 | T95: 268 | U95: 2025-09 | V95: SUB-0853822 | W95: 2024-08 | X95: 2033-07 | Y95: TRUE | Z95: 18 | AA95: No Controller
A96: Amarillo Police Dept - TX | B96: 105779 | C96: 354 | D96: State/Local (STL) | E96: State/Local | F96: T1200 | G96: 45314 | H96: 45671 | I96: 258 | J96: 258 | K96: T10 | L96: Full VR | M96: FALSE | N96: 268 | T96: 268 | U96: 2025-09 | V96: SUB-0854008 | W96: 2024-08 | X96: 2029-01 | Y96: TRUE | Z96: 250 | AA96: No Controller
A97: Amarillo Police Dept - TX | B97: 105779 | C97: 354 | D97: State/Local (STL) | E97: State/Local | F97: T1200 | G97: 45314 | H97: 45671 | I97: 258 | J97: 258 | K97: T10 | L97: Full VR | M97: FALSE | N97: 268 | T97: 268 | U97: 2025-09 | V97: SUB-0854012 | W97: 2024-08 | X97: 2029-01 | Y97: TRUE | AA97: T10
A98: Amarillo Police Dept - TX | B98: 105779 | C98: 354 | D98: State/Local (STL) | E98: State/Local | F98: T1200 | G98: 45314 | H98: 45671 | I98: 258 | J98: 258 | K98: T10 | L98: Full VR | M98: FALSE | N98: 268 | T98: 268 | U98: 2025-09 | X98: 2033-04 | Y98: TRUE | AA98: T10
A99: Amber Police Department - OK | B99: 476910 | C99: 2 | D99: State/Local (STL) | E99: State/Local | F99: Inside | G99: 45707 | H99: 45807 | J99: 4 | K99: T10 | L99: Full VR | M99: FALSE | N99: 4 | T99: 4 | U99: 2025-09 | V99: SUB-1080670 | W99: 2025-05 | X99: 2030-05 | Y99: TRUE | Z99: 4 | AA99: No Controller
A100: Amber Police Department - OK | B100: 476910 | C100: 2 | D100: State/Local (STL) | E100: State/Local | F100: Inside | G100: 45707 | H100: 45807 | J100: 4 | K100: T10 | L100: Full VR | M100: FALSE | N100: 4 | T100: 4 | U100: 2025-09 | X100: 2030-05 | Y100: TRUE | AA100: T10
...

Sheet Old Version
A1: Account Number | B1: Account Name | C1: Number of Officers | D1: Active License Quantity | E1: Footprint Size | F1: Total CEWs | G1: TASER Type | H1: Active License Type | I1: VR HW Purchase Date | J1: First PSO Start Date | K1: Account Line Size | L1: Time as Customer
A2: 483156 | B2: Dutchess County Jail - NY | C2: 234 | D2: 175 | E2: 0 | G2: No Controller | H2: Full VR | I2: 44833 | K2: T1200 | L2: 38
A3: 169787 | B3: Cobb County Sheriff's Office - GA | C3: 527 | D3: 1077 | E3: 515 | G3: T10 | H3: Full VR | I3: 44985 | K3: T1200 | L3: 33
A4: 309455 | B4: Moniteau County Sheriff's Dept. - MO | C4: 22 | D4: 7 | E4: 0 | G4: T10 | H4: Full VR | I4: 44960 | K4: Inside | L4: 33
A5: 112152 | B5: San Benito County Sheriff's Office - CA | C5: 26 | D5: 60 | E5: 60 | G5: T10 | H5: Full VR | I5: 45016 | K5: Inside | L5: 32
A6: 293426 | B6: Tonkawa Police Dept. | C6: 7 | D6: 43 | E6: 8 | G6: T10 | H6: Full VR | I6: 45016 | J6: 45748 | K6: Inside | L6: 32
A7: 318425 | B7: Youngsville Police Dept. - LA | C7: 31 | D7: 70 | E7: 25 | G7: T10 | H7: Full VR | I7: 45007 | K7: Inside | L7: 32
A8: 319013 | B8: Crockett Police Dept. - TX | C8: 15 | D8: 16 | E8: 0 | G8: T10 | H8: Full VR | I8: 45008 | J8: 45258 | K8: Inside | L8: 32
A9: 470672 | B9: Harris County Constable Pct. 8 - TX | C9: 69 | D9: 73 | E9: 0 | G9: T10 | H9: Full VR | I9: 45044 | K9: Direct | L9: 31
A10: 110274 | B10: Florence County Sheriff's Office - SC | C10: 206 | D10: 160 | E10: 223 | G10: T10 | H10: Full VR | I10: 45056 | K10: T1200 | L10: 30
A11: 112129 | B11: Leon County Sheriff's Dept. - FL | C11: 538 | D11: 473 | E11: 538 | G11: T10 | H11: Full VR | I11: 45063 | K11: T1200 | L11: 30
A12: 177293 | B12: Middletown Police Dept. - DE | C12: 32 | D12: 44 | E12: 46 | G12: T10 | H12: Full VR | I12: 45062 | K12: Inside | L12: 30
A13: 485188 | B13: Eastville Police Department - VA | C13: 3 | D13: 6 | E13: 1 | G13: T10 | H13: Full VR | I13: 45072 | K13: Inside | L13: 30
A14: 106169 | B14: LOUISIANA STATE PENITENTIARY | C14: 1506 | D14: 20 | E14: 1 | G14: T10 | H14: Full VR | I14: 45107 | K14: Major | L14: 29
A15: 106516 | B15: Farmers Branch Police Dept. - TX | C15: 86 | D15: 80 | E15: 101 | G15: T10 | H15: Full VR | I15: 45105 | K15: Direct | L15: 29
A16: 106916 | B16: Henrico County Police Dept. - VA | C16: 660 | D16: 500 | E16: 533 | G16: T10 | H16: Full VR | I16: 45099 | J16: 45680 | K16: Major | L16: 29
A17: 107887 | B17: Memphis Police Department - TN | C17: 2180 | D17: 2300 | E17: 2281 | G17: T10 | H17: Full VR | I17: 45107 | J17: 45755 | K17: Major | L17: 29
A18: 108003 | B18: East Bay Regional Park Police Dept. - CA | C18: 62 | D18: 65 | E18: 79 | G18: T10 | H18: Full VR | I18: 45105 | K18: Direct | L18: 29
A19: 110318 | B19: Volusia Sheriff's Office - FL | C19: 404 | D19: 537 | E19: 533 | G19: T10 | H19: Full VR | I19: 45105 | K19: T1200 | L19: 29
A20: 110673 | B20: Do√±a Ana County Sheriff's Dept. - NM | C20: 135 | D20: 150 | E20: 190 | G20: T10 | H20: Full VR | I20: 45085 | K20: T1200 | L20: 29
A21: 117408 | B21: Addison Police Department - IL | C21: 68 | D21: 271 | E21: 25 | G21: T10 | H21: Full VR | I21: 45099 | K21: Direct | L21: 29
A22: 124496 | B22: Pittsburgh Bureau of Police - PA | C22: 965 | D22: 900 | E22: 992 | G22: T10 | H22: Full VR | I22: 45107 | K22: Major | L22: 29
A23: 145570 | B23: Clark County Sheriff's Office - WA | C23: 300 | D23: 153 | E23: 189 | G23: T10 | H23: Full VR | I23: 45107 | J23: 45915 | K23: T1200 | L23: 29
A24: 204311 | B24: Stallings Police Department - NC | C24: 21 | D24: 20 | E24: 26 | G24: T10 | H24: Full VR | I24: 45079 | K24: Inside | L24: 29
A25: 465304 | B25: York City School Police Dept - PA | C25: 5 | D25: 24 | E25: 18 | G25: T10 | H25: Full VR | I25: 45098 | K25: Inside | L25: 29
A26: 109735 | B26: St. Mary's County Sheriff's Office - MD | C26: 151 | D26: 166 | E26: 162 | G26: T10 | H26: Full VR | I26: 45135 | K26: T1200 | L26: 28
A27: 115779 | B27: Bryan Police Dept. - TX | C27: 151 | D27: 170 | E27: 201 | G27: T10 | H27: Full VR | I27: 45162 | K27: T1200 | L27: 27
A28: 119937 | B28: New Castle County Police Dept. - DE | C28: 367 | D28: 385 | E28: 377 | G28: T10 | H28: Full VR | I28: 45154 | K28: T1200 | L28: 27
A29: 306046 | B29: Watertown City Police Dept. - NY | C29: 65 | D29: 70 | E29: 56 | G29: T 7 | H29: Full VR | I29: 45146 | K29: Direct | L29: 27
A30: 466492 | B30: Brazoria County Sheriff's Office - TX | C30: 290 | D30: 100 | E30: 0 | G30: T 7 | H30: Full VR | I30: 45160 | K30: T1200 | L30: 27
A31: 478423 | B31: Orange Police Dept. - MA | C31: 13 | D31: 14 | E31: 14 | G31: T10 | H31: Full VR | I31: 45147 | K31: Inside | L31: 27
A32: 481940 | B32: DuBois City Police Department - PA | C32: 13 | D32: 24 | E32: 23 | G32: T10 | H32: Full VR | I32: 45141 | K32: Inside | L32: 27
A33: 106715 | B33: Terrebonne Parish Sheriff's Office - LA | C33: 275 | D33: 136 | E33: 186 | G33: T10 | H33: Full VR | I33: 45194 | K33: T1200 | L33: 26
A34: 107092 | B34: Seminole County Sheriff's Office - FL | C34: 701 | D34: 750 | E34: 570 | G34: T10 | H34: Full VR | I34: 45194 | K34: Major | L34: 26
A35: 107750 | B35: New Mexico Dept. of Public Safety - NM | C35: 682 | D35: 715 | E35: 745 | G35: T10 | H35: Full VR | I35: 45184 | K35: Major | L35: 26
... A50: 474623 | B50: Nevada Dept of Motor Vehicles | C50: 30 | D50: 31 | E50: 16 | G50: T10 | H50: Full VR | I50: 45176 | K50: Inside | L50: 26
A51: 515162 | B51: Golden West College Criminal Justice - Training Center | D51: 6 | E51: 0 | G51: T10 | H51: Full VR | I51: 45180 | L51: 26
A52: 100003 | B52: Oregon Health and Science University Police Dept. | C52: 25 | D52: 40 | E52: 0 | G52: T10 | H52: Full VR | I52: 45202 | K52: Inside | L52: 25
A53: 105785 | B53: Fort Worth Police Department - TX | C53: 1717 | D53: 3861 | E53: 1993 | G53: T10 | H53: Full VR | I53: 45219 | K53: Major | L53: 25
A54: 106774 | B54: Tucson Police Dept - AZ | C54: 869 | D54: 1836 | E54: 1018 | G54: T10 | H54: Full VR | I54: 45198 | K54: Major | L54: 25
A55: 106950 | B55: Hurricane Police Department - UT | C55: 23 | D55: 65 | E55: 30 | G55: T10 | H55: Full VR | I55: 45198 | K55: Inside | L55: 25
A56: 109229 | B56: Greenville Police Dept. - SC | C56: 228 | D56: 228 | E56: 285 | G56: T10 | H56: Full VR | I56: 45198 | K56: T1200 | L56: 25
A57: 109762 | B57: Mauston Police Department - WI | C57: 9 | D57: 10 | E57: 0 | G57: T10 | H57: Full VR | I57: 45198 | K57: Inside | L57: 25
A58: 109892 | B58: Oswego City Police Dept. - NY | C58: 46 | D58: 54 | E58: 51 | G58: T10 | H58: Full VR | I58: 45217 | K58: Direct | L58: 25
A59: 110479 | B59: San Marcos Police Dept. - TX | C59: 108 | D59: 278 | E59: 103 | G59: T10 | H59: Full VR | I59: 45198 | K59: T1200 | L59: 25
A60: 112375 | B60: DuPage County Sheriff's Office | C60: 402 | D60: 582 | E60: 189 | G60: T10 | H60: Full VR | I60: 45212 | K60: T1200 | L60: 25
A61: 112666 | B61: Tulsa County Sheriff's Office - OK | C61: 570 | D61: 62 | E61: 145 | G61: T10 | H61: Full VR | I61: 45198 | K61: Major | L61: 25
A62: 118223 | B62: Lynchburg Police Department - VA | C62: 175 | D62: 186 | E62: 183 | G62: T10 | H62: Full VR | I62: 45198 | K62: T1200 | L62: 25
A63: 132229 | B63: Bexar County Sheriff's Office - TX | C63: 978 | D63: 624 | E63: 746 | G63: T 7 | H63: Full VR | I63: 45216 | K63: Major | L63: 25
... A66: 315703 | B66: University of Maryland Baltimore - MD | C66: 75 | D66: 90 | E66: 80 | G66: T 7 | H66: Full VR | I66: 45223 | K66: Direct | L66: 25
A67: 315722 | B67: Maryland Transit Administration Police - MD | C67: 230 | D67: 200 | E67: 210 | G67: T 7 | H67: Full VR | I67: 45203 | J67: 45888 | K67: T1200 | L67: 25
A68: 465982 | B68: North Andover Police Dept - MA | C68: 38 | D68: 35 | E68: 0 | G68: T 7 | H68: Full VR | I68: 45210 | K68: Inside | L68: 25
A69: 478409 | B69: Pennsylvania DOC and Parole | C69: 630 | D69: 26 | E69: 0 | G69: T10 | H69: Full VR | I69: 45209 | K69: Major | L69: 25
A70: 513800 | B70: Polk School District | D70: 15 | E70: 14 | G70: T 7 | H70: Full VR | I70: 45212 | L70: 25
A71: 532247 | B71: National Commissioner of the Icelandic Police | C71: 400 | D71: 480 | E71: 703 | G71: T10 | H71: Full VR | I71: 45216 | K71: T1200 | L71: 25
A72: 542050 | B72: Johns Hopkins University Police Dept. - MD | C72: 100 | D72: 100 | E72: 101 | G72: T10 | H72: Full VR | I72: 45198 | J72: 45785 | K72: T1200 | L72: 25
A73: CA0115746 | B73: CPKC Railway Police Service | C73: 100 | D73: 42 | E73: 0 | G73: T10 | H73: Full VR | I73: 45218 | K73: T1200 | L73: 25
A74: 105754 | B74: Corona Police Dept. - CA | C74: 159 | D74: 166 | E74: 228 | G74: T10 | H74: Full VR | I74: 45239 | K74: T1200 | L74: 24
A75: 106155 | B75: Phoenix Police Dept. - AZ | C75: 2903 | D75: 2850 | E75: 3183 | G75: T10 | H75: Full VR | I75: 45257 | K75: Major | L75: 24
A76: 106159 | B76: Bristol Police Dept. - CT | C76: 122 | D76: 130 | E76: 122 | G76: T 7 | H76: Full VR | I76: 45246 | K76: T1200 | L76: 24
A77: 106273 | B77: Waushara County Sheriff's Office - WI | C77: 24 | D77: 30 | E77: 0 | G77: T10 | H77: Full VR | I77: 45238 | K77: Inside | L77: 24
A78: 106346 | B78: Seattle Police Dept. - WA | C78: 1282 | D78: 1200 | E78: 1340 | G78: T10 | H78: Full VR | I78: 45236 | K78: Major | L78: 24
A79: 106590 | B79: Appleton Police Department - WI | C79: 114 | D79: 115 | E79: 150 | G79: T10 | H79: Full VR | I79: 45257 | K79: T1200 | L79: 24
A80: 107911 | B80: Louisville Metro Police Department | C80: 1072 | D80: 1215 | E80: 1312 | G80: T10 | H80: Full VR | I80: 45251 | K80: Major | L80: 24
A81: 108050 | B81: Metro Nashville Police Department -TN | C81: 1508 | D81: 1658 | E81: 1400 | G81: T10 | H81: Full VR | I81: 45257 | K81: Major | L81: 24
A82: 109160 | B82: North Carolina State Highway Patrol - NC | C82: 1715 | D82: 1450 | E82: 120 | G82: T10 | H82: Full VR | I82: 45230 | K82: Major | L82: 24
A83: 110380 | B83: Germantown Police Department - WI | C83: 33 | D83: 43 | E83: 36 | G83: T10 | H83: Full VR | I83: 45237 | J83: 45838 | K83: Inside | L83: 24
A84: 112606 | B84: Kyle Police Dept. - TX | C84: 50 | D84: 82 | E84: 70 | G84: T 7 | H84: Full VR | I84: 45247 | J84: 45981 | K84: Direct | L84: 24
A85: 112630 | B85: Clay Twp. Police Dept. - MI | C85: 16 | D85: 20 | E85: 0 | G85: T10 | H85: Full VR | I85: 45232 | K85: Inside | L85: 24
A86: 115314 | B86: Jefferson County Sheriff's Office - AL | C86: 475 | D86: 450 | E86: 487 | G86: T10 | H86: Full VR | I86: 45233 | K86: T1200 | L86: 24
A87: 115327 | B87: Clayton County Sheriff's Office - GA | C87: 269 | D87: 320 | E87: 344 | G87: T 7 | H87: Full VR | I87: 45246 | J87: 45971 | K87: T1200 | L87: 24
A88: 115752 | B88: Muscogee County Sheriff's Office - GA | C88: 300 | D88: 130 | E88: 60 | G88: T 7 | H88: Full VR | I88: 45257 | K88: T1200 | L88: 24
A89: 128688 | B89: Napa Police Dept. - CA | C89: 71 | D89: 89 | E89: 89 | G89: T10 | H89: Full VR | I89: 45252 | K89: Direct | L89: 24
A90: 153711 | B90: Justin Police Dept. - TX | C90: 7 | D90: 16 | E90: 15 | G90: T10 | H90: Full VR | I90: 45243 | K90: Inside | L90: 24
A91: 167965 | B91: Kanawha County Sheriff's Office - WV | C91: 113 | D91: 115 | E91: 128 | G91: T 7 | H91: Full VR | I91: 45245 | K91: T1200 | L91: 24
A92: 190848 | B92: Kenner Police Dept. - LA | C92: 146 | D92: 160 | E92: 115 | G92: T 7 | H92: Full VR | I92: 45243 | K92: T1200 | L92: 24
A93: 201477 | B93: Laconia Police Dept. - NH | C93: 43 | D93: 55 | E93: 52 | G93: T10 | H93: Full VR | I93: 45257 | K93: Direct | L93: 24
A94: 305270 | B94: Tilden Twp Police Dept. - PA | C94: 3 | D94: 4 | E94: 4 | G94: T10 | H94: Full VR | I94: 45233 | K94: Inside | L94: 24
A95: 307983 | B95: Parkview Health Department of Public Safety - IN | C95: 40 | D95: 80 | E95: 0 | G95: T 7 | H95: Full VR | I95: 45247 | K95: Direct | L95: 24
A96: 459129 | B96: Dallas Area Rapid Transit Police Department - TX | C96: 256 | D96: 252 | E96: 380 | G96: T 7 | H96: Full VR | I96: 45252 | J96: 45686 | K96: T1200 | L96: 24
A97: 488474 | B97: Pine Plains Police Dept - NY | C97: 10 | D97: 7 | E97: 8 | G97: T10 | H97: Full VR | I97: 45257 | K97: Inside | L97: 24
A98: 545753 | B98: Allied Universal - Adventist Health Portland - CP | D98: 26 | E98: 0 | G98: T 7 | H98: Full VR | I98: 45257 | L98: 24
A99: 105226 | B99: Clackamas County Sheriff's Office - OR | C99: 323 | D99: 323 | E99: 120 | G99: T 7 | H99: Full VR | I99: 45278 | K99: T1200 | L99: 23
A100: 105526 | B100: Baltimore City Police Dept - MD | C100: 2530 | D100: 1200 | E100: 2836 | G100: T 7 | H100: Full VR | I100: 45273 | K100: Major | L100: 23
A101: 105857 | B101: Santa Ana Police Dept - CA | C101: 335 | D101: 369 | E101: 419 | G101: T10 | H101: Full VR | I101: 45273 | K101: T1200 | L101: 23
A102: 105861 | B102: Largo Police Dept. - FL | C102: 157 | D102: 157 | E102: 157 | G102: T 7 | H102: Full VR | I102: 45273 | K102: T1200 | L102: 23
A103: 106000 | B103: Atlanta Police Dept. - GA | C103: 1657 | D103: 2337 | E103: 1800 | G103: T10 | H103: Full VR | I103: 45264 | K103: Major | L103: 23
A104: 106297 | B104: Springfield Police Department - MO | C104: 325 | D104: 235 | E104: 296 | G104: T10 | H104: Full VR | I104: 45279 | K104: T1200 | L104: 23
A105: 106311 | B105: Schaumburg Police Dept. - IL | C105: 117 | D105: 117 | E105: 148 | G105: T 7 | H105: Full VR | I105: 45278 | K105: T1200 | L105: 23
A106: 106477 | B106: City of Rock Hill Police Dept - SC | C106: 150 | D106: 156 | E106: 158 | G106: T10 | H106: Full VR | I106: 45279 | K106: T1200 | L106: 23
A107: 106758 | B107: Jonesboro Police Department - AR | C107: 159 | D107: 230 | E107: 217 | G107: T 7 | H107: Full VR | I107: 45272 | J107: 45763 | K107: T1200 | L107: 23
A108: 106909 | B108: La Verne Police Dept. - CA | C108: 41 | D108: 48 | E108: 56 | G108: T 7 | H108: Full VR | I108: 45274 | K108: Direct | L108: 23
A109: 106932 | B109: Loveland Police Dept. - CO | C109: 114 | D109: 120 | E109: 145 | G109: T 7 | H109: Full VR | I109: 45273 | K109: T1200 | L109: 23
A110: 106987 | B110: Port Orchard Police Dept. - WA | C110: 24 | D110: 25 | E110: 27 | G110: T10 | H110: Full VR | I110: 45274 | K110: Inside | L110: 23
A111: 107016 | B111: Alameda County Sheriff's Office - CA | C111: 967 | D111: 1300 | E111: 1201 | G111: T 7 | H111: Full VR | I111: 45273 | K111: Major | L111: 23
A112: 107083 | B112: Wood County Sheriff's Office - OH | C112: 118 | D112: 100 | E112: 47 | G112: T 7 | H112: Full VR | I112: 45280 | K112: T1200 | L112: 23
A113: 107124 | B113: Lincoln Police Department - NE | C113: 341 | D113: 330 | E113: 327 | G113: T10 | H113: Full VR | I113: 45272 | K113: T1200 | L113: 23
A114: 107215 | B114: Clarkston Police Dept. - WA | C114: 14 | D114: 13 | E114: 0 | G114: T 7 | H114: Full VR | I114: 45278 | K114: Inside | L114: 23
A115: 107245 | B115: Fullerton Police Dept. - CA | C115: 122 | D115: 142 | E115: 160 | G115: T 7 | H115: Full VR | I115: 45280 | K115: T1200 | L115: 23
A116: 107709 | B116: Anoka County Sheriff's Office - MN | C116: 213 | D116: 216 | E116: 160 | G116: T 7 | H116: Full VR | I116: 45272 | K116: T1200 | L116: 23
...
