Workbook

Sheet Thi Sandbox
C3: 2025 Baseline
C4: Line Size | D4: Eligible Points | G4: % Mix | H4: APAP %
C5: Major | D5: 64815 | G5: =F5/$F$17 -> #DIV/0! | H5: =E5/F5 -> #DIV/0!
C6: T1200 | D6: 41166 | G6: =F6/$F$17 -> #DIV/0! | H6: =E6/F6 -> #DIV/0!
C7: Other | D7: 12075 | G7: =F7/$F$17 -> #DIV/0! | H7: =E7/F7 -> #DIV/0!
C8: Grand Total | D8: 118056 | G8: =F8/$F$17 -> #DIV/0! | H8: =E8/F8 -> #DIV/0!
G9: =F9/$F$17 -> #DIV/0! | H9: =E9/F9 -> #DIV/0!
G10: =F10/$F$17 -> #DIV/0! | H10: =E10/F10 -> #DIV/0!
G11: =F11/$F$17 -> #DIV/0! | H11: =E11/F11 -> #DIV/0!
G12: =F12/$F$17 -> #DIV/0! | H12: =E12/F12 -> #DIV/0!
G13: =F13/$F$17 -> #DIV/0! | H13: =E13/F13 -> #DIV/0!
G14: =F14/$F$17 -> #DIV/0! | H14: =E14/F14 -> #DIV/0!
G15: =F15/$F$17 -> #DIV/0! | H15: =E15/F15 -> #DIV/0!
G16: =F16/$F$17 -> #DIV/0! | H16: =E16/F16 -> #DIV/0!
G17: =F17/$F$17 -> #DIV/0! | H17: =E17/F17 -> #DIV/0!
C21: 2026 High Confidence | M21: 2026 High Confidence
C22: Row Labels | E22: Adopting Points | F22: Eligible Points | G22: % Mix | H22: APAP %
C23: 6 to 12 Months | E23: =SUM(E24:E26) -> #DIV/0! | F23: 40000 | G23: =F23/$F$35 -> 1 | H23: =E23/F23 -> #DIV/0! | M23: Retention Rate | O23: What % of adopting customers will still be adopting in 2026
C24: Major | E24: =F24*N32 -> #DIV/0! | F24: =$F$23*(F5/$F$8) -> #DIV/0! | G24: =F24/$F$35 -> #DIV/0! | H24: =E24/F24 -> #DIV/0! | M24: Major | N24: 0.7 | O24: Conservative estimate for high confidence
C25: T1200 | E25: =F25*N33 -> #DIV/0! | F25: =$F$23*(F6/$F$8) -> #DIV/0! | G25: =F25/$F$35 -> #DIV/0! | H25: =E25/F25 -> #DIV/0! | M25: T1200 | N25: 0.7
C26: Other | E26: =F26*N34 -> #DIV/0! | F26: =$F$23*(F7/$F$8) -> #DIV/0! | G26: =F26/$F$35 -> #DIV/0! | H26: =E26/F26 -> #DIV/0! | M26: Other | N26: 0.7
C27: 12 to 24 Months | E27: =SUM(E28:E30) -> 0 | F27: =F8 -> 0 | G27: =F27/$F$35 -> 0 | H27: =E27/F27 -> #DIV/0! | M27: Conversion Rate | O27: What % of unadopting customers will now adopt in 2026. Based on % of non-adopting customers that showed decent SIM activity on 2025 per cohort.
C28: Major | E28: =(E5*N24)+((F5-E5)*N28) -> 0 | F28: =F5 -> 0 | G28: =F28/$F$35 -> 0 | H28: =E28/F28 -> #DIV/0! | M28: Major | N28: 0.1 | O28: Based on % of non-adopting customers that showed decent SIM activity in 2025 across each line size.
C29: T1200 | E29: =(E6*N25)+((F6-E6)*N29) -> 0 | F29: =F6 -> 0 | G29: =F29/$F$35 -> 0 | H29: =E29/F29 -> #DIV/0! | M29: T1200 | N29: 0.25
C30: Other | E30: =(E7*N26)+((F7-E7)*N30) -> 0 | F30: =F7 -> 0 | G30: =F30/$F$35 -> 0 | H30: =E30/F30 -> #DIV/0! | M30: Other | N30: 0.3
C31: 24+ Months Total | E31: =SUM(E32:E34) -> 0 | F31: =F12+F16 -> 0 | G31: =F31/$F$35 -> 0 | H31: =E31/F31 -> #DIV/0! | M31: New Customer Adoption Rate | O31: What % of newly eligible customers will adopt in 2026 in less than 1 year's time.
C32: Major | E32: =((E9+E13)*N24)+(((F9-E9)+(F13-E13))*N28) -> 0 | F32: =F9+F13 -> 0 | G32: =F32/$F$35 -> 0 | H32: =E32/F32 -> #DIV/0! | M32: Major | N32: =H5*0.9 -> #DIV/0! | O32: =(N32-$H$5)*100 -> #DIV/0! | P32: ppts change YoY | R32: 10% Decrease from Nov'25 adoption rates to be conservative
C33: T1200 | E33: =((E10+E14)*N25)+(((F10-E10)+(F14-E14))*N29) -> 0 | F33: =F10+F14 -> 0 | G33: =F33/$F$35 -> 0 | H33: =E33/F33 -> #DIV/0! | M33: T1200 | N33: =H6*0.9 -> #DIV/0! | O33: =(N33-$H$6)*100 -> #DIV/0! | P33: ppts change YoY | R33: 10% Decrease from Nov'25 adoption rates to be conservative
C34: Other | E34: =((E11+E15)*N26)+(((F11-E11)+(F15-E15))*N30) -> 0 | F34: =F11+F15 -> 0 | G34: =F34/$F$35 -> 0 | H34: =E34/F34 -> #DIV/0! | M34: Other | N34: =H7*0.9 -> #DIV/0! | O34: =(N34-$H$7)*100 -> #DIV/0! | P34: ppts change YoY | R34: 10% Decrease from Nov'25 adoption rates to be conservative
C35: Grand Total | E35: =SUM(E31+E27+E23) -> #DIV/0! | F35: =F23+F27+F31 -> 40000 | G35: =F35/F35 -> 1 | H35: =E35/F35 -> #DIV/0!
C39: 2026 Hard Climb | M39: 2026 High Confidence
C40: Row Labels | E40: Adopting Points | F40: Eligible Points | G40: % Mix | H40: APAP %
C41: 6 to 12 Months | E41: =SUM(E42:E44) -> #DIV/0! | F41: 40000 | G41: =F41/$F$35 -> 1 | H41: =E41/F41 -> #DIV/0! | M41: Retention Rate | O41: What % of adopting customers will still be adopting in 2026
C42: Major | E42: =F42*N50 -> #DIV/0! | F42: =$F$41*(F5/$F$8) -> #DIV/0! | G42: =F42/$F$35 -> #DIV/0! | H42: =E42/F42 -> #DIV/0! | M42: Major | N42: 0.9 | O42: Assumes CSMs will be able to push customers to continue adopting. Still accounts for some drop offs (eg., recerts).
C43: T1200 | E43: =F43*N51 -> #DIV/0! | F43: =$F$41*(F6/$F$8) -> #DIV/0! | G43: =F43/$F$35 -> #DIV/0! | H43: =E43/F43 -> #DIV/0! | M43: T1200 | N43: 0.9
C44: Other | E44: =F44*N52 -> #DIV/0! | F44: =$F$41*(F7/$F$8) -> #DIV/0! | G44: =F44/$F$35 -> #DIV/0! | H44: =E44/F44 -> #DIV/0! | M44: Other | N44: 0.9
C45: 12 to 24 Months | E45: =SUM(E46:E48) -> 0 | F45: =F8 -> 0 | G45: =F45/$F$35 -> 0 | H45: =E45/F45 -> #DIV/0! | M45: Conversion Rate | O45: What % of unadopting customers will now adopt in 2026. Based on % of non-adopting customers that showed decent SIM activity on 2025 per cohort.
C46: Major | E46: =(E5*N42)+((F5-E5)*N46) -> 0 | F46: =F5 -> 0 | G46: =F46/$F$35 -> 0 | H46: =E46/F46 -> #DIV/0! | M46: Major | N46: 0.1 | O46: Assumes flat rate from High Confidence given engaging with lagging customers is both difficult and low priority for CSMs.
C47: T1200 | E47: =(E6*N43)+((F6-E6)*N47) -> 0 | F47: =F6 -> 0 | G47: =F47/$F$35 -> 0 | H47: =E47/F47 -> #DIV/0! | M47: T1200 | N47: 0.25
C48: Other | E48: =(E7*N44)+((F7-E7)*N48) -> 0 | F48: =F7 -> 0 | G48: =F48/$F$35 -> 0 | H48: =E48/F48 -> #DIV/0! | M48: Other | N48: 0.3
C49: 24+ Months Total | E49: =SUM(E50:E52) -> 0 | F49: =F12+F16 -> 0 | G49: =F49/$F$35 -> 0 | H49: =E49/F49 -> #DIV/0! | M49: New Customer Adoption Rate | O49: What % of newly eligible customers will adopt in 2026 in less than 1 year's time.
C50: Major | E50: =((E9+E13)*N42)+(((F9-E9)+(F13-E13))*N46) -> 0 | F50: =F9+F13 -> 0 | G50: =F50/$F$35 -> 0 | H50: =E50/F50 -> #DIV/0! | M50: Major | N50: =H5*1.1 -> #DIV/0! | O50: =(N50-$H$5)*100 -> #DIV/0! | P50: ppts change YoY | R50: Assume 10% increase in rates as Nov '25 cohorts
C51: T1200 | E51: =((E10+E14)*N43)+(((F10-E10)+(F14-E14))*N47) -> 0 | F51: =F10+F14 -> 0 | G51: =F51/$F$35 -> 0 | H51: =E51/F51 -> #DIV/0! | M51: T1200 | N51: =H6*1.1 -> #DIV/0! | O51: =(N51-$H$6)*100 -> #DIV/0! | P51: ppts change YoY
C52: Other | E52: =((E11+E15)*N44)+(((F11-E11)+(F15-E15))*N48) -> 0 | F52: =F11+F15 -> 0 | G52: =F52/$F$35 -> 0 | H52: =E52/F52 -> #DIV/0! | M52: Other | N52: =H7*1.1 -> #DIV/0! | O52: =(N52-$H$7)*100 -> #DIV/0! | P52: ppts change YoY
C53: Grand Total | E53: =SUM(E49+E45+E41) -> #DIV/0! | F53: =F41+F45+F49 -> 40000 | G53: =F53/F53 -> 1 | H53: =E53/F53 -> #DIV/0!

Sheet Goal Model (Final)
C2: 2025 Cohort | D2: 0-6 Months
C4: Line Size | D4: Sum of AgencySize | F4: 0.4 | G4: Growth in Eligible Points
C5: Major | D5: 3708
C6: Other | D6: 14691
C7: T1200 | D7: 14181
C8: Grand Total | D8: 32580
C10: 2026 Baseline
C11: 2025 Cohort | D11: Line Size | E11: Sum of No Qualifier Adopting Points | F11: Eligible Points | G11: % Mix | H11: APAP %
C12: 6-12 Months | D12: Major | E12: 16795 | F12: 37708 | G12: =F12/GETPIVOTDATA("Eligible Points",$C$11) -> 0.25549849 | H12: =E12/F12 -> 0.4453962
D13: T1200 | E13: 8016 | F13: 20937 | G13: =F13/GETPIVOTDATA("Eligible Points",$C$11) -> 0.14186305 | H13: =E13/F13 -> 0.38286287
D14: Other | E14: 5326 | F14: 8092 | G14: =F14/GETPIVOTDATA("Eligible Points",$C$11) -> 0.054829049 | H14: =E14/F14 -> 0.65818092
C15: 6-12 Months Total | E15: 30137 | F15: 66737 | G15: =F15/GETPIVOTDATA("Eligible Points",$C$11) -> 0.45219059 | H15: =E15/F15 -> 0.45157858
C16: 12-24 Months | D16: Major | E16: 4884 | F16: 19245 | G16: =F16/GETPIVOTDATA("Eligible Points",$C$11) -> 0.13039855 | H16: =E16/F16 -> 0.2537802
D17: T1200 | E17: 5668 | F17: 14130 | G17: =F17/GETPIVOTDATA("Eligible Points",$C$11) -> 0.095740788 | H17: =E17/F17 -> 0.40113234
D18: Other | E18: 1921 | F18: 3894 | G18: =F18/GETPIVOTDATA("Eligible Points",$C$11) -> 0.026384616 | H18: =E18/F18 -> 0.49332306
C19: 12-24 Months Total | E19: 12473 | F19: 37269 | G19: =F19/GETPIVOTDATA("Eligible Points",$C$11) -> 0.25252395 | H19: =E19/F19 -> 0.33467493
C20: 24+ Months | D20: Major | E20: 6204 | F20: 25493 | G20: =F20/GETPIVOTDATA("Eligible Points",$C$11) -> 0.17273319 | H20: =E20/F20 -> 0.24336092
D21: T1200 | E21: 4619 | F21: 15609 | G21: =F21/GETPIVOTDATA("Eligible Points",$C$11) -> 0.10576206 | H21: =E21/F21 -> 0.29591902
D22: Other | E22: 1297 | F22: 2478 | G22: =F22/GETPIVOTDATA("Eligible Points",$C$11) -> 0.01679021 | H22: =E22/F22 -> 0.52340597
C23: 24+ Months Total | E23: 12120 | F23: 43580 | G23: =F23/GETPIVOTDATA("Eligible Points",$C$11) -> 0.29528546 | H23: =E23/F23 -> 0.27810922
C24: Grand Total | E24: 54730 | F24: 147586 | G24: =F24/GETPIVOTDATA("Eligible Points",$C$11) -> 1 | H24: =E24/F24 -> 0.37083463
C28: 2026 High Confidence | M28: 2026 High Confidence
C29: Row Labels | E29: Adopting Points | F29: Eligible Points | G29: % Mix | H29: APAP %
C30: 6 to 12 Months (Forecasted) | E30: =SUM(E31:E33) -> 26585.135 | F30: =F24*F4 -> 59034.4 | G30: =F30/$F$46 -> 0.24679892 | H30: =E30/F30 -> 0.45033295 | M30: Retention Rate | O30: What % of adopting customers will still be adopting in 2026
C31: Major | E31: =F31*N43 -> 11674.546 | F31: =$F$30*(F12/$F$15) -> 33355.847 | G31: =F31/$F$46 -> 0.13944729 | H31: =E31/F31 -> 0.35 | M31: Major | N31: 0.8 | O31: Conservative estimate for high confidence
C32: T1200 | E32: =F32*N44 -> 10186.28 | F32: =$F$30*(F13/$F$15) -> 18520.509 | G32: =F32/$F$46 -> 0.077426749 | H32: =E32/F32 -> 0.55 | M32: T1200 | N32: 0.8
C33: Other | E33: =F33*N45 -> 4724.3089 | F33: =$F$30*(F14/$F$15) -> 7158.0437 | G33: =F33/$F$46 -> 0.029924882 | H33: =E33/F33 -> 0.66 | M33: Other | N33: 0.8
C34: 12 to 18 Months (Inelligible) | E34: =SUM(E35:E37) -> 14959.993 | F34: =D8 -> 32580 | G34: =F34/$F$46 -> 0.13620379 | H34: =E34/F34 -> 0.45917719 | M34: Conversion Rate | O34: What % of unadopting customers will now adopt in 2026. Based on % of non-adopting customers that showed decent SIM activity on 2025 per cohort.
C35: Major | E35: =(F35*N39*N31)+(F35-(F35*N39*N31))*N35 -> 6479.7845 | F35: =$F$34*(F12/$F$15) -> 18408.479 | G35: =F35/$F$46 -> 0.076958394 | H35: =E35/F35 -> 0.352 | M35: Major | N35: 0.1 | O35: Based on % of non-adopting customers that showed decent SIM activity in 2025 across each line size.
C36: T1200 | E36: =(F36*N40*N32)+(F36-(F36*N40*N32))*N36 -> 5928.2546 | F36: =$F$34*(F13/$F$15) -> 10221.129 | G36: =F36/$F$46 -> 0.042730399 | H36: =E36/F36 -> 0.58 | M36: T1200 | N36: 0.25
C37: Other | E37: =(F37*N41*N33)+(F37-(F37*N41*N33))*N37 -> 2551.9537 | F37: =$F$34*(F14/$F$15) -> 3950.3927 | G37: =F37/$F$46 -> 0.016514992 | H37: =E37/F37 -> 0.646 | M37: Other | N37: 0.25
C38: 18 to 24 Months (Current New) | E38: =SUM(E39:E41) -> 30122.65 | F38: =F15 -> 66737 | G38: =F38/$F$46 -> 0.27900037 | H38: =E38/F38 -> 0.45136356 | M38: Currently Ineligible Adoption Rate | O38: What % of currently ineligible customers will adopt in 2026 once eligible.
C39: Major | E39: =(E12*N31)+((F12-E12)*N35) -> 15527.3 | F39: =F12 -> 37708 | G39: =F39/$F$46 -> 0.15764188 | H39: =E39/F39 -> 0.41177734 | M39: Major | N39: 0.35 | O39: Assumes same initial adoption rates as 6-12 month cohort, then considers retention and conversion rates in model.
C40: T1200 | E40: =(E13*N32)+((F13-E13)*N36) -> 9643.05 | F40: =F13 -> 20937 | G40: =F40/$F$46 -> 0.087529118 | H40: =E40/F40 -> 0.46057458 | M40: T1200 | N40: 0.55
C41: Other | E41: =(E14*N33)+((F14-E14)*N37) -> 4952.3 | F41: =F14 -> 8092 | G41: =F41/$F$46 -> 0.033829375 | H41: =E41/F41 -> 0.61199951 | M41: Other | N41: 0.66
C42: 24+ Months Total (Pre 2025) | E42: =SUM(E43:E45) -> 28690.9 | F42: =F19+F23 -> 80849 | G42: =F42/$F$46 -> 0.33799693 | H42: =E42/F42 -> 0.35487019 | M42: New Customer Adoption Rate | O42: What % of newly eligible customers will adopt in 2026 in less than 1 year's time.
C43: Major | E43: =((E16+E20)*N31)+(((F16-E16)+(F20-E20))*N35) -> 12235.4 | F43: =F16+F20 -> 44738 | G43: =F43/$F$46 -> 0.18703146 | H43: =E43/F43 -> 0.2734901 | M43: Major | N43: 0.35 | O43: =(N43-H12)*100 -> -9.5396202 | P43: ppts change YoY | R43: 10% Decrease from Nov'25 rates to account for low adoption likelihood for Q2 majors
C44: T1200 | E44: =((E17+E21)*N32)+(((F17-E17)+(F21-E21))*N36) -> 13092.6 | F44: =F17+F21 -> 29739 | G44: =F44/$F$46 -> 0.12432672 | H44: =E44/F44 -> 0.44025018 | M44: T1200 | N44: 0.55 | O44: =(N44-H13)*100 -> 16.713713 | P44: ppts change YoY
C45: Other | E45: =((E18+E22)*N33)+(((F18-E18)+(F22-E22))*N37) -> 3362.9 | F45: =F18+F22 -> 6372 | G45: =F45/$F$46 -> 0.026638751 | H45: =E45/F45 -> 0.52776208 | M45: Other | N45: 0.66 | O45: =(N45-H14)*100 -> 0.18190806 | P45: ppts change YoY
C46: Grand Total | E46: =SUM(E42+E38+E30+E34) -> 100358.68 | F46: =F38+F42+F30+F34 -> 239200.4 | G46: =F46/F46 -> 1 | H46: =E46/F46 -> 0.41955899
C50: 2026 Hard Climb | M50: 2026 Hard Climb
C51: Row Labels | E51: Adopting Points | F51: Eligible Points | G51: % Mix | H51: APAP %
C52: 6 to 12 Months (Forecasted) | E52: =SUM(E53:E55) -> 28994.695 | F52: =F24*F4 -> 59034.4 | G52: =F52/$F$46 -> 0.24679892 | H52: =E52/F52 -> 0.49114914 | M52: Retention Rate | O52: What % of adopting customers will still be adopting in 2026
C53: Major | E53: =F53*N65 -> 15010.131 | F53: =$F$30*(F12/$F$15) -> 33355.847 | G53: =F53/$F$46 -> 0.13944729 | H53: =E53/F53 -> 0.45 | M53: Major | N53: 0.9 | O53: Assumes CSMs will be able to push customers to continue adopting. Still accounts for some drop offs (eg., recerts).
C54: T1200 | E54: =F54*N66 -> 9260.2547 | F54: =$F$30*(F13/$F$15) -> 18520.509 | G54: =F54/$F$46 -> 0.077426749 | H54: =E54/F54 -> 0.5 | M54: T1200 | N54: 0.9
C55: Other | E55: =F55*N67 -> 4724.3089 | F55: =$F$30*(F14/$F$15) -> 7158.0437 | G55: =F55/$F$46 -> 0.029924882 | H55: =E55/F55 -> 0.66 | M55: Other | N55: 0.9
C56: 12 to 18 Months (Inelligible) | E56: =SUM(E57:E59) -> 17247.532 | F56: =F34 -> 32580 | G56: =F56/$F$46 -> 0.13620379 | H56: =E56/F56 -> 0.52939019 | M56: Conversion Rate | O56: What % of unadopting customers will now adopt in 2026. Based on % of non-adopting customers that showed decent SIM activity on 2025 per cohort.
C57: Major | E57: =(F57*N61*N53)+(F57-(F57*N61*N53))*N57 -> 7805.1949 | F57: =$F$56*(F12/$F$15) -> 18408.479 | G57: =F57/$F$46 -> 0.076958394 | H57: =E57/F57 -> 0.424 | M57: Major | N57: 0.1 | O57: Based on % of non-adopting customers that showed decent SIM activity in 2025 across each line size.
C58: T1200 | E58: =(F58*N62*N54)+(F58-(F58*N62*N54))*N58 -> 6694.8392 | F58: =$F$56*(F13/$F$15) -> 10221.129 | G58: =F58/$F$46 -> 0.042730399 | H58: =E58/F58 -> 0.655 | M58: T1200 | N58: 0.25
C59: Other | E59: =(F59*N63*N55)+(F59-(F59*N63*N55))*N59 -> 2747.4981 | F59: =$F$56*(F14/$F$15) -> 3950.3927 | G59: =F59/$F$46 -> 0.016514992 | H59: =E59/F59 -> 0.6955 | M59: Other | N59: 0.25
C60: 18 to 24 Months (Current New) | E60: =SUM(E61:E63) -> 33136.35 | F60: =F15 -> 66737 | G60: =F60/$F$46 -> 0.27900037 | H60: =E60/F60 -> 0.49652142 | M60: Currently Ineligible Adoption Rate | O60: What % of currently ineligible customers will adopt in 2026 once eligible.
C61: Major | E61: =(E12*N53)+((F12-E12)*N57) -> 17206.8 | F61: =F12 -> 37708 | G61: =F61/$F$46 -> 0.15764188 | H61: =E61/F61 -> 0.45631696 | M61: Major | N61: 0.4 | O61: Assumes same initial adoption rates as 6-12 month cohort, then considers retention and conversion rates in model.
C62: T1200 | E62: =(E13*N54)+((F13-E13)*N58) -> 10444.65 | F62: =F13 -> 20937 | G62: =F62/$F$46 -> 0.087529118 | H62: =E62/F62 -> 0.49886087 | M62: T1200 | N62: 0.6
C63: Other | E63: =(E14*N55)+((F14-E14)*N59) -> 5484.9 | F63: =F14 -> 8092 | G63: =F63/$F$46 -> 0.033829375 | H63: =E63/F63 -> 0.6778176 | M63: Other | N63: 0.66
C64: 24+ Months Total (Pre 2025) | E64: =SUM(E65:E67) -> 31150.2 | F64: =F19+F23 -> 80849 | G64: =F64/$F$46 -> 0.33799693 | H64: =E64/F64 -> 0.38528862 | M64: New Customer Adoption Rate | O64: What % of newly eligible customers will adopt in 2026 in less than 1 year's time.
C65: Major | E65: =((E16+E20)*N53)+(((F16-E16)+(F20-E20))*N57) -> 13344.2 | F65: =F16+F20 -> 44738 | G65: =F65/$F$46 -> 0.18703146 | H65: =E65/F65 -> 0.2982744 | M65: Major | N65: 0.45 | O65: =(N65-H12)*100 -> 0.46037976 | P65: ppts change YoY | R65: Assume 10% increase in rates as Nov '25 cohorts
C66: T1200 | E66: =((E17+E21)*N54)+(((F17-E17)+(F21-E21))*N58) -> 14121.3 | F66: =F17+F21 -> 29739 | G66: =F66/$F$46 -> 0.12432672 | H66: =E66/F66 -> 0.47484112 | M66: T1200 | N66: 0.5 | O66: =(N66-H13)*100 -> 11.713713 | P66: ppts change YoY
C67: Other | E67: =((E18+E22)*N55)+(((F18-E18)+(F22-E22))*N59) -> 3684.7 | F67: =F18+F22 -> 6372 | G67: =F67/$F$46 -> 0.026638751 | H67: =E67/F67 -> 0.57826428 | M67: Other | N67: 0.66 | O67: =(N67-H14)*100 -> 0.18190806 | P67: ppts change YoY
C68: Grand Total | E68: =E64+E60+E52+E56 -> 110528.78 | F68: =F52+F60+F64+F56 -> 239200.4 | G68: =F68/F68 -> 1 | H68: =E68/F68 -> 0.46207605

Sheet Example Visualization Table
A2: Line Size | B2: High Confidence | C2: Hard Climb | D2: Actual | E2: Variance (pp)
A3: Retention Rate
A4: Major | B4: 0.8 | C4: 0.9
A5: T1200 | B5: 0.8 | C5: 0.9
A6: Other | B6: 0.8 | C6: 0.9
A7: Conversion Rate
A8: Major | B8: 0.1 | C8: 0.1
A9: T1200 | B9: 0.25 | C9: 0.25
A10: Other | B10: 0.25 | C10: 0.25
A11: Currently Ineligible Adoption Rate
A12: Major | B12: 0.35 | C12: 0.4
A13: T1200 | B13: 0.55 | C13: 0.6
A14: Other | B14: 0.66 | C14: 0.66
A15: New Customer Adoption Rate
A16: Major | B16: 0.35 | C16: 0.45
A17: T1200 | B17: 0.55 | C17: 0.5
A18: Other | B18: 0.66 | C18: 0.66
A24: Row Labels | B24: High Confidence | C24: Hard Climb | D24: Actual | E24: High Confidence Variance (pp) | F24: Hard Climb Variance (pp)
A25: 6 to 12 Months (Forecasted) | B25: 0.45033295 | C25: 0.49114914
A26: Major | B26: 0.35 | C26: 0.45
A27: T1200 | B27: 0.55 | C27: 0.5
A28: Other | B28: 0.66 | C28: 0.66
A29: 12 to 18 Months (Inelligible) | B29: 0.45917719 | C29: 0.52939019
A30: Major | B30: 0.352 | C30: 0.424
A31: T1200 | B31: 0.58 | C31: 0.655
A32: Other | B32: 0.646 | C32: 0.6955
A33: 18 to 24 Months (Current New) | B33: 0.45136356 | C33: 0.49652142
A34: Major | B34: 0.41177734 | C34: 0.45631696
A35: T1200 | B35: 0.46057458 | C35: 0.49886087
A36: Other | B36: 0.61199951 | C36: 0.6778176
... A41: Grand Total | B41: 0.41955899 | C41: 0.46207605

Sheet Goal Model (2)
C2: 2025 Cohort | D2: 0-6 Months | Q2: Just T6 0.75x | W2: T12 2x + T6 0.75x
Q3: Baseline | R3: 0.297 | W3: Baseline | X3: 0.362
C4: Line Size | D4: Sum of AgencySize | F4: 0.4 | G4: Growth in Eligible Points | Q4: HC | R4: 0.336 | W4: HC | X4: 0.377
C5: Major | D5: 3708 | Q5: Hard Climb | R5: 0.399 | W5: Hard Climb | X5: 0.454
C6: Other | D6: 14691
C7: T1200 | D7: 14181
C8: Grand Total | D8: 32580
C10: 2026 Baseline (w/ No T6 Qualifier) | O10: 2026 Baseline (w/ No T6 Qualifier) | W10: 2026 Baseline (w/ Majors T6 Qualifier)
C11: 2025 Cohort | D11: Line Size | E11: Sum of No Qualifier Adopting Points | F11: Eligible Points | G11: % Mix | H11: APAP % | O11: 2025 Cohort | P11: Line Size | Q11: Sum of T6 0.75x Only | R11: Eligible Points | S11: % Mix | T11: APAP % | W11: 2025 Cohort | X11: Line Size | Y11: Sum of Majors Qualifier Adopting Points | Z11: Eligible Points | AA11: % Mix | AB11: APAP %
C12: 6-12 Months | D12: Major | E12: 16795 | F12: 37708 | G12: =F12/$Z$24 -> 0.25549849 | H12: =E12/F12 -> 0.4453962 | O12: 6-12 Months | P12: Major | Q12: 14547 | R12: 37708 | S12: =R12/$Z$24 -> 0.25549849 | T12: =Q12/R12 -> 0.38578021 | W12: 6-12 Months | X12: Major | Y12: 16795 | Z12: 37708 | AA12: =Z12/$Z$24 -> 0.25549849 | AB12: =Y12/Z12 -> 0.4453962
D13: T1200 | E13: 8016 | F13: 20937 | G13: =F13/$Z$24 -> 0.14186305 | H13: =E13/F13 -> 0.38286287 | P13: T1200 | Q13: 5932 | R13: 20937 | S13: =R13/$Z$24 -> 0.14186305 | T13: =Q13/R13 -> 0.28332617 | X13: T1200 | Y13: 6490 | Z13: 20937 | AA13: =Z13/$Z$24 -> 0.14186305 | AB13: =Y13/Z13 -> 0.30997755
D14: Other | E14: 5326 | F14: 8092 | G14: =F14/$Z$24 -> 0.054829049 | H14: =E14/F14 -> 0.65818092 | P14: Other | Q14: 3214 | R14: 8092 | S14: =R14/$Z$24 -> 0.054829049 | T14: =Q14/R14 -> 0.3971824 | X14: Other | Y14: 4436 | Z14: 8092 | AA14: =Z14/$Z$24 -> 0.054829049 | AB14: =Y14/Z14 -> 0.54819575
C15: 6-12 Months Total | E15: 30137 | F15: 66737 | G15: =F15/$Z$24 -> 0.45219059 | H15: =E15/F15 -> 0.45157858 | O15: 6-12 Months Total | Q15: 23693 | R15: 66737 | S15: =R15/$Z$24 -> 0.45219059 | T15: =Q15/R15 -> 0.35502045 | W15: 6-12 Months Total | Y15: 27721 | Z15: 66737 | AA15: =Z15/$Z$24 -> 0.45219059 | AB15: =Y15/Z15 -> 0.41537678
C16: 12-24 Months | D16: Major | E16: 4884 | F16: 19245 | G16: =F16/$Z$24 -> 0.13039855 | H16: =E16/F16 -> 0.2537802 | O16: 12-24 Months | P16: Major | Q16: 4884 | R16: 19245 | S16: =R16/$Z$24 -> 0.13039855 | T16: =Q16/R16 -> 0.2537802 | W16: 12-24 Months | X16: Major | Y16: 4884 | Z16: 19245 | AA16: =Z16/$Z$24 -> 0.13039855 | AB16: =Y16/Z16 -> 0.2537802
D17: T1200 | E17: 5668 | F17: 14130 | G17: =F17/$Z$24 -> 0.095740788 | H17: =E17/F17 -> 0.40113234 | P17: T1200 | Q17: 4441 | R17: 14130 | S17: =R17/$Z$24 -> 0.095740788 | T17: =Q17/R17 -> 0.31429582 | X17: T1200 | Y17: 4024 | Z17: 14130 | AA17: =Z17/$Z$24 -> 0.095740788 | AB17: =Y17/Z17 -> 0.28478415
D18: Other | E18: 1921 | F18: 3894 | G18: =F18/$Z$24 -> 0.026384616 | H18: =E18/F18 -> 0.49332306 | P18: Other | Q18: 875 | R18: 3894 | S18: =R18/$Z$24 -> 0.026384616 | T18: =Q18/R18 -> 0.22470467 | X18: Other | Y18: 1789 | Z18: 3894 | AA18: =Z18/$Z$24 -> 0.026384616 | AB18: =Y18/Z18 -> 0.45942476
C19: 12-24 Months Total | E19: 12473 | F19: 37269 | G19: =F19/$Z$24 -> 0.25252395 | H19: =E19/F19 -> 0.33467493 | O19: 12-24 Months Total | Q19: 10200 | R19: 37269 | S19: =R19/$Z$24 -> 0.25252395 | T19: =Q19/R19 -> 0.27368591 | W19: 12-24 Months Total | Y19: 10697 | Z19: 37269 | AA19: =Z19/$Z$24 -> 0.25252395 | AB19: =Y19/Z19 -> 0.28702139
C20: 24+ Months | D20: Major | E20: 6204 | F20: 25493 | G20: =F20/$Z$24 -> 0.17273319 | H20: =E20/F20 -> 0.24336092 | O20: 24+ Months | P20: Major | Q20: 4467 | R20: 25493 | S20: =R20/$Z$24 -> 0.17273319 | T20: =Q20/R20 -> 0.17522457 | W20: 24+ Months | X20: Major | Y20: 6204 | Z20: 25493 | AA20: =Z20/$Z$24 -> 0.17273319 | AB20: =Y20/Z20 -> 0.24336092
D21: T1200 | E21: 4619 | F21: 15609 | G21: =F21/$Z$24 -> 0.10576206 | H21: =E21/F21 -> 0.29591902 | P21: T1200 | Q21: 3579 | R21: 15609 | S21: =R21/$Z$24 -> 0.10576206 | T21: =Q21/R21 -> 0.22929079 | X21: T1200 | Y21: 3073 | Z21: 15609 | AA21: =Z21/$Z$24 -> 0.10576206 | AB21: =Y21/Z21 -> 0.1968736
D22: Other | E22: 1297 | F22: 2478 | G22: =F22/$Z$24 -> 0.01679021 | H22: =E22/F22 -> 0.52340597 | P22: Other | Q22: 1179 | R22: 2478 | S22: =R22/$Z$24 -> 0.01679021 | T22: =Q22/R22 -> 0.47578692 | X22: Other | Y22: 788 | Z22: 2478 | AA22: =Z22/$Z$24 -> 0.01679021 | AB22: =Y22/Z22 -> 0.31799839
C23: 24+ Months Total | E23: 12120 | F23: 43580 | G23: =F23/$Z$24 -> 0.29528546 | H23: =E23/F23 -> 0.27810922 | O23: 24+ Months Total | Q23: 9225 | R23: 43580 | S23: =R23/$Z$24 -> 0.29528546 | T23: =Q23/R23 -> 0.21167967 | W23: 24+ Months Total | Y23: 10065 | Z23: 43580 | AA23: =Z23/$Z$24 -> 0.29528546 | AB23: =Y23/Z23 -> 0.23095457
C24: Grand Total | E24: 54730 | F24: 147586 | G24: =F24/$Z$24 -> 1 | H24: =E24/F24 -> 0.37083463 | O24: Grand Total | Q24: 43118 | R24: 147586 | S24: =R24/$Z$24 -> 1 | T24: =Q24/R24 -> 0.29215508 | W24: Grand Total | Y24: 48483 | Z24: 147586 | AA24: =Z24/$Z$24 -> 1 | AB24: =Y24/Z24 -> 0.32850677
C28: 2026 High Confidence | M28: 2026 High Confidence
C29: Row Labels | E29: Adopting Points | F29: Eligible Points | G29: % Mix | H29: APAP %
C30: 6 to 12 Months (Forecasted) | E30: =SUM(E31:E33) -> 20759.415 | F30: =F24*F4 -> 59034.4 | G30: =F30/$F$46 -> 0.24679892 | H30: =E30/F30 -> 0.35164946 | M30: Retention Rate | O30: What % of adopting customers will still be adopting in 2026
C31: Major | E31: =F31*N43 -> 10340.313 | F31: =$F$30*(F12/$F$15) -> 33355.847 | G31: =F31/$F$46 -> 0.13944729 | H31: =E31/F31 -> 0.31 | M31: Major | N31: 0.75 | O31: Conservative estimate for high confidence
C32: T1200 | E32: =F32*N44 -> 6482.1783 | F32: =$F$30*(F13/$F$15) -> 18520.509 | G32: =F32/$F$46 -> 0.077426749 | H32: =E32/F32 -> 0.35 | M32: T1200 | N32: 0.75
C33: Other | E33: =F33*N45 -> 3936.9241 | F33: =$F$30*(F14/$F$15) -> 7158.0437 | G33: =F33/$F$46 -> 0.029924882 | H33: =E33/F33 -> 0.55 | M33: Other | N33: 0.75
C34: 12 to 18 Months (Inelligible) | E34: =SUM(E35:E37) -> 14681.882 | F34: =D8 -> 32580 | G34: =F34/$F$46 -> 0.13620379 | H34: =E34/F34 -> 0.45064095 | M34: Conversion Rate | O34: What % of unadopting customers will now adopt in 2026. Based on % of non-adopting customers that showed decent SIM activity on 2025 per cohort.
C35: Major | E35: =(F35*N39*N31)+(F35-(F35*N39*N31))*N35 -> 7375.2177 | F35: =$F$34*(F12/$F$15) -> 18408.479 | G35: =F35/$F$46 -> 0.076958394 | H35: =E35/F35 -> 0.40064244 | M35: Major | N35: 0.1 | O35: Based on % of non-adopting customers that showed decent SIM activity in 2025 across each line size.
C36: T1200 | E36: =(F36*N40*N32)+(F36-(F36*N40*N32))*N36 -> 4756.5082 | F36: =$F$34*(F13/$F$15) -> 10221.129 | G36: =F36/$F$46 -> 0.042730399 | H36: =E36/F36 -> 0.46536037 | M36: T1200 | N36: 0.25
C37: Other | E37: =(F37*N41*N33)+(F37-(F37*N41*N33))*N37 -> 2550.1562 | F37: =$F$34*(F14/$F$15) -> 3950.3927 | G37: =F37/$F$46 -> 0.016514992 | H37: =E37/F37 -> 0.64554498 | M37: Other | N37: 0.3
C38: 18 to 24 Months (Current New) | E38: =SUM(E39:E41) -> 28754.1 | F38: =F15 -> 66737 | G38: =F38/$F$46 -> 0.27900037 | H38: =E38/F38 -> 0.43085695 | M38: Currently Ineligible Adoption Rate | O38: What % of currently ineligible customers will adopt in 2026 once eligible.
C39: Major | E39: =(E12*N31)+((F12-E12)*N35) -> 14687.55 | F39: =F12 -> 37708 | G39: =F39/$F$46 -> 0.15764188 | H39: =E39/F39 -> 0.38950753 | M39: Major | N39: =H12 -> 0.4453962 | O39: Assumes same initial adoption rates as 6-12 month cohort, then considers retention and conversion rates in model.
C40: T1200 | E40: =(E13*N32)+((F13-E13)*N36) -> 9242.25 | F40: =F13 -> 20937 | G40: =F40/$F$46 -> 0.087529118 | H40: =E40/F40 -> 0.44143144 | M40: T1200 | N40: =H13 -> 0.38286287
C41: Other | E41: =(E14*N33)+((F14-E14)*N37) -> 4824.3 | F41: =F14 -> 8092 | G41: =F41/$F$46 -> 0.033829375 | H41: =E41/F41 -> 0.59618141 | M41: Other | N41: =H14 -> 0.65818092
C42: 24+ Months Total (Pre 2025) | E42: =SUM(E43:E45) -> 27618.95 | F42: =F19+F23 -> 80849 | G42: =F42/$F$46 -> 0.33799693 | H42: =E42/F42 -> 0.34161152 | M42: New Customer Adoption Rate | O42: What % of newly eligible customers will adopt in 2026 in less than 1 year's time.
C43: Major | E43: =((E16+E20)*N31)+(((F16-E16)+(F20-E20))*N35) -> 11681 | F43: =F16+F20 -> 44738 | G43: =F43/$F$46 -> 0.18703146 | H43: =E43/F43 -> 0.26109795 | M43: Major | N43: 0.31 | O43: =(N43-AB12)*100 -> -13.53962 | P43: ppts change YoY | R43: 10% Decrease from Nov'25 rates to account for low adoption likelihood for Q2 majors
C44: T1200 | E44: =((E17+E21)*N32)+(((F17-E17)+(F21-E21))*N36) -> 12578.25 | F44: =F17+F21 -> 29739 | G44: =F44/$F$46 -> 0.12432672 | H44: =E44/F44 -> 0.42295471 | M44: T1200 | N44: 0.35 | O44: =(N44-AB13)*100 -> 4.0022448 | P44: ppts change YoY
C45: Other | E45: =((E18+E22)*N33)+(((F18-E18)+(F22-E22))*N37) -> 3359.7 | F45: =F18+F22 -> 6372 | G45: =F45/$F$46 -> 0.026638751 | H45: =E45/F45 -> 0.52725989 | M45: Other | N45: 0.55 | O45: =(N45-AB14)*100 -> 0.18042511 | P45: ppts change YoY
C46: Grand Total | E46: =SUM(E42+E38+E30+E34) -> 91814.347 | F46: =F38+F42+F30+F34 -> 239200.4 | G46: =F46/F46 -> 1 | H46: =E46/F46 -> 0.3838386
C50: 2026 Hard Climb | M50: 2026 Hard Climb
C51: Row Labels | E51: Adopting Points | F51: Eligible Points | G51: % Mix | H51: APAP %
C52: 6 to 12 Months (Forecasted) | E52: =SUM(E53:E55) -> 29324.538 | F52: =Z24*F4 -> 59034.4 | G52: =F52/$F$46 -> 0.24679892 | H52: =E52/F52 -> 0.49673644 | M52: Retention Rate | O52: What % of adopting customers will still be adopting in 2026
C53: Major | E53: =F53*N65 -> 16342.224 | F53: =$F$52*(F12/$F$15) -> 33355.847 | G53: =F53/$F$46 -> 0.13944729 | H53: =E53/F53 -> 0.48993582 | M53: Major | N53: 0.9 | O53: Assumes CSMs will be able to push customers to continue adopting. Still accounts for some drop offs (eg., recerts).
C54: T1200 | E54: =F54*N66 -> 7799.897 | F54: =$F$52*(F13/$F$15) -> 18520.509 | G54: =F54/$F$46 -> 0.077426749 | H54: =E54/F54 -> 0.42114916 | M54: T1200 | N54: 0.9
C55: Other | E55: =F55*N67 -> 5182.4166 | F55: =$F$52*(F14/$F$15) -> 7158.0437 | G55: =F55/$F$46 -> 0.029924882 | H55: =E55/F55 -> 0.72399901 | M55: Other | N55: 0.9
C56: 12 to 18 Months (Inelligible) | E56: =SUM(E57:E59) -> 16502.009 | F56: =F34 -> 32580 | G56: =F56/$F$46 -> 0.13620379 | H56: =E56/F56 -> 0.50650733 | M56: Conversion Rate | O56: What % of unadopting customers will now adopt in 2026. Based on % of non-adopting customers that showed decent SIM activity on 2025 per cohort.
C57: Major | E57: =(F57*N61*N53)+(F57-(F57*N61*N53))*N57 -> 8482.0917 | F57: =$F$56*(F12/$F$15) -> 18408.479 | G57: =F57/$F$46 -> 0.076958394 | H57: =E57/F57 -> 0.46077092 | M57: Major | N57: 0.1 | O57: Based on % of non-adopting customers that showed decent SIM activity in 2025 across each line size.
C58: T1200 | E58: =(F58*N62*N54)+(F58-(F58*N62*N54))*N58 -> 5196.7534 | F58: =$F$56*(F13/$F$15) -> 10221.129 | G58: =F58/$F$46 -> 0.042730399 | H58: =E58/F58 -> 0.50843244 | M58: T1200 | N58: 0.25
C59: Other | E59: =(F59*N63*N55)+(F59-(F59*N63*N55))*N59 -> 2823.1639 | F59: =$F$56*(F14/$F$15) -> 3950.3927 | G59: =F59/$F$46 -> 0.016514992 | H59: =E59/F59 -> 0.71465398 | M59: Other | N59: 0.3
C60: 18 to 24 Months (Current New) | E60: =SUM(E61:E63) -> 33274.65 | F60: =F15 -> 66737 | G60: =F60/$F$46 -> 0.27900037 | H60: =E60/F60 -> 0.49859373 | M60: Currently Ineligible Adoption Rate | O60: What % of currently ineligible customers will adopt in 2026 once eligible.
C61: Major | E61: =(E12*N53)+((F12-E12)*N57) -> 17206.8 | F61: =F12 -> 37708 | G61: =F61/$F$46 -> 0.15764188 | H61: =E61/F61 -> 0.45631696 | M61: Major | N61: =H12 -> 0.4453962 | O61: Assumes same initial adoption rates as 6-12 month cohort, then considers retention and conversion rates in model.
C62: T1200 | E62: =(E13*N54)+((F13-E13)*N58) -> 10444.65 | F62: =F13 -> 20937 | G62: =F62/$F$46 -> 0.087529118 | H62: =E62/F62 -> 0.49886087 | M62: T1200 | N62: =H13 -> 0.38286287
C63: Other | E63: =(E14*N55)+((F14-E14)*N59) -> 5623.2 | F63: =F14 -> 8092 | G63: =F63/$F$46 -> 0.033829375 | H63: =E63/F63 -> 0.69490855 | M63: Other | N63: =H14 -> 0.65818092
C64: 24+ Months Total (Pre 2025) | E64: =SUM(E65:E67) -> 31307.9 | F64: =F19+F23 -> 80849 | G64: =F64/$F$46 -> 0.33799693 | H64: =E64/F64 -> 0.38723917 | M64: New Customer Adoption Rate | O64: What % of newly eligible customers will adopt in 2026 in less than 1 year's time.
C65: Major | E65: =((E16+E20)*N53)+(((F16-E16)+(F20-E20))*N57) -> 13344.2 | F65: =F16+F20 -> 44738 | G65: =F65/$F$46 -> 0.18703146 | H65: =E65/F65 -> 0.2982744 | M65: Major | N65: =H12*1.1 -> 0.48993582 | O65: =(N65-H12)*100 -> 4.453962 | P65: ppts change YoY | R65: Assume 10% increase in rates as Nov '25 cohorts
C66: T1200 | E66: =((E17+E21)*N54)+(((F17-E17)+(F21-E21))*N58) -> 14121.3 | F66: =F17+F21 -> 29739 | G66: =F66/$F$46 -> 0.12432672 | H66: =E66/F66 -> 0.47484112 | M66: T1200 | N66: =H13*1.1 -> 0.42114916 | O66: =(N66-H13)*100 -> 3.8286287 | P66: ppts change YoY
C67: Other | E67: =((E18+E22)*N55)+(((F18-E18)+(F22-E22))*N59) -> 3842.4 | F67: =F18+F22 -> 6372 | G67: =F67/$F$46 -> 0.026638751 | H67: =E67/F67 -> 0.60301318 | M67: Other | N67: =H14*1.1 -> 0.72399901 | O67: =(N67-H14)*100 -> 6.5818092 | P67: ppts change YoY
C68: Grand Total | E68: =E64+E60+E52+E56 -> 110409.1 | F68: =F52+F60+F64+F56 -> 239200.4 | G68: =F68/F68 -> 1 | H68: =E68/F68 -> 0.46157572

Sheet Engagement M&M Data
A1: AgencyName | B1: AgencySlug | C1: AgencySize | D1: VR_Licenses | E1: Eligibility_Cohort | F1: Sept_Completions | G1: Oct_Completions | H1: Nov_Completions
A2: Baltimore County Police Dept. - MD | B2: 114601 | C2: 2194 | D2: 1703 | E2: 10 | F2: 1829 | G2: 0 | H2: 0
A3: Albuquerque Police Dept. - NM | B3: 116660 | C3: 1335 | D3: 1300 | E3: 10 | F3: 160 | G3: 56 | H3: 131
A4: San Bernardino County Probation Dept. - CA | B4: 302836 | C4: 8 | D4: 505 | E4: 7 | F4: 487 | G4: 198 | H4: 65
A5: Maryland State Police - MD | B5: 108541 | C5: 2325 | D5: 750 | E5: 11 | F5: 142 | G5: 162 | H5: 1
A6: Bakersfield Police Dept. - CA | B6: 127250 | C6: 625 | D6: 470 | E6: 10 | F6: 110 | G6: 82 | H6: 75
A7: Seminole County Sheriff's Office - FL | B7: 107092 | C7: 570 | D7: 790 | E7: 38 | F7: 62 | G7: 25 | H7: 0
A8: Oklahoma City Police Dept. - OK | B8: 113118 | C8: 1458 | D8: 700 | E8: 49 | F8: 0 | G8: 7 | H8: 11
A9: Charlotte County Sheriff's Office - FL | B9: 108467 | C9: 230 | D9: 488 | E9: 6 | F9: 597 | G9: 1007 | H9: 634
A10: Hamilton County Sheriff's Office - OH | B10: 106522 | C10: 690 | D10: 626 | E10: 7 | F10: 517 | G10: 93 | H10: 2
A11: Texas Department of Public Safety - TX | B11: 114073 | C11: 1328 | D11: 2750 | E11: 12 | F11: 333 | G11: 1741 | H11: 365
A12: Minneapolis Police Dept. - MN | B12: 106372 | C12: 650 | D12: 600 | E12: 9 | F12: 6 | G12: 31 | H12: 99
A13: Fort Worth Police Department - TX | B13: 105785 | C13: 1993 | D13: 3486 | E13: 45 | F13: 3107 | G13: 260 | H13: 6
... A67: Scranton Police Dept. - PA | B67: 305896 | C67: 152 | D67: 130 | E67: 8 | F67: 76 | G67: 251 | H67: 0
A68: Barrie Police Service | B68: CA0115465 | C68: 322 | D68: 155 | E68: 17 | F68: 10 | G68: 0 | H68: 20
A69: Burbank Police Dept. - CA | B69: 155263 | C69: 154 | D69: 178 | E69: 14 | F69: 270 | G69: 0 | H69: 9
A70: Bloomington Police Dept. - MN | B70: 157071 | C70: 151 | D70: 140 | E70: 34 | F70: 0 | G70: 27 | H70: 0
A71: National Commissioner of the Icelandic Police | B71: 532247 | C71: 703 | D71: 480 | E71: 24 | F71: 204 | G71: 142 | H71: 0
A72: Tampa Police Department - FL | B72: 105702 | C72: 928 | D72: 1000 | E72: 11 | F72: 1 | G72: 3 | H72: 95
A73: Virginia Beach Police Dept. - VA | B73: 112305 | C73: 888 | D73: 508 | E73: 52 | F73: 12 | G73: 0 | H73: 0
A74: Leon County Sheriff's Dept. - FL | B74: 112129 | C74: 538 | D74: 473 | E74: 25 | F74: 44 | G74: 290 | H74: 0
A75: Richardson Police Department - TX | B75: 451087 | C75: 191 | D75: 180 | E75: 11 | F75: 133 | G75: 88 | H75: 70
A76: Boston Police Dept. - MA | B76: 175721 | C76: 2200 | D76: 1570 | E76: 23 | F76: 266 | G76: 27 | H76: 117
A77: Lower Merion Twp Police Dept. - PA | B77: 107969 | C77: 7 | D77: 136 | E77: 9 | F77: 15 | G77: 0 | H77: 0
A78: Wilson Police Department - NC | B78: 110526 | C78: 119 | D78: 125 | E78: 10 | F78: 10 | G78: 6 | H78: 4
A79: Arizona Department of Corrections - AZ | B79: 107741 | C79: 1651 | D79: 1466 | E79: 6 | F79: 143 | G79: 28 | H79: 346
A80: Peel Regional Police Service - CAN | B80: CA0115409 | C80: 2119 | D80: 750 | E80: 7 | F80: 125 | G80: 56 | H80: 27
A81: Will County Sheriff Office Enforcement - IL | B81: 511036 | C81: 231 | D81: 240 | E81: 21 | F81: 43 | G81: 0 | H81: 0
A82: Port of Seattle Police Dept. - WA | B82: 106528 | C82: 120 | D82: 150 | E82: 7 | F82: 2 | G82: 430 | H82: 24
A83: Walker Police Dept. - MI | B83: 179811 | C83: 48 | D83: 43 | E83: 13 | F83: 0 | G83: 6 | H83: 16
A84: Springfield Police Department - IL | B84: 109079 | C84: 280 | D84: 274 | E84: 34 | F84: 1 | G84: 0 | H84: 0
A85: Centralia Police Dept. - IL | B85: 155646 | C85: 29 | D85: 26 | E85: 9 | F85: 0 | G85: 33 | H85: 7
A86: San Leandro Police Dept. - CA | B86: 108570 | C86: 115 | D86: 100 | E86: 13 | F86: 8 | G86: 4 | H86: 5
A87: Hemet Police Department - CA | B87: 149220 | C87: 0 | D87: 100 | E87: 7 | F87: 8 | G87: 8 | H87: 61
A88: Hemet Police Department - CA | B88: 149220 | C88: 103 | D88: 100 | E88: 7 | F88: 8 | G88: 8 | H88: 61
A89: Metropolitan Transit Authority of Harris County - TX | B89: 107794 | C89: 250 | D89: 274 | E89: 25 | F89: 51 | G89: 42 | H89: 0
A90: North Carolina State Highway Patrol - NC | B90: 109160 | C90: 120 | D90: 1450 | E90: 34 | F90: 3 | G90: 69 | H90: 0
A91: Wauwatosa Police Dept. - WI | B91: 112209 | C91: 123 | D91: 75 | E91: 9 | F91: 0 | G91: 0 | H91: 0
A92: Spokane Police Dept. - WA | B92: 446518 | C92: 344 | D92: 343 | E92: 40 | F92: 96 | G92: 348 | H92: 20
... A201: University of Rochester | B201: 551353 | C201: 85 | D201: 85 | E201: 12 | F201: 46 | G201: 0 | H201: 1
A202: CPKC Railway Police Service | B202: CA0115746 | C202: 0 | D202: 42 | E202: 21 | F202: 0 | G202: 47 | H202: 35
A203: Wilkes-Barre City Police Dept - PA | B203: 112177 | C203: 78 | D203: 5 | E203: 47 | F203: 0 | G203: 0 | H203: 152
A204: Firestone Police Department - CO | B204: 107430 | C204: 7 | D204: 34 | E204: 9 | F204: 77 | G204: 45 | H204: 3
A205: Niceville Police Dept. - FL | B205: 108354 | C205: 35 | D205: 35 | E205: 10 | F205: 1 | G205: 0 | H205: 0
A206: Ontario County Sheriff's Office - NY | B206: 144320 | C206: 148 | D206: 126 | E206: 14 | F206: 0 | G206: 39 | H206: 40
A207: North Richland Hills Police Dept. - TX | B207: 132066 | C207: 133 | D207: 140 | E207: 25 | F207: 12 | G207: 20 | H207: 0
A208: Kauai Police Dept. - HI | B208: 112044 | C208: 162 | D208: 150 | E208: 8 | F208: 0 | G208: 10 | H208: 54
A209: Tucson Police Dept - AZ | B209: 106774 | C209: 1018 | D209: 998 | E209: 25 | F209: 41 | G209: 30 | H209: 2
A210: Catoosa County Sheriff's Office - GA | B210: 114264 | C210: 3 | D210: 90 | E210: 11 | F210: 4 | G210: 0 | H210: 0
A211: Natrona County Sheriff's Office - WY | B211: 108635 | C211: 41 | D211: 109 | E211: 11 | F211: 4 | G211: 6 | H211: 0
A212: Manor Police Dept - TX | B212: 114763 | C212: 54 | D212: 45 | E212: 11 | F212: 0 | G212: 18 | H212: 0
A213: Monterey County Sheriffs Office - CA | B213: 205360 | C213: 356 | D213: 320 | E213: 14 | F213: 0 | G213: 0 | H213: 1
A214: Farmers Branch Police Dept. - TX | B214: 106516 | C214: 101 | D214: 80 | E214: 26 | F214: 10 | G214: 7 | H214: 12
... A233: Washington State Patrol - District 1- WA | B233: 107197 | C233: 1202 | D233: 1202 | E233: 16 | F233: 0 | G233: 13 | H233: 0
A234: Manitoba First Nations Police Service | B234: CA0115604 | C234: 1 | D234: 57 | E234: 31 | F234: 0 | G234: 0 | H234: 0
A235: Franklin Police Dept - MA | B235: 230607 | C235: 2 | D235: 116 | E235: 6 | F235: 0 | G235: 96 | H235: 0
A236: St. Charles Parish Sheriff's Office - LA | B236: 141887 | C236: 276 | D236: 365 | E236: 46 | F236: 0 | G236: 10 | H236: 109
A237: Regional Transportation District Police - CO | B237: 491705 | C237: 226 | D237: 140 | E237: 10 | F237: 20 | G237: 5 | H237: 6
A238: Tavares Police Department - FL | B238: 127501 | C238: 33 | D238: 28 | E238: 11 | F238: 0 | G238: 0 | H238: 0
A239: Amherst County Sheriff's Office - VA | B239: 320631 | C239: 0 | D239: 63 | E239: 12 | F239: 0 | G239: 9 | H239: 0
A240: Belton Police Department - MO | B240: 108767 | C240: 10 | D240: 45 | E240: 8 | F240: 6 | G240: 80 | H240: 25
A241: Ogden Police Dept. - NY | B241: 311450 | C241: 17 | D241: 14 | E241: 12 | F241: 0 | G241: 0 | H241: 0
A242: Sunland Park Police Dept. - NM | B242: 116208 | C242: 3 | D242: 30 | E242: 7 | F242: 66 | G242: 0 | H242: 20
A243: Pasco Sheriff's Office - FL | B243: 107397 | C243: 673 | D243: 857 | E243: 37 | F243: 0 | G243: 16 | H243: 0
A244: Westfield Police Department - IN | B244: 108877 | C244: 63 | D244: 81 | E244: 10 | F244: 0 | G244: 1 | H244: 5
A245: Culver City Police Department - CA | B245: 100239 | C245: 100 | D245: 100 | E245: 11 | F245: 0 | G245: 0 | H245: 0
A246: Harris County Constable Pct. 8 - TX | B246: 470672 | C246: 0 | D246: 73 | E246: 28 | F246: 1 | G246: 10 | H246: 76
... A250: Adams County Sheriff's Office - CO | B250: 108011 | C250: 476 | D250: 464 | E250: 7 | F250: 76 | G250: 117 | H250: 13
A251: The City of Edmonton | B251: CA0115761 | C251: 1800 | D251: 280 | E251: 16 | F251: 31 | G251: 0 | H251: 22
A252: Cobb County Sheriff's Office - GA | B252: 169787 | C252: 515 | D252: 549 | E252: 46 | F252: 13 | G252: 0 | H252: 0
A253: Queen Creek Police Department - AZ | B253: 510427 | C253: 78 | D253: 40 | E253: 49 | F253: 36 | G253: 0 | H253: 0
A254: Calcasieu Parish Sheriff's Office - LA | B254: 109610 | C254: 38 | D254: 300 | E254: 38 | F254: 7 | G254: 54 | H254: 39
A255: Castle Shannon Police Dept. - PA | B255: 127119 | C255: 14 | D255: 14 | E255: 21 | F255: 1 | G255: 7 | H255: 63
A256: Durango Police Department - CO | B256: 111020 | C256: 67 | D256: 70 | E256: 11 | F256: 0 | G256: 9 | H256: 8
A257: Black Hawk County Sheriff Dept - IA | B257: 324163 | C257: 2 | D257: 44 | E257: 8 | F257: 0 | G257: 0 | H257: 0
A258: Addison Police Department - IL | B258: 117408 | C258: 25 | D258: 65 | E258: 30 | F258: 0 | G258: 0 | H258: 0
A259: Coppell Police Dept - TX | B259: 112511 | C259: 129 | D259: 73 | E259: 12 | F259: 0 | G259: 5 | H259: 12
A260: Hialeah Police Dept. - FL | B260: 109197 | C260: 347 | D260: 363 | E260: 8 | F260: 0 | G260: 0 | H260: 0
A261: MBTA Transit Police Department - MA | B261: 570556 | C261: 3 | D261: 35 | E261: 10 | F261: 0 | G261: 0 | H261: 0
A262: Henrico County Police Dept. - VA | B262: 106916 | C262: 533 | D262: 500 | E262: 34 | F262: 0 | G262: 5 | H262: 4
A263: Kalamazoo Department of Public Safety - MI | B263: 109708 | C263: 236 | D263: 135 | E263: 19 | F263: 42 | G263: 0 | H263: 33
... A287: Duquesne University Police Department - PA | B287: 143651 | C287: 40 | D287: 30 | E287: 9 | F287: 0 | G287: 11 | H287: 37
A288: College of Policing | B288: UK0115453 | C288: 10 | D288: 2 | E288: 13 | F288: 0 | G288: 0 | H288: 0
A289: University of Colorado - Boulder - CO | B289: 109719 | C289: 85 | D289: 61 | E289: 12 | F289: 0 | G289: 0 | H289: 0
A290: Bloomington Police Dept. - IN | B290: 108880 | C290: 115 | D290: 95 | E290: 9 | F290: 0 | G290: 3 | H290: 1
A291: East Point Police Dept. - GA | B291: 105678 | C291: 90 | D291: 115 | E291: 42 | F291: 31 | G291: 0 | H291: 33
A292: Morton Police Dept. - IL | B292: 116203 | C292: 22 | D292: 27 | E292: 13 | F292: 3 | G292: 2 | H292: 2
A293: Breezy Point Police Dept. - MN | B293: 219125 | C293: 9 | D293: 8 | E293: 9 | F293: 0 | G293: 0 | H293: 0
A294: Oneida County Sheriff's Office - NY | B294: 158258 | C294: 250 | D294: 223 | E294: 40 | F294: 20 | G294: 0 | H294: 6
A295: New London Police Department - CT | B295: 132998 | C295: 82 | D295: 80 | E295: 8 | F295: 0 | G295: 5 | H295: 0
A296: Hallsville Police Department - TX | B296: 579148 | C296: 1 | D296: 6 | E296: 8 | F296: 0 | G296: 0 | H296: 0
A297: Wright State University Police Dept. - OH | B297: 148303 | C297: 15 | D297: 11 | E297: 7 | F297: 4 | G297: 41 | H297: 0
A298: Erie School District Police Dept - PA | B298: 493856 | C298: 25 | D298: 2 | E298: 10 | F298: 0 | G298: 0 | H298: 0
A299: Village Of Montgomery Police - NY | B299: 307838 | C299: 10 | D299: 32 | E299: 6 | F299: 17 | G299: 0 | H299: 66
A300: Newport Police Department- DE | B300: 488116 | C300: 8 | D300: 8 | E300: 9 | F300: 7 | G300: 54 | H300: 16
... A467: New Harmony Police Dept. - IN | B467: 502025 | C467: 1 | D467: 1 | E467: 6 | F467: 0 | G467: 6 | H467: 0
A468: Fredericton Police Force | B468: CA0115498 | C468: 139 | D468: 30 | E468: 13 | F468: 0 | G468: 4 | H468: 0
A469: Payson Police Department - AZ | B469: 108627 | C469: 36 | D469: 35 | E469: 8 | F469: 2 | G469: 0 | H469: 0
A470: Belt Railway Police Dept. - IL | B470: 500661 | C470: 2 | D470: 9 | E470: 9 | F470: 0 | G470: 0 | H470: 0
A471: Paradise Valley Police Dept. - AZ | B471: 115132 | C471: 39 | D471: 69 | E471: 47 | F471: 0 | G471: 0 | H471: 0
...

Sheet Engagement M&M Baselines
B2: Month | C2: Metric | D2: Value
B3: September | C3: Agency Count | D3: 514
C4: VR Licenses | D4: 127003
C5: SIM Completions | D5: 16064
C6: % Agencies Engaged | D6: 0.407
C7: Completions per License | D7: 0.13
C8: Completions per Agency | D8: 31.25
B9: October | C9: Agency Count | D9: 550
C10: VR Licenses | D10: 134378
C11: SIM Completions | D11: 16022
C12: % Agencies Engaged | D12: 0.424
C13: Completions per License | D13: 0.12
C14: Completions per Agency | D14: 29.13
B15: November | C15: Agency Count | D15: 613
C16: VR Licenses | D16: 141800 | G16: Sum of T3 months / licenses
C17: SIM Completions | D17: 12240 | G17: T12 SIM completions / licenses (in mo 12)
C18: % Agencies Engaged | D18: 0.392 | G18: 60% growth in T12 SIM adoption YoY across all SIM customers, from 250k to 400k by 11/30/2026
C19: Completions per License | D19: 0.09
C20: Completions per Agency | D20: 19.97
B21: 90 Day Average | C21: % Agencies Engaged | D21: 0.407
C22: Completions per License | D22: =AVERAGE(D7,D13,D19) -> 0.11333333
C23: Completions per Agency | D23: 26.78
C24: T12 Completions per License

Sheet Baseline Analysis
A1: Threshold | B1: APAP% | C1: Agency Count | D1: Adopting Points | F1: Eligible Points
A2: T12 1.5x | B2: =D2/$F$2 -> 0.28955999 | C2: =COUNTIFS('v2 Data'!I:I, ">=1.5",'v2 Data'!E:E, ">=6") -> 259 | D2: =SUMIFS('v2 Data'!C:C, 'v2 Data'!I:I,">=1.5", 'v2 Data'!E:E, ">=6") -> 42735 | F2: ='Goal Model (2)'!Z24 -> 147586
A3: T12 2x | B3: =D3/$F$2 -> 0.21686339 | C3: =COUNTIFS('v2 Data'!I:I, ">=2",'v2 Data'!E:E, ">=6") -> 217 | D3: =SUMIFS('v2 Data'!C:C, 'v2 Data'!I:I,">=2", 'v2 Data'!E:E, ">=6") -> 32006
A4: T12 2x OR T3 300 | B4: =D4/$F$2 -> #N/A | C4: {=SUMPRODUCT(--(('v2 Data'!I2:I611>=2) + ('v2 Data'!H2:H611>=300) > 0))} -> 169 | D4: {=SUMPRODUCT((('v2 Data'!I2:I1400>=2) * ('v2 Data'!E2:E1400>=6) * 'v2 Data'!C2:C611))} -> #N/A
A5: T12 2x OR T6 500 | B5: =D5/$F$2 -> 0.28150367 | C5: {=SUMPRODUCT(--(('v2 Data'!I2:I611>=2) + ('v2 Data'!G2:G611>=500) > 0))} -> 170 | D5: {=SUMPRODUCT((('v2 Data'!I2:I611>=2) + ('v2 Data'!G2:G611>=500) > 0) * 'v2 Data'!C2:C611)} -> 41546
A6: T12 2x OR T12 1000 | B6: =D6/$F$2 -> 0.29323242 | C6: {=SUMPRODUCT(--(('v2 Data'!I4:I613>=2) + ('v2 Data'!F4:F613>=1000) > 0))} -> 172 | D6: {=SUMPRODUCT((('v2 Data'!I2:I611>=2) + ('v2 Data'!F2:F611>=1000) > 0) * 'v2 Data'!C2:C611)} -> 43277
A7: T12 2x OR T3 0.75x for 550+ Agencies | B7: =D7/$F$2 -> 0.22493326 | C7: =COUNTIF('v2 Data'!I2:I611, ">=2") + COUNTIFS('v2 Data'!D2:D611,">=500",'v2 Data'!K2:K611,">=0.75", 'v2 Data'!I2:I611, "<2") -> 163 | D7: {=SUMPRODUCT(('v2 Data'!I2:I611>=2) * 'v2 Data'!C2:C611 + (('v2 Data'!D2:D611>=500) * ('v2 Data'!K2:K611>=0.75) * ('v2 Data'!I2:I611<2) * 'v2 Data'!C2:C611))} -> 33197
A8: T12 2x OR T6 0.75x | B8: =D8/$F$2 -> 0.37083463 | C8: =COUNTIFS(Data!I:I, ">=2", Data!E:E, ">=6") + COUNTIFS(Data!J:J,">=0.75", Data!I:I, "<2", Data!E:E, ">=6") -> 284 | D8: {=SUMPRODUCT(--(Data!I2:I1282>=2) * --(Data!E2:E1282>=6) * Data!C2:C1282 + --(Data!I2:I1282<2) * --(Data!J2:J1282>=0.75) * --(Data!E2:E1282>=6) * Data!C2:C1282)} -> 54730
A9: T12 2x OR T12 1x for 550+ Agencies | B9: =D9/$F$2 -> 0.26541135 | C9: =COUNTIF('v2 Data'!I2:I611, ">=2") + COUNTIFS('v2 Data'!D2:D611,">=500",'v2 Data'!I2:I611,">=1", 'v2 Data'!I2:I611, "<2") -> 171 | D9: {=SUMPRODUCT(('v2 Data'!I2:I611>=2) * 'v2 Data'!C2:C611 + (('v2 Data'!D2:D611>=500) * ('v2 Data'!I2:I611>=1) * ('v2 Data'!I2:I611<2) * 'v2 Data'!C2:C611))} -> 39171

Sheet Data
A1: AgencySlug | B1: AgencyName | C1: AgencySize | D1: VR_Licenses | E1: Eligibility_Cohort | F1: T12_SIM_Completions | G1: T6_SIM_Completions | H1: T3_SIM_Completions | I1: T12_SIM_Per_Person | J1: T6_SIM_Per_Person | K1: T3_SIM_Per_Person | L1: T6_Non_SIM_Completions | M1: 2025 Cohort | N1: 2026 Cohort | O1: Line Size | P1: No Qualifier Adopting Points | Q1: Majors Qualifier Adopting Points | R1: T6 0.75x Only
A2: 111124 | B2: Leander Police Dept. - TX | C2: 88 | D2: 87 | E2: 60 | F2: 558 | G2: 468 | H2: 221 | I2: 6.41 | J2: 5.38 | K2: 2.54 | L2: 5 | M2: =IF(E2<6,"0-6 Months", IF(E2<13, "6-12 Months", IF(E2<19, "12-24 Months", IF(E2<25, "12-24 Months", "24+ Months")))) -> 24+ Months | N2: =IF(E2<6,"12-18 Months", IF(E2<13, "18-24 Months", "24+ Months")) -> 24+ Months | O2: Other | P2: =IF(I2>=2, C2, IF(J2>=0.75, C2, 0)) -> 88 | Q2: =IF(I2>=2, C2, IF(AND(J2>=0.75, D2>=550), C2, 0)) -> 88 | R2: =IF(J2>=0.75, C2, 0) -> 88
A3: 112305 | B3: Virginia Beach Police Dept. - VA | C3: 888 | D3: 508 | E3: 52 | F3: 647 | G3: 65 | H3: 12 | I3: 1.27 | J3: 0.13 | K3: 0.02 | L3: 36 | M3: =IF(E3<6,"0-6 Months", IF(E3<13, "6-12 Months", IF(E3<19, "12-24 Months", IF(E3<25, "12-24 Months", "24+ Months")))) -> 24+ Months | N3: =IF(E3<6,"12-18 Months", IF(E3<13, "18-24 Months", "24+ Months")) -> 24+ Months | O3: T1200 | P3: =IF(I3>=2, C3, IF(J3>=0.75, C3, 0)) -> 0 | Q3: =IF(I3>=2, C3, IF(AND(J3>=0.75, D3>=550), C3, 0)) -> 0 | R3: =IF(J3>=0.75, C3, 0) -> 0
A4: 110456 | B4: Brighton Police Department - CO | C4: 78 | D4: 91 | E4: 51 | F4: 0 | G4: 0 | H4: 0 | I4: 0 | J4: 0 | K4: 0 | L4: 0 | M4: =IF(E4<6,"0-6 Months", IF(E4<13, "6-12 Months", IF(E4<19, "12-24 Months", IF(E4<25, "12-24 Months", "24+ Months")))) -> 24+ Months | N4: =IF(E4<6,"12-18 Months", IF(E4<13, "18-24 Months", "24+ Months")) -> 24+ Months | O4: Other | P4: =IF(I4>=2, C4, IF(J4>=0.75, C4, 0)) -> 0 | Q4: =IF(I4>=2, C4, IF(AND(J4>=0.75, D4>=550), C4, 0)) -> 0 | R4: =IF(J4>=0.75, C4, 0) -> 0
A5: 124615 | B5: Auburn Police Dept - AL | C5: 148 | D5: 120 | E5: 51 | F5: 1656 | G5: 1209 | H5: 710 | I5: 13.8 | J5: 10.08 | K5: 5.92 | L5: 8 | M5: =IF(E5<6,"0-6 Months", IF(E5<13, "6-12 Months", IF(E5<19, "12-24 Months", IF(E5<25, "12-24 Months", "24+ Months")))) -> 24+ Months | N5: =IF(E5<6,"12-18 Months", IF(E5<13, "18-24 Months", "24+ Months")) -> 24+ Months | O5: T1200 | P5: =IF(I5>=2, C5, IF(J5>=0.75, C5, 0)) -> 148 | Q5: =IF(I5>=2, C5, IF(AND(J5>=0.75, D5>=550), C5, 0)) -> 148 | R5: =IF(J5>=0.75, C5, 0) -> 148
A6: 110104 | B6: Lake Hamilton Police Dept.- FL | C6: 1 | D6: 12 | E6: 50 | F6: 22 | G6: 0 | H6: 0 | I6: 1.83 | J6: 0 | K6: 0 | L6: 0 | M6: =IF(E6<6,"0-6 Months", IF(E6<13, "6-12 Months", IF(E6<19, "12-24 Months", IF(E6<25, "12-24 Months", "24+ Months")))) -> 24+ Months | N6: =IF(E6<6,"12-18 Months", IF(E6<13, "18-24 Months", "24+ Months")) -> 24+ Months | O6: Other | P6: =IF(I6>=2, C6, IF(J6>=0.75, C6, 0)) -> 0 | Q6: =IF(I6>=2, C6, IF(AND(J6>=0.75, D6>=550), C6, 0)) -> 0 | R6: =IF(J6>=0.75, C6, 0) -> 0
A7: 128243 | B7: Winnfield Police Dept. - LA | C7: 1 | D7: 20 | E7: 50 | F7: 0 | G7: 0 | H7: 0 | I7: 0 | J7: 0 | K7: 0 | L7: 0 | M7: =IF(E7<6,"0-6 Months", IF(E7<13, "6-12 Months", IF(E7<19, "12-24 Months", IF(E7<25, "12-24 Months", "24+ Months")))) -> 24+ Months | N7: =IF(E7<6,"12-18 Months", IF(E7<13, "18-24 Months", "24+ Months")) -> 24+ Months | O7: Other | P7: =IF(I7>=2, C7, IF(J7>=0.75, C7, 0)) -> 0 | Q7: =IF(I7>=2, C7, IF(AND(J7>=0.75, D7>=550), C7, 0)) -> 0 | R7: =IF(J7>=0.75, C7, 0) -> 0
A8: 302987 | B8: Brush Police Department - CO | C8: 16 | D8: 28 | E8: 50 | F8: 8 | G8: 1 | H8: 0 | I8: 0.29 | J8: 0.04 | K8: 0 | L8: 0 | M8: =IF(E8<6,"0-6 Months", IF(E8<13, "6-12 Months", IF(E8<19, "12-24 Months", IF(E8<25, "12-24 Months", "24+ Months")))) -> 24+ Months | N8: =IF(E8<6,"12-18 Months", IF(E8<13, "18-24 Months", "24+ Months")) -> 24+ Months | O8: Other | P8: =IF(I8>=2, C8, IF(J8>=0.75, C8, 0)) -> 0 | Q8: =IF(I8>=2, C8, IF(AND(J8>=0.75, D8>=550), C8, 0)) -> 0 | R8: =IF(J8>=0.75, C8, 0) -> 0
A9: 206457 | B9: Hillsboro Beach Police Dept.-FL | C9: 18 | D9: 20 | E9: 50 | F9: 1 | G9: 1 | H9: 0 | I9: 0.05 | J9: 0.05 | K9: 0 | L9: 0 | M9: =IF(E9<6,"0-6 Months", IF(E9<13, "6-12 Months", IF(E9<19, "12-24 Months", IF(E9<25, "12-24 Months", "24+ Months")))) -> 24+ Months | N9: =IF(E9<6,"12-18 Months", IF(E9<13, "18-24 Months", "24+ Months")) -> 24+ Months | O9: Other | P9: =IF(I9>=2, C9, IF(J9>=0.75, C9, 0)) -> 0 | Q9: =IF(I9>=2, C9, IF(AND(J9>=0.75, D9>=550), C9, 0)) -> 0 | R9: =IF(J9>=0.75, C9, 0) -> 0
A10: 107396 | B10: Bradley County Sheriff's Office - TN | C10: 106 | D10: 130 | E10: 50 | F10: 25 | G10: 25 | H10: 25 | I10: 0.19 | J10: 0.19 | K10: 0.19 | L10: 35 | M10: =IF(E10<6,"0-6 Months", IF(E10<13, "6-12 Months", IF(E10<19, "12-24 Months", IF(E10<25, "12-24 Months", "24+ Months")))) -> 24+ Months | N10: =IF(E10<6,"12-18 Months", IF(E10<13, "18-24 Months", "24+ Months")) -> 24+ Months | O10: T1200 | P10: =IF(I10>=2, C10, IF(J10>=0.75, C10, 0)) -> 0 | Q10: =IF(I10>=2, C10, IF(AND(J10>=0.75, D10>=550), C10, 0)) -> 0 | R10: =IF(J10>=0.75, C10, 0) -> 0
A11: 109997 | B11: Middletown Police Dept. - CT | C11: 119 | D11: 125 | E11: 50 | F11: 29 | G11: 28 | H11: 24 | I11: 0.23 | J11: 0.22 | K11: 0.19 | L11: 27 | M11: =IF(E11<6,"0-6 Months", IF(E11<13, "6-12 Months", IF(E11<19, "12-24 Months", IF(E11<25, "12-24 Months", "24+ Months")))) -> 24+ Months | N11: =IF(E11<6,"12-18 Months", IF(E11<13, "18-24 Months", "24+ Months")) -> 24+ Months | O11: T1200 | P11: =IF(I11>=2, C11, IF(J11>=0.75, C11, 0)) -> 0 | Q11: =IF(I11>=2, C11, IF(AND(J11>=0.75, D11>=550), C11, 0)) -> 0 | R11: =IF(J11>=0.75, C11, 0) -> 0
A12: 111152 | B12: Federal Way Police Dept. - WA | C12: 130 | D12: 150 | E12: 50 | F12: 0 | G12: 0 | H12: 0 | I12: 0 | J12: 0 | K12: 0 | L12: 3 | M12: =IF(E12<6,"0-6 Months", IF(E12<13, "6-12 Months", IF(E12<19, "12-24 Months", IF(E12<25, "12-24 Months", "24+ Months")))) -> 24+ Months | N12: =IF(E12<6,"12-18 Months", IF(E12<13, "18-24 Months", "24+ Months")) -> 24+ Months | O12: T1200 | P12: =IF(I12>=2, C12, IF(J12>=0.75, C12, 0)) -> 0 | Q12: =IF(I12>=2, C12, IF(AND(J12>=0.75, D12>=550), C12, 0)) -> 0 | R12: =IF(J12>=0.75, C12, 0) -> 0
A13: 109207 | B13: Kissimmee Police Dept. - FL | C13: 162 | D13: 166 | E13: 50 | F13: 313 | G13: 227 | H13: 143 | I13: 1.89 | J13: 1.37 | K13: 0.86 | L13: 139 | M13: =IF(E13<6,"0-6 Months", IF(E13<13, "6-12 Months", IF(E13<19, "12-24 Months", IF(E13<25, "12-24 Months", "24+ Months")))) -> 24+ Months | N13: =IF(E13<6,"12-18 Months", IF(E13<13, "18-24 Months", "24+ Months")) -> 24+ Months | O13: T1200 | P13: =IF(I13>=2, C13, IF(J13>=0.75, C13, 0)) -> 162 | Q13: =IF(I13>=2, C13, IF(AND(J13>=0.75, D13>=550), C13, 0)) -> 0 | R13: =IF(J13>=0.75, C13, 0) -> 162
... A112: 106000 | B112: Atlanta Police Dept. - GA | C112: 2337 | D112: 2337 | E112: 33 | F112: 277 | G112: 164 | H112: 134 | I112: 0.12 | J112: 0.07 | K112: 0.06 | L112: 0 | M112: =IF(E112<6,"0-6 Months", IF(E112<13, "6-12 Months", IF(E112<19, "12-24 Months", IF(E112<25, "12-24 Months", "24+ Months")))) -> 24+ Months | N112: =IF(E112<6,"12-18 Months", IF(E112<13, "18-24 Months", "24+ Months")) -> 24+ Months | O112: Major | P112: =IF(I112>=2, C112, IF(J112>=0.75, C112, 0)) -> 0 | Q112: =IF(I112>=2, C112, IF(AND(J112>=0.75, D112>=550), C112, 0)) -> 0 | R112: =IF(J112>=0.75, C112, 0) -> 0
A113: CA0115604 | B113: Manitoba First Nations Police Service | C113: 1 | D113: 57 | E113: 31 | F113: 155 | G113: 67 | H113: 0 | I113: 2.72 | J113: 1.18 | K113: 0 | L113: 24 | M113: =IF(E113<6,"0-6 Months", IF(E113<13, "6-12 Months", IF(E113<19, "12-24 Months", IF(E113<25, "12-24 Months", "24+ Months")))) -> 24+ Months | N113: =IF(E113<6,"12-18 Months", IF(E113<13, "18-24 Months", "24+ Months")) -> 24+ Months | O113: Other | P113: =IF(I113>=2, C113, IF(J113>=0.75, C113, 0)) -> 1 | Q113: =IF(I113>=2, C113, IF(AND(J113>=0.75, D113>=550), C113, 0)) -> 1 | R113: =IF(J113>=0.75, C113, 0) -> 1
A114: 110771 | B114: Albany County Sheriff's Office - NY | C114: 406 | D114: 140 | E114: 31 | F114: 0 | G114: 0 | H114: 0 | I114: 0 | J114: 0 | K114: 0 | L114: 46 | M114: =IF(E114<6,"0-6 Months", IF(E114<13, "6-12 Months", IF(E114<19, "12-24 Months", IF(E114<25, "12-24 Months", "24+ Months")))) -> 24+ Months | N114: =IF(E114<6,"12-18 Months", IF(E114<13, "18-24 Months", "24+ Months")) -> 24+ Months | O114: T1200 | P114: =IF(I114>=2, C114, IF(J114>=0.75, C114, 0)) -> 0 | Q114: =IF(I114>=2, C114, IF(AND(J114>=0.75, D114>=550), C114, 0)) -> 0 | R114: =IF(J114>=0.75, C114, 0) -> 0
A115: 106616 | B115: Elk Grove Village Police Dept. - IL | C115: 4 | D115: 92 | E115: 30 | F115: 25 | G115: 1 | H115: 1 | I115: 0.27 | J115: 0.01 | K115: 0.01 | L115: 40 | M115: =IF(E115<6,"0-6 Months", IF(E115<13, "6-12 Months", IF(E115<19, "12-24 Months", IF(E115<25, "12-24 Months", "24+ Months")))) -> 24+ Months | N115: =IF(E115<6,"12-18 Months", IF(E115<13, "18-24 Months", "24+ Months")) -> 24+ Months | O115: Other | P115: =IF(I115>=2, C115, IF(J115>=0.75, C115, 0)) -> 0 | Q115: =IF(I115>=2, C115, IF(AND(J115>=0.75, D115>=550), C115, 0)) -> 0 | R115: =IF(J115>=0.75, C115, 0) -> 0
A116: 293426 | B116: Tonkawa Police Dept. | C116: 8 | D116: 16 | E116: 30 | F116: 34 | G116: 25 | H116: 0 | I116: 2.13 | J116: 1.56 | K116: 0 | L116: 34 | M116: =IF(E116<6,"0-6 Months", IF(E116<13, "6-12 Months", IF(E116<19, "12-24 Months", IF(E116<25, "12-24 Months", "24+ Months")))) -> 24+ Months | N116: =IF(E116<6,"12-18 Months", IF(E116<13, "18-24 Months", "24+ Months")) -> 24+ Months | O116: Other | P116: =IF(I116>=2, C116, IF(J116>=0.75, C116, 0)) -> 8 | Q116: =IF(I116>=2, C116, IF(AND(J116>=0.75, D116>=550), C116, 0)) -> 8 | R116: =IF(J116>=0.75, C116, 0) -> 8
A117: 117408 | B117: Addison Police Department - IL | C117: 25 | D117: 66 | E117: 30 | F117: 103 | G117: 69 | H117: 0 | I117: 1.58 | J117: 1.06 | K117: 0 | L117: 10 | M117: =IF(E117<6,"0-6 Months", IF(E117<13, "6-12 Months", IF(E117<19, "12-24 Months", IF(E117<25, "12-24 Months", "24+ Months")))) -> 24+ Months | N117: =IF(E117<6,"12-18 Months", IF(E117<13, "18-24 Months", "24+ Months")) -> 24+ Months | O117: Other | P117: =IF(I117>=2, C117, IF(J117>=0.75, C117, 0)) -> 25 | Q117: =IF(I117>=2, C117, IF(AND(J117>=0.75, D117>=550), C117, 0)) -> 0 | R117: =IF(J117>=0.75, C117, 0) -> 25
A118: 198139 | B118: Black Mountain Police Dept. - NC | C118: 25 | D118: 16 | E118: 29 | F118: 12 | G118: 12 | H118: 12 | I118: 0.75 | J118: 0.75 | K118: 0.75 | L118: 4 | M118: =IF(E118<6,"0-6 Months", IF(E118<13, "6-12 Months", IF(E118<19, "12-24 Months", IF(E118<25, "12-24 Months", "24+ Months")))) -> 24+ Months | N118: =IF(E118<6,"12-18 Months", IF(E118<13, "18-24 Months", "24+ Months")) -> 24+ Months | O118: Other | P118: =IF(I118>=2, C118, IF(J118>=0.75, C118, 0)) -> 25 | Q118: =IF(I118>=2, C118, IF(AND(J118>=0.75, D118>=550), C118, 0)) -> 0 | R118: =IF(J118>=0.75, C118, 0) -> 25
A119: 470672 | B119: Harris County Constable Pct. 8 - TX | C119: 73 | D119: 73 | E119: 28 | F119: 156 | G119: 87 | H119: 87 | I119: 2.14 | J119: 1.19 | K119: 1.19 | L119: 0 | M119: =IF(E119<6,"0-6 Months", IF(E119<13, "6-12 Months", IF(E119<19, "12-24 Months", IF(E119<25, "12-24 Months", "24+ Months")))) -> 24+ Months | N119: =IF(E119<6,"12-18 Months", IF(E119<13, "18-24 Months", "24+ Months")) -> 24+ Months | O119: Other | P119: =IF(I119>=2, C119, IF(J119>=0.75, C119, 0)) -> 73 | Q119: =IF(I119>=2, C119, IF(AND(J119>=0.75, D119>=550), C119, 0)) -> 73 | R119: =IF(J119>=0.75, C119, 0) -> 73
A120: 110673 | B120: Do√±a Ana County Sheriff's Dept. - NM | C120: 190 | D120: 150 | E120: 28 | F120: 7 | G120: 9 | H120: 9 | I120: 0.05 | J120: 0.06 | K120: 0.06 | L120: 5 | M120: =IF(E120<6,"0-6 Months", IF(E120<13, "6-12 Months", IF(E120<19, "12-24 Months", IF(E120<25, "12-24 Months", "24+ Months")))) -> 24+ Months | N120: =IF(E120<6,"12-18 Months", IF(E120<13, "18-24 Months", "24+ Months")) -> 24+ Months | O120: T1200 | P120: =IF(I120>=2, C120, IF(J120>=0.75, C120, 0)) -> 0 | Q120: =IF(I120>=2, C120, IF(AND(J120>=0.75, D120>=550), C120, 0)) -> 0 | R120: =IF(J120>=0.75, C120, 0) -> 0
A121: 316716 | B121: BUFFALO CITY POLICE DEPT. - NY | C121: 724 | D121: 580 | E121: 28 | F121: 229 | G121: 174 | H121: 57 | I121: 0.39 | J121: 0.3 | K121: 0.1 | L121: 1048 | M121: =IF(E121<6,"0-6 Months", IF(E121<13, "6-12 Months", IF(E121<19, "12-24 Months", IF(E121<25, "12-24 Months", "24+ Months")))) -> 24+ Months | N121: =IF(E121<6,"12-18 Months", IF(E121<13, "18-24 Months", "24+ Months")) -> 24+ Months | O121: Major | P121: =IF(I121>=2, C121, IF(J121>=0.75, C121, 0)) -> 0 | Q121: =IF(I121>=2, C121, IF(AND(J121>=0.75, D121>=550), C121, 0)) -> 0 | R121: =IF(J121>=0.75, C121, 0) -> 0
A122: 108015 | B122: Birmingham Police Dept. - AL | C122: 775 | D122: 768 | E122: 28 | F122: 3 | G122: 3 | H122: 0 | I122: 0 | J122: 0 | K122: 0 | L122: 210 | M122: =IF(E122<6,"0-6 Months", IF(E122<13, "6-12 Months", IF(E122<19, "12-24 Months", IF(E122<25, "12-24 Months", "24+ Months")))) -> 24+ Months | N122: =IF(E122<6,"12-18 Months", IF(E122<13, "18-24 Months", "24+ Months")) -> 24+ Months | O122: Major | P122: =IF(I122>=2, C122, IF(J122>=0.75, C122, 0)) -> 0 | Q122: =IF(I122>=2, C122, IF(AND(J122>=0.75, D122>=550), C122, 0)) -> 0 | R122: =IF(J122>=0.75, C122, 0) -> 0
A123: 135122 | B123: Anne Arundel County Police Dept. - MD | C123: 862 | D123: 800 | E123: 28 | F123: 39 | G123: 5 | H123: 1 | I123: 0.05 | J123: 0.01 | K123: 0 | L123: 923 | M123: =IF(E123<6,"0-6 Months", IF(E123<13, "6-12 Months", IF(E123<19, "12-24 Months", IF(E123<25, "12-24 Months", "24+ Months")))) -> 24+ Months | N123: =IF(E123<6,"12-18 Months", IF(E123<13, "18-24 Months", "24+ Months")) -> 24+ Months | O123: Major | P123: =IF(I123>=2, C123, IF(J123>=0.75, C123, 0)) -> 0 | Q123: =IF(I123>=2, C123, IF(AND(J123>=0.75, D123>=550), C123, 0)) -> 0 | R123: =IF(J123>=0.75, C123, 0) -> 0
A124: 124496 | B124: Pittsburgh Bureau of Police - PA | C124: 992 | D124: 900 | E124: 28 | F124: 2105 | G124: 147 | H124: 14 | I124: 2.34 | J124: 0.16 | K124: 0.02 | L124: 858 | M124: =IF(E124<6,"0-6 Months", IF(E124<13, "6-12 Months", IF(E124<19, "12-24 Months", IF(E124<25, "12-24 Months", "24+ Months")))) -> 24+ Months | N124: =IF(E124<6,"12-18 Months", IF(E124<13, "18-24 Months", "24+ Months")) -> 24+ Months | O124: Major | P124: =IF(I124>=2, C124, IF(J124>=0.75, C124, 0)) -> 992 | Q124: =IF(I124>=2, C124, IF(AND(J124>=0.75, D124>=550), C124, 0)) -> 992 | R124: =IF(J124>=0.75, C124, 0) -> 0
A125: 465304 | B125: York City School Police Dept - PA | C125: 18 | D125: 24 | E125: 27 | F125: 33 | G125: 26 | H125: 0 | I125: 1.38 | J125: 1.08 | K125: 0 | L125: 3 | M125: =IF(E125<6,"0-6 Months", IF(E125<13, "6-12 Months", IF(E125<19, "12-24 Months", IF(E125<25, "12-24 Months", "24+ Months")))) -> 24+ Months | N125: =IF(E125<6,"12-18 Months", IF(E125<13, "18-24 Months", "24+ Months")) -> 24+ Months | O125: Other | P125: =IF(I125>=2, C125, IF(J125>=0.75, C125, 0)) -> 18 | Q125: =IF(I125>=2, C125, IF(AND(J125>=0.75, D125>=550), C125, 0)) -> 0 | R125: =IF(J125>=0.75, C125, 0) -> 18
... A190: 216820 | B190: Grapevine Police Dept. - TX | C190: 100 | D190: 115 | E190: 21 | F190: 254 | G190: 220 | H190: 196 | I190: 2.21 | J190: 1.91 | K190: 1.7 | L190: 4 | M190: =IF(E190<6,"0-6 Months", IF(E190<13, "6-12 Months", IF(E190<19, "12-24 Months", IF(E190<25, "12-24 Months", "24+ Months")))) -> 12-24 Months | N190: =IF(E190<6,"12-18 Months", IF(E190<13, "18-24 Months", "24+ Months")) -> 24+ Months | O190: T1200 | P190: =IF(I190>=2, C190, IF(J190>=0.75, C190, 0)) -> 100 | Q190: =IF(I190>=2, C190, IF(AND(J190>=0.75, D190>=550), C190, 0)) -> 100 | R190: =IF(J190>=0.75, C190, 0) -> 100
A191: CA0115746 | B191: CPKC Railway Police Service | C191: 105 | D191: 42 | E191: 21 | F191: 181 | G191: 135 | H191: 82 | I191: 4.31 | J191: 3.21 | K191: 1.95 | L191: 0 | M191: =IF(E191<6,"0-6 Months", IF(E191<13, "6-12 Months", IF(E191<19, "12-24 Months", IF(E191<25, "12-24 Months", "24+ Months")))) -> 12-24 Months | N191: =IF(E191<6,"12-18 Months", IF(E191<13, "18-24 Months", "24+ Months")) -> 24+ Months | O191: Other | P191: =IF(I191>=2, C191, IF(J191>=0.75, C191, 0)) -> 105 | Q191: =IF(I191>=2, C191, IF(AND(J191>=0.75, D191>=550), C191, 0)) -> 105 | R191: =IF(J191>=0.75, C191, 0) -> 105
A192: 113399 | B192: Cheektowaga Police Dept - NY | C192: 125 | D192: 100 | E192: 21 | F192: 139 | G192: 139 | H192: 122 | I192: 1.39 | J192: 1.39 | K192: 1.22 | L192: 8 | M192: =IF(E192<6,"0-6 Months", IF(E192<13, "6-12 Months", IF(E192<19, "12-24 Months", IF(E192<25, "12-24 Months", "24+ Months")))) -> 12-24 Months | N192: =IF(E192<6,"12-18 Months", IF(E192<13, "18-24 Months", "24+ Months")) -> 24+ Months | O192: T1200 | P192: =IF(I192>=2, C192, IF(J192>=0.75, C192, 0)) -> 125 | Q192: =IF(I192>=2, C192, IF(AND(J192>=0.75, D192>=550), C192, 0)) -> 0 | R192: =IF(J192>=0.75, C192, 0) -> 125
A193: 105754 | B193: Corona Police Dept. - CA | C193: 228 | D193: 166 | E193: 21 | F193: 0 | G193: 0 | H193: 0 | I193: 0 | J193: 0 | K193: 0 | L193: 0 | M193: =IF(E193<6,"0-6 Months", IF(E193<13, "6-12 Months", IF(E193<19, "12-24 Months", IF(E193<25, "12-24 Months", "24+ Months")))) -> 12-24 Months | N193: =IF(E193<6,"12-18 Months", IF(E193<13, "18-24 Months", "24+ Months")) -> 24+ Months | O193: T1200 | P193: =IF(I193>=2, C193, IF(J193>=0.75, C193, 0)) -> 0 | Q193: =IF(I193>=2, C193, IF(AND(J193>=0.75, D193>=550), C193, 0)) -> 0 | R193: =IF(J193>=0.75, C193, 0) -> 0
A194: 511036 | B194: Will County Sheriff Office Enforcement - IL | C194: 231 | D194: 240 | E194: 21 | F194: 1056 | G194: 1037 | H194: 43 | I194: 4.4 | J194: 4.32 | K194: 0.18 | L194: 10 | M194: =IF(E194<6,"0-6 Months", IF(E194<13, "6-12 Months", IF(E194<19, "12-24 Months", IF(E194<25, "12-24 Months", "24+ Months")))) -> 12-24 Months | N194: =IF(E194<6,"12-18 Months", IF(E194<13, "18-24 Months", "24+ Months")) -> 24+ Months | O194: T1200 | P194: =IF(I194>=2, C194, IF(J194>=0.75, C194, 0)) -> 231 | Q194: =IF(I194>=2, C194, IF(AND(J194>=0.75, D194>=550), C194, 0)) -> 231 | R194: =IF(J194>=0.75, C194, 0) -> 231
A195: 113387 | B195: Modesto Police Dept. - CA | C195: 267 | D195: 255 | E195: 21 | F195: 2 | G195: 0 | H195: 0 | I195: 0.01 | J195: 0 | K195: 0 | L195: 9 | M195: =IF(E195<6,"0-6 Months", IF(E195<13, "6-12 Months", IF(E195<19, "12-24 Months", IF(E195<25, "12-24 Months", "24+ Months")))) -> 12-24 Months | N195: =IF(E195<6,"12-18 Months", IF(E195<13, "18-24 Months", "24+ Months")) -> 24+ Months | O195: T1200 | P195: =IF(I195>=2, C195, IF(J195>=0.75, C195, 0)) -> 0 | Q195: =IF(I195>=2, C195, IF(AND(J195>=0.75, D195>=550), C195, 0)) -> 0 | R195: =IF(J195>=0.75, C195, 0) -> 0
A196: 106297 | B196: Springfield Police Department - MO | C196: 296 | D196: 235 | E196: 21 | F196: 523 | G196: 26 | H196: 0 | I196: 2.23 | J196: 0.11 | K196: 0 | L196: 136 | M196: =IF(E196<6,"0-6 Months", IF(E196<13, "6-12 Months", IF(E196<19, "12-24 Months", IF(E196<25, "12-24 Months", "24+ Months")))) -> 12-24 Months | N196: =IF(E196<6,"12-18 Months", IF(E196<13, "18-24 Months", "24+ Months")) -> 24+ Months | O196: T1200 | P196: =IF(I196>=2, C196, IF(J196>=0.75, C196, 0)) -> 296 | Q196: =IF(I196>=2, C196, IF(AND(J196>=0.75, D196>=550), C196, 0)) -> 296 | R196: =IF(J196>=0.75, C196, 0) -> 0
A197: 141269 | B197: Grand Rapids Police Dept. - MI | C197: 314 | D197: 300 | E197: 21 | F197: 962 | G197: 24 | H197: 15 | I197: 3.21 | J197: 0.08 | K197: 0.05 | L197: 3 | M197: =IF(E197<6,"0-6 Months", IF(E197<13, "6-12 Months", IF(E197<19, "12-24 Months", IF(E197<25, "12-24 Months", "24+ Months")))) -> 12-24 Months | N197: =IF(E197<6,"12-18 Months", IF(E197<13, "18-24 Months", "24+ Months")) -> 24+ Months | O197: T1200 | P197: =IF(I197>=2, C197, IF(J197>=0.75, C197, 0)) -> 314 | Q197: =IF(I197>=2, C197, IF(AND(J197>=0.75, D197>=550), C197, 0)) -> 314 | R197: =IF(J197>=0.75, C197, 0) -> 0
A198: 115314 | B198: Jefferson County Sheriff's Office - AL | C198: 487 | D198: 450 | E198: 21 | F198: 802 | G198: 347 | H198: 305 | I198: 1.78 | J198: 0.77 | K198: 0.68 | L198: 0 | M198: =IF(E198<6,"0-6 Months", IF(E198<13, "6-12 Months", IF(E198<19, "12-24 Months", IF(E198<25, "12-24 Months", "24+ Months")))) -> 12-24 Months | N198: =IF(E198<6,"12-18 Months", IF(E198<13, "18-24 Months", "24+ Months")) -> 24+ Months | O198: T1200 | P198: =IF(I198>=2, C198, IF(J198>=0.75, C198, 0)) -> 487 | Q198: =IF(I198>=2, C198, IF(AND(J198>=0.75, D198>=550), C198, 0)) -> 0 | R198: =IF(J198>=0.75, C198, 0) -> 487
A199: 112474 | B199: Pinellas County Sheriff's Office - FL | C199: 950 | D199: 1110 | E199: 21 | F199: 1647 | G199: 1048 | H199: 529 | I199: 1.48 | J199: 0.94 | K199: 0.48 | L199: 1331 | M199: =IF(E199<6,"0-6 Months", IF(E199<13, "6-12 Months", IF(E199<19, "12-24 Months", IF(E199<25, "12-24 Months", "24+ Months")))) -> 12-24 Months | N199: =IF(E199<6,"12-18 Months", IF(E199<13, "18-24 Months", "24+ Months")) -> 24+ Months | O199: Major | P199: =IF(I199>=2, C199, IF(J199>=0.75, C199, 0)) -> 950 | Q199: =IF(I199>=2, C199, IF(AND(J199>=0.75, D199>=550), C199, 0)) -> 950 | R199: =IF(J199>=0.75, C199, 0) -> 950
A200: 305270 | B200: Tilden Twp Police Dept. - PA | C200: 4 | D200: 4 | E200: 20 | F200: 0 | G200: 0 | H200: 0 | I200: 0 | J200: 0 | K200: 0 | L200: 0 | M200: =IF(E200<6,"0-6 Months", IF(E200<13, "6-12 Months", IF(E200<19, "12-24 Months", IF(E200<25, "12-24 Months", "24+ Months")))) -> 12-24 Months | N200: =IF(E200<6,"12-18 Months", IF(E200<13, "18-24 Months", "24+ Months")) -> 24+ Months | O200: Other | P200: =IF(I200>=2, C200, IF(J200>=0.75, C200, 0)) -> 0 | Q200: =IF(I200>=2, C200, IF(AND(J200>=0.75, D200>=550), C200, 0)) -> 0 | R200: =IF(J200>=0.75, C200, 0) -> 0
A201: 153711 | B201: Justin Police Dept. - TX | C201: 15 | D201: 16 | E201: 20 | F201: 1 | G201: 0 | H201: 0 | I201: 0.06 | J201: 0 | K201: 0 | L201: 0 | M201: =IF(E201<6,"0-6 Months", IF(E201<13, "6-12 Months", IF(E201<19, "12-24 Months", IF(E201<25, "12-24 Months", "24+ Months")))) -> 12-24 Months | N201: =IF(E201<6,"12-18 Months", IF(E201<13, "18-24 Months", "24+ Months")) -> 24+ Months | O201: Other | P201: =IF(I201>=2, C201, IF(J201>=0.75, C201, 0)) -> 0 | Q201: =IF(I201>=2, C201, IF(AND(J201>=0.75, D201>=550), C201, 0)) -> 0 | R201: =IF(J201>=0.75, C201, 0) -> 0
A202: 543347 | B202: CSX Railroad Police - FL | C202: 28 | D202: 104 | E202: 20 | F202: 80 | G202: 38 | H202: 0 | I202: 0.77 | J202: 0.37 | K202: 0 | L202: 0 | M202: =IF(E202<6,"0-6 Months", IF(E202<13, "6-12 Months", IF(E202<19, "12-24 Months", IF(E202<25, "12-24 Months", "24+ Months")))) -> 12-24 Months | N202: =IF(E202<6,"12-18 Months", IF(E202<13, "18-24 Months", "24+ Months")) -> 24+ Months | O202: T1200 | P202: =IF(I202>=2, C202, IF(J202>=0.75, C202, 0)) -> 0 | Q202: =IF(I202>=2, C202, IF(AND(J202>=0.75, D202>=550), C202, 0)) -> 0 | R202: =IF(J202>=0.75, C202, 0) -> 0
A203: 106273 | B203: Waushara County Sheriff's Office - WI | C203: 30 | D203: 30 | E203: 20 | F203: 190 | G203: 99 | H203: 68 | I203: 6.33 | J203: 3.3 | K203: 2.27 | L203: 2 | M203: =IF(E203<6,"0-6 Months", IF(E203<13, "6-12 Months", IF(E203<19, "12-24 Months", IF(E203<25, "12-24 Months", "24+ Months")))) -> 12-24 Months | N203: =IF(E203<6,"12-18 Months", IF(E203<13, "18-24 Months", "24+ Months")) -> 24+ Months | O203: Other | P203: =IF(I203>=2, C203, IF(J203>=0.75, C203, 0)) -> 30 | Q203: =IF(I203>=2, C203, IF(AND(J203>=0.75, D203>=550), C203, 0)) -> 30 | R203: =IF(J203>=0.75, C203, 0) -> 30
... A236: 167139 | B236: Fort Mill Police Dept. - SC | C236: 160 | D236: 99 | E236: 17 | F236: 360 | G236: 332 | H236: 29 | I236: 3.64 | J236: 3.35 | K236: 0.29 | L236: 5 | M236: =IF(E236<6,"0-6 Months", IF(E236<13, "6-12 Months", IF(E236<19, "12-24 Months", IF(E236<25, "12-24 Months", "24+ Months")))) -> 12-24 Months | N236: =IF(E236<6,"12-18 Months", IF(E236<13, "18-24 Months", "24+ Months")) -> 24+ Months | O236: Other | P236: =IF(I236>=2, C236, IF(J236>=0.75, C236, 0)) -> 160 | Q236: =IF(I236>=2, C236, IF(AND(J236>=0.75, D236>=550), C236, 0)) -> 160 | R236: =IF(J236>=0.75, C236, 0) -> 160
A237: CA0115465 | B237: Barrie Police Service | C237: 322 | D237: 155 | E237: 17 | F237: 742 | G237: 52 | H237: 30 | I237: 4.79 | J237: 0.34 | K237: 0.19 | L237: 125 | M237: =IF(E237<6,"0-6 Months", IF(E237<13, "6-12 Months", IF(E237<19, "12-24 Months", IF(E237<25, "12-24 Months", "24+ Months")))) -> 12-24 Months | N237: =IF(E237<6,"12-18 Months", IF(E237<13, "18-24 Months", "24+ Months")) -> 24+ Months | O237: T1200 | P237: =IF(I237>=2, C237, IF(J237>=0.75, C237, 0)) -> 322 | Q237: =IF(I237>=2, C237, IF(AND(J237>=0.75, D237>=550), C237, 0)) -> 322 | R237: =IF(J237>=0.75, C237, 0) -> 0
A238: 498161 | B238: Rawlins County Sheriff Office - KS | C238: 6 | D238: 4 | E238: 16 | F238: 0 | G238: 0 | H238: 0 | I238: 0 | J238: 0 | K238: 0 | L238: 0 | M238: =IF(E238<6,"0-6 Months", IF(E238<13, "6-12 Months", IF(E238<19, "12-24 Months", IF(E238<25, "12-24 Months", "24+ Months")))) -> 12-24 Months | N238: =IF(E238<6,"12-18 Months", IF(E238<13, "18-24 Months", "24+ Months")) -> 24+ Months | O238: Other | P238: =IF(I238>=2, C238, IF(J238>=0.75, C238, 0)) -> 0 | Q238: =IF(I238>=2, C238, IF(AND(J238>=0.75, D238>=550), C238, 0)) -> 0 | R238: =IF(J238>=0.75, C238, 0) -> 0
A239: 217880 | B239: Grady County Sheriff - GA | C239: 21 | D239: 25 | E239: 16 | F239: 8 | G239: 8 | H239: 0 | I239: 0.32 | J239: 0.32 | K239: 0 | L239: 0 | M239: =IF(E239<6,"0-6 Months", IF(E239<13, "6-12 Months", IF(E239<19, "12-24 Months", IF(E239<25, "12-24 Months", "24+ Months")))) -> 12-24 Months | N239: =IF(E239<6,"12-18 Months", IF(E239<13, "18-24 Months", "24+ Months")) -> 24+ Months | O239: Other | P239: =IF(I239>=2, C239, IF(J239>=0.75, C239, 0)) -> 0 | Q239: =IF(I239>=2, C239, IF(AND(J239>=0.75, D239>=550), C239, 0)) -> 0 | R239: =IF(J239>=0.75, C239, 0) -> 0
A240: 126706 | B240: Inyo County Sheriff's Office - CA | C240: 41 | D240: 35 | E240: 16 | F240: 2 | G240: 2 | H240: 2 | I240: 0.06 | J240: 0.06 | K240: 0.06 | L240: 9 | M240: =IF(E240<6,"0-6 Months", IF(E240<13, "6-12 Months", IF(E240<19, "12-24 Months", IF(E240<25, "12-24 Months", "24+ Months")))) -> 12-24 Months | N240: =IF(E240<6,"12-18 Months", IF(E240<13, "18-24 Months", "24+ Months")) -> 24+ Months | O240: Other | P240: =IF(I240>=2, C240, IF(J240>=0.75, C240, 0)) -> 0 | Q240: =IF(I240>=2, C240, IF(AND(J240>=0.75, D240>=550), C240, 0)) -> 0 | R240: =IF(J240>=0.75, C240, 0) -> 0
A241: 193540 | B241: San Rafael Police Dept. - CA | C241: 80 | D241: 70 | E241: 16 | F241: 82 | G241: 0 | H241: 0 | I241: 1.17 | J241: 0 | K241: 0 | L241: 0 | M241: =IF(E241<6,"0-6 Months", IF(E241<13, "6-12 Months", IF(E241<19, "12-24 Months", IF(E241<25, "12-24 Months", "24+ Months")))) -> 12-24 Months | N241: =IF(E241<6,"12-18 Months", IF(E241<13, "18-24 Months", "24+ Months")) -> 24+ Months | O241: Other | P241: =IF(I241>=2, C241, IF(J241>=0.75, C241, 0)) -> 0 | Q241: =IF(I241>=2, C241, IF(AND(J241>=0.75, D241>=550), C241, 0)) -> 0 | R241: =IF(J241>=0.75, C241, 0) -> 0
A242: 110715 | B242: Mountain View Police Dept. - CA | C242: 117 | D242: 107 | E242: 16 | F242: 7 | G242: 7 | H242: 0 | I242: 0.07 | J242: 0.07 | K242: 0 | L242: 0 | M242: =IF(E242<6,"0-6 Months", IF(E242<13, "6-12 Months", IF(E242<19, "12-24 Months", IF(E242<25, "12-24 Months", "24+ Months")))) -> 12-24 Months | N242: =IF(E242<6,"12-18 Months", IF(E242<13, "18-24 Months", "24+ Months")) -> 24+ Months | O242: T1200 | P242: =IF(I242>=2, C242, IF(J242>=0.75, C242, 0)) -> 0 | Q242: =IF(I242>=2, C242, IF(AND(J242>=0.75, D242>=550), C242, 0)) -> 0 | R242: =IF(J242>=0.75, C242, 0) -> 0
A243: 154340 | B243: Bartow County Sheriff's Office - GA | C243: 180 | D243: 180 | E243: 16 | F243: 289 | G243: 73 | H243: 17 | I243: 1.61 | J243: 0.41 | K243: 0.09 | L243: 18 | M243: =IF(E243<6,"0-6 Months", IF(E243<13, "6-12 Months", IF(E243<19, "12-24 Months", IF(E243<25, "12-24 Months", "24+ Months")))) -> 12-24 Months | N243: =IF(E243<6,"12-18 Months", IF(E243<13, "18-24 Months", "24+ Months")) -> 24+ Months | O243: T1200 | P243: =IF(I243>=2, C243, IF(J243>=0.75, C243, 0)) -> 0 | Q243: =IF(I243>=2, C243, IF(AND(J243>=0.75, D243>=550), C243, 0)) -> 0 | R243: =IF(J243>=0.75, C243, 0) -> 0
A244: 108484 | B244: Blount County Sheriffs Office - TN | C244: 218 | D244: 150 | E244: 16 | F244: 16 | G244: 3 | H244: 1 | I244: 0.11 | J244: 0.02 | K244: 0.01 | L244: 0 | M244: =IF(E244<6,"0-6 Months", IF(E244<13, "6-12 Months", IF(E244<19, "12-24 Months", IF(E244<25, "12-24 Months", "24+ Months")))) -> 12-24 Months | N244: =IF(E244<6,"12-18 Months", IF(E244<13, "18-24 Months", "24+ Months")) -> 24+ Months | O244: T1200 | P244: =IF(I244>=2, C244, IF(J244>=0.75, C244, 0)) -> 0 | Q244: =IF(I244>=2, C244, IF(AND(J244>=0.75, D244>=550), C244, 0)) -> 0 | R244: =IF(J244>=0.75, C244, 0) -> 0
A245: 116046 | B245: Cary Police Department - NC | C245: 242 | D245: 220 | E245: 16 | F245: 210 | G245: 69 | H245: 48 | I245: 0.95 | J245: 0.31 | K245: 0.22 | L245: 0 | M245: =IF(E245<6,"0-6 Months", IF(E245<13, "6-12 Months", IF(E245<19, "12-24 Months", IF(E245<25, "12-24 Months", "24+ Months")))) -> 12-24 Months | N245: =IF(E245<6,"12-18 Months", IF(E245<13, "18-24 Months", "24+ Months")) -> 24+ Months | O245: T1200 | P245: =IF(I245>=2, C245, IF(J245>=0.75, C245, 0)) -> 0 | Q245: =IF(I245>=2, C245, IF(AND(J245>=0.75, D245>=550), C245, 0)) -> 0 | R245: =IF(J245>=0.75, C245, 0) -> 0
A246: CA0115761 | B246: The City of Edmonton | C246: 280 | D246: 280 | E246: 16 | F246: 125 | G246: 68 | H246: 53 | I246: 0.45 | J246: 0.24 | K246: 0.19 | L246: 9 | M246: =IF(E246<6,"0-6 Months", IF(E246<13, "6-12 Months", IF(E246<19, "12-24 Months", IF(E246<25, "12-24 Months", "24+ Months")))) -> 12-24 Months | N246: =IF(E246<6,"12-18 Months", IF(E246<13, "18-24 Months", "24+ Months")) -> 24+ Months | O246: T1200 | P246: =IF(I246>=2, C246, IF(J246>=0.75, C246, 0)) -> 0 | Q246: =IF(I246>=2, C246, IF(AND(J246>=0.75, D246>=550), C246, 0)) -> 0 | R246: =IF(J246>=0.75, C246, 0) -> 0
A247: 110637 | B247: Shreveport Police Dept - LA | C247: 505 | D247: 480 | E247: 16 | F247: 1670 | G247: 875 | H247: 761 | I247: 3.48 | J247: 1.82 | K247: 1.59 | L247: 61 | M247: =IF(E247<6,"0-6 Months", IF(E247<13, "6-12 Months", IF(E247<19, "12-24 Months", IF(E247<25, "12-24 Months", "24+ Months")))) -> 12-24 Months | N247: =IF(E247<6,"12-18 Months", IF(E247<13, "18-24 Months", "24+ Months")) -> 24+ Months | O247: T1200 | P247: =IF(I247>=2, C247, IF(J247>=0.75, C247, 0)) -> 505 | Q247: =IF(I247>=2, C247, IF(AND(J247>=0.75, D247>=550), C247, 0)) -> 505 | R247: =IF(J247>=0.75, C247, 0) -> 505
A248: 484843 | B248: California Department of Parks and Recreation | C248: 550 | D248: 675 | E248: 16 | F248: 461 | G248: 294 | H248: 266 | I248: 0.68 | J248: 0.44 | K248: 0.39 | L248: 167 | M248: =IF(E248<6,"0-6 Months", IF(E248<13, "6-12 Months", IF(E248<19, "12-24 Months", IF(E248<25, "12-24 Months", "24+ Months")))) -> 12-24 Months | N248: =IF(E248<6,"12-18 Months", IF(E248<13, "18-24 Months", "24+ Months")) -> 24+ Months | O248: Major | P248: =IF(I248>=2, C248, IF(J248>=0.75, C248, 0)) -> 0 | Q248: =IF(I248>=2, C248, IF(AND(J248>=0.75, D248>=550), C248, 0)) -> 0 | R248: =IF(J248>=0.75, C248, 0) -> 0
A249: 228700 | B249: DEPT. OF HOMELESS SERVICES POLICE DEPT. - NY | C249: 608 | D249: 550 | E249: 16 | F249: 66 | G249: 21 | H249: 7 | I249: 0.12 | J249: 0.04 | K249: 0.01 | L249: 15 | M249: =IF(E249<6,"0-6 Months", IF(E249<13, "6-12 Months", IF(E249<19, "12-24 Months", IF(E249<25, "12-24 Months", "24+ Months")))) -> 12-24 Months | N249: =IF(E249<6,"12-18 Months", IF(E249<13, "18-24 Months", "24+ Months")) -> 24+ Months | O249: Major | P249: =IF(I249>=2, C249, IF(J249>=0.75, C249, 0)) -> 0 | Q249: =IF(I249>=2, C249, IF(AND(J249>=0.75, D249>=550), C249, 0)) -> 0 | R249: =IF(J249>=0.75, C249, 0) -> 0
A250: 105516 | B250: Mesa Police Department | C250: 1079 | D250: 720 | E250: 16 | F250: 762 | G250: 623 | H250: 538 | I250: 1.06 | J250: 0.87 | K250: 0.75 | L250: 8 | M250: =IF(E250<6,"0-6 Months", IF(E250<13, "6-12 Months", IF(E250<19, "12-24 Months", IF(E250<25, "12-24 Months", "24+ Months")))) -> 12-24 Months | N250: =IF(E250<6,"12-18 Months", IF(E250<13, "18-24 Months", "24+ Months")) -> 24+ Months | O250: Major | P250: =IF(I250>=2, C250, IF(J250>=0.75, C250, 0)) -> 1079 | Q250: =IF(I250>=2, C250, IF(AND(J250>=0.75, D250>=550), C250, 0)) -> 1079 | R250: =IF(J250>=0.75, C250, 0) -> 1079
A251: 107197 | B251: Washington State Patrol - District 1- WA | C251: 1202 | D251: 1202 | E251: 16 | F251: 237 | G251: 44 | H251: 13 | I251: 0.2 | J251: 0.04 | K251: 0.01 | L251: 64 | M251: =IF(E251<6,"0-6 Months", IF(E251<13, "6-12 Months", IF(E251<19, "12-24 Months", IF(E251<25, "12-24 Months", "24+ Months")))) -> 12-24 Months | N251: =IF(E251<6,"12-18 Months", IF(E251<13, "18-24 Months", "24+ Months")) -> 24+ Months | O251: Major | P251: =IF(I251>=2, C251, IF(J251>=0.75, C251, 0)) -> 0 | Q251: =IF(I251>=2, C251, IF(AND(J251>=0.75, D251>=550), C251, 0)) -> 0 | R251: =IF(J251>=0.75, C251, 0) -> 0
A252: 106478 | B252: Fresno Police Dept. - CA | C252: 1286 | D252: 800 | E252: 16 | F252: 371 | G252: 356 | H252: 56 | I252: 0.46 | J252: 0.45 | K252: 0.07 | L252: 269 | M252: =IF(E252<6,"0-6 Months", IF(E252<13, "6-12 Months", IF(E252<19, "12-24 Months", IF(E252<25, "12-24 Months", "24+ Months")))) -> 12-24 Months | N252: =IF(E252<6,"12-18 Months", IF(E252<13, "18-24 Months", "24+ Months")) -> 24+ Months | O252: Major | P252: =IF(I252>=2, C252, IF(J252>=0.75, C252, 0)) -> 0 | Q252: =IF(I252>=2, C252, IF(AND(J252>=0.75, D252>=550), C252, 0)) -> 0 | R252: =IF(J252>=0.75, C252, 0) -> 0
A253: SE0115985 | B253: Bundespolizeipraesidium | C253: 0 | D253: 500 | E253: 16 | F253: 0 | G253: 0 | H253: 0 | I253: 0 | J253: 0 | K253: 0 | L253: 0 | M253: =IF(E253<6,"0-6 Months", IF(E253<13, "6-12 Months", IF(E253<19, "12-24 Months", IF(E253<25, "12-24 Months", "24+ Months")))) -> 12-24 Months | N253: =IF(E253<6,"12-18 Months", IF(E253<13, "18-24 Months", "24+ Months")) -> 24+ Months | O253: T1200 | P253: =IF(I253>=2, C253, IF(J253>=0.75, C253, 0)) -> 0 | Q253: =IF(I253>=2, C253, IF(AND(J253>=0.75, D253>=550), C253, 0)) -> 0 | R253: =IF(J253>=0.75, C253, 0) -> 0
A254: 110485 | B254: Sleepy Eye Police Dept - MN | C254: 7 | D254: 7 | E254: 15 | F254: 52 | G254: 6 | H254: 0 | I254: 7.43 | J254: 0.86 | K254: 0 | L254: 4 | M254: =IF(E254<6,"0-6 Months", IF(E254<13, "6-12 Months", IF(E254<19, "12-24 Months", IF(E254<25, "12-24 Months", "24+ Months")))) -> 12-24 Months | N254: =IF(E254<6,"12-18 Months", IF(E254<13, "18-24 Months", "24+ Months")) -> 24+ Months | O254: Other | P254: =IF(I254>=2, C254, IF(J254>=0.75, C254, 0)) -> 7 | Q254: =IF(I254>=2, C254, IF(AND(J254>=0.75, D254>=550), C254, 0)) -> 7 | R254: =IF(J254>=0.75, C254, 0) -> 7
A255: 112992 | B255: Buckley Police Dept. - WA | C255: 14 | D255: 12 | E255: 15 | F255: 59 | G255: 1 | H255: 1 | I255: 4.92 | J255: 0.08 | K255: 0.08 | L255: 0 | M255: =IF(E255<6,"0-6 Months", IF(E255<13, "6-12 Months", IF(E255<19, "12-24 Months", IF(E255<25, "12-24 Months", "24+ Months")))) -> 12-24 Months | N255: =IF(E255<6,"12-18 Months", IF(E255<13, "18-24 Months", "24+ Months")) -> 24+ Months | O255: Other | P255: =IF(I255>=2, C255, IF(J255>=0.75, C255, 0)) -> 14 | Q255: =IF(I255>=2, C255, IF(AND(J255>=0.75, D255>=550), C255, 0)) -> 14 | R255: =IF(J255>=0.75, C255, 0) -> 0
A256: 128220 | B256: Rockdale Police Dept. - IL | C256: 14 | D256: 11 | E256: 15 | F256: 31 | G256: 24 | H256: 10 | I256: 2.82 | J256: 2.18 | K256: 0.91 | L256: 0 | M256: =IF(E256<6,"0-6 Months", IF(E256<13, "6-12 Months", IF(E256<19, "12-24 Months", IF(E256<25, "12-24 Months", "24+ Months")))) -> 12-24 Months | N256: =IF(E256<6,"12-18 Months", IF(E256<13, "18-24 Months", "24+ Months")) -> 24+ Months | O256: Other | P256: =IF(I256>=2, C256, IF(J256>=0.75, C256, 0)) -> 14 | Q256: =IF(I256>=2, C256, IF(AND(J256>=0.75, D256>=550), C256, 0)) -> 14 | R256: =IF(J256>=0.75, C256, 0) -> 14
A257: 112123 | B257: Shiloh Police Dept. - IL | C257: 27 | D257: 23 | E257: 15 | F257: 17 | G257: 0 | H257: 0 | I257: 0.74 | J257: 0 | K257: 0 | L257: 0 | M257: =IF(E257<6,"0-6 Months", IF(E257<13, "6-12 Months", IF(E257<19, "12-24 Months", IF(E257<25, "12-24 Months", "24+ Months")))) -> 12-24 Months | N257: =IF(E257<6,"12-18 Months", IF(E257<13, "18-24 Months", "24+ Months")) -> 24+ Months | O257: Other | P257: =IF(I257>=2, C257, IF(J257>=0.75, C257, 0)) -> 0 | Q257: =IF(I257>=2, C257, IF(AND(J257>=0.75, D257>=550), C257, 0)) -> 0 | R257: =IF(J257>=0.75, C257, 0) -> 0
A258: 108398 | B258: Evans Police Department - CO | C258: 38 | D258: 40 | E258: 15 | F258: 49 | G258: 0 | H258: 0 | I258: 1.23 | J258: 0 | K258: 0 | L258: 0 | M258: =IF(E258<6,"0-6 Months", IF(E258<13, "6-12 Months", IF(E258<19, "12-24 Months", IF(E258<25, "12-24 Months", "24+ Months")))) -> 12-24 Months | N258: =IF(E258<6,"12-18 Months", IF(E258<13, "18-24 Months", "24+ Months")) -> 24+ Months | O258: Other | P258: =IF(I258>=2, C258, IF(J258>=0.75, C258, 0)) -> 0 | Q258: =IF(I258>=2, C258, IF(AND(J258>=0.75, D258>=550), C258, 0)) -> 0 | R258: =IF(J258>=0.75, C258, 0) -> 0
A259: 157734 | B259: Hanford Police Dept. - CA | C259: 68 | D259: 73 | E259: 15 | F259: 21 | G259: 19 | H259: 4 | I259: 0.29 | J259: 0.26 | K259: 0.05 | L259: 6 | M259: =IF(E259<6,"0-6 Months", IF(E259<13, "6-12 Months", IF(E259<19, "12-24 Months", IF(E259<25, "12-24 Months", "24+ Months")))) -> 12-24 Months | N259: =IF(E259<6,"12-18 Months", IF(E259<13, "18-24 Months", "24+ Months")) -> 24+ Months | O259: Other | P259: =IF(I259>=2, C259, IF(J259>=0.75, C259, 0)) -> 0 | Q259: =IF(I259>=2, C259, IF(AND(J259>=0.75, D259>=550), C259, 0)) -> 0 | R259: =IF(J259>=0.75, C259, 0) -> 0
A260: 486478 | B260: PR Policia de Puerto Rico | C260: 155 | D260: 350 | E260: 15 | F260: 39 | G260: 39 | H260: 5 | I260: 0.11 | J260: 0.11 | K260: 0.01 | L260: 155 | M260: =IF(E260<6,"0-6 Months", IF(E260<13, "6-12 Months", IF(E260<19, "12-24 Months", IF(E260<25, "12-24 Months", "24+ Months")))) -> 12-24 Months | N260: =IF(E260<6,"12-18 Months", IF(E260<13, "18-24 Months", "24+ Months")) -> 24+ Months | O260: T1200 | P260: =IF(I260>=2, C260, IF(J260>=0.75, C260, 0)) -> 0 | Q260: =IF(I260>=2, C260, IF(AND(J260>=0.75, D260>=550), C260, 0)) -> 0 | R260: =IF(J260>=0.75, C260, 0) -> 0
A261: 109178 | B261: Yavapai County Sheriff's Office - AZ | C261: 165 | D261: 193 | E261: 15 | F261: 304 | G261: 94 | H261: 0 | I261: 1.58 | J261: 0.49 | K261: 0 | L261: 0 | M261: =IF(E261<6,"0-6 Months", IF(E261<13, "6-12 Months", IF(E261<19, "12-24 Months", IF(E261<25, "12-24 Months", "24+ Months")))) -> 12-24 Months | N261: =IF(E261<6,"12-18 Months", IF(E261<13, "18-24 Months", "24+ Months")) -> 24+ Months | O261: T1200 | P261: =IF(I261>=2, C261, IF(J261>=0.75, C261, 0)) -> 0 | Q261: =IF(I261>=2, C261, IF(AND(J261>=0.75, D261>=550), C261, 0)) -> 0 | R261: =IF(J261>=0.75, C261, 0) -> 0
A262: 479509 | B262: Mashpee Wampanoag Police Dept. - MA | C262: 8 | D262: 7 | E262: 14 | F262: 33 | G262: 27 | H262: 20 | I262: 4.71 | J262: 3.86 | K262: 2.86 | L262: 1 | M262: =IF(E262<6,"0-6 Months", IF(E262<13, "6-12 Months", IF(E262<19, "12-24 Months", IF(E262<25, "12-24 Months", "24+ Months")))) -> 12-24 Months | N262: =IF(E262<6,"12-18 Months", IF(E262<13, "18-24 Months", "24+ Months")) -> 24+ Months | O262: Other | P262: =IF(I262>=2, C262, IF(J262>=0.75, C262, 0)) -> 8 | Q262: =IF(I262>=2, C262, IF(AND(J262>=0.75, D262>=550), C262, 0)) -> 8 | R262: =IF(J262>=0.75, C262, 0) -> 8
A263: 470994 | B263: Bannockburn Police Dept. - IL | C263: 18 | D263: 16 | E263: 14 | F263: 15 | G263: 0 | H263: 0 | I263: 0.94 | J263: 0 | K263: 0 | L263: 0 | M263: =IF(E263<6,"0-6 Months", IF(E263<13, "6-12 Months", IF(E263<19, "12-24 Months", IF(E263<25, "12-24 Months", "24+ Months")))) -> 12-24 Months | N263: =IF(E263<6,"12-18 Months", IF(E263<13, "18-24 Months", "24+ Months")) -> 24+ Months | O263: Other | P263: =IF(I263>=2, C263, IF(J263>=0.75, C263, 0)) -> 0 | Q263: =IF(I263>=2, C263, IF(AND(J263>=0.75, D263>=550), C263, 0)) -> 0 | R263: =IF(J263>=0.75, C263, 0) -> 0
A264: 301506 | B264: Muskogee County Sheriff's Office - OK | C264: 20 | D264: 20 | E264: 14 | F264: 117 | G264: 0 | H264: 0 | I264: 5.85 | J264: 0 | K264: 0 | L264: 0 | M264: =IF(E264<6,"0-6 Months", IF(E264<13, "6-12 Months", IF(E264<19, "12-24 Months", IF(E264<25, "12-24 Months", "24+ Months")))) -> 12-24 Months | N264: =IF(E264<6,"12-18 Months", IF(E264<13, "18-24 Months", "24+ Months")) -> 24+ Months | O264: Other | P264: =IF(I264>=2, C264, IF(J264>=0.75, C264, 0)) -> 20 | Q264: =IF(I264>=2, C264, IF(AND(J264>=0.75, D264>=550), C264, 0)) -> 20 | R264: =IF(J264>=0.75, C264, 0) -> 0
A265: 121102 | B265: Surf City Police Department - NC | C265: 25 | D265: 20 | E265: 14 | F265: 284 | G265: 97 | H265: 40 | I265: 14.2 | J265: 4.85 | K265: 2 | L265: 25 | M265: =IF(E265<6,"0-6 Months", IF(E265<13, "6-12 Months", IF(E265<19, "12-24 Months", IF(E265<25, "12-24 Months", "24+ Months")))) -> 12-24 Months | N265: =IF(E265<6,"12-18 Months", IF(E265<13, "18-24 Months", "24+ Months")) -> 24+ Months | O265: Other | P265: =IF(I265>=2, C265, IF(J265>=0.75, C265, 0)) -> 25 | Q265: =IF(I265>=2, C265, IF(AND(J265>=0.75, D265>=550), C265, 0)) -> 25 | R265: =IF(J265>=0.75, C265, 0) -> 25
... A279: 556953 | B279: Okawville Police Dept. - IL | C279: 6 | D279: 5 | E279: 13 | F279: 0 | G279: 0 | H279: 0 | I279: 0 | J279: 0 | K279: 0 | L279: 0 | M279: =IF(E279<6,"0-6 Months", IF(E279<13, "6-12 Months", IF(E279<19, "12-24 Months", IF(E279<25, "12-24 Months", "24+ Months")))) -> 12-24 Months | N279: =IF(E279<6,"12-18 Months", IF(E279<13, "18-24 Months", "24+ Months")) -> 24+ Months | O279: Other | P279: =IF(I279>=2, C279, IF(J279>=0.75, C279, 0)) -> 0 | Q279: =IF(I279>=2, C279, IF(AND(J279>=0.75, D279>=550), C279, 0)) -> 0 | R279: =IF(J279>=0.75, C279, 0) -> 0
A280: UK0115453 | B280: College of Policing | C280: 10 | D280: 2 | E280: 13 | F280: 3 | G280: 1 | H280: 0 | I280: 1.5 | J280: 0.5 | K280: 0 | L280: 2 | M280: =IF(E280<6,"0-6 Months", IF(E280<13, "6-12 Months", IF(E280<19, "12-24 Months", IF(E280<25, "12-24 Months", "24+ Months")))) -> 12-24 Months | N280: =IF(E280<6,"12-18 Months", IF(E280<13, "18-24 Months", "24+ Months")) -> 24+ Months | O280: Other | P280: =IF(I280>=2, C280, IF(J280>=0.75, C280, 0)) -> 0 | Q280: =IF(I280>=2, C280, IF(AND(J280>=0.75, D280>=550), C280, 0)) -> 0 | R280: =IF(J280>=0.75, C280, 0) -> 0
A281: 465602 | B281: Duck Police Dept. - NC | C281: 13 | D281: 15 | E281: 13 | F281: 29 | G281: 21 | H281: 21 | I281: 1.93 | J281: 1.4 | K281: 1.4 | L281: 2 | M281: =IF(E281<6,"0-6 Months", IF(E281<13, "6-12 Months", IF(E281<19, "12-24 Months", IF(E281<25, "12-24 Months", "24+ Months")))) -> 12-24 Months | N281: =IF(E281<6,"12-18 Months", IF(E281<13, "18-24 Months", "24+ Months")) -> 24+ Months | O281: Other | P281: =IF(I281>=2, C281, IF(J281>=0.75, C281, 0)) -> 13 | Q281: =IF(I281>=2, C281, IF(AND(J281>=0.75, D281>=550), C281, 0)) -> 0 | R281: =IF(J281>=0.75, C281, 0) -> 13
A282: 109947 | B282: Bethalto Police Dept. - IL | C282: 15 | D282: 12 | E282: 13 | F282: 24 | G282: 7 | H282: 0 | I282: 2 | J282: 0.58 | K282: 0 | L282: 0 | M282: =IF(E282<6,"0-6 Months", IF(E282<13, "6-12 Months", IF(E282<19, "12-24 Months", IF(E282<25, "12-24 Months", "24+ Months")))) -> 12-24 Months | N282: =IF(E282<6,"12-18 Months", IF(E282<13, "18-24 Months", "24+ Months")) -> 24+ Months | O282: Other | P282: =IF(I282>=2, C282, IF(J282>=0.75, C282, 0)) -> 15 | Q282: =IF(I282>=2, C282, IF(AND(J282>=0.75, D282>=550), C282, 0)) -> 15 | R282: =IF(J282>=0.75, C282, 0) -> 0
A283: 108263 | B283: Tell City Police Dept - IN | C283: 16 | D283: 16 | E283: 13 | F283: 76 | G283: 48 | H283: 48 | I283: 4.75 | J283: 3 | K283: 3 | L283: 23 | M283: =IF(E283<6,"0-6 Months", IF(E283<13, "6-12 Months", IF(E283<19, "12-24 Months", IF(E283<25, "12-24 Months", "24+ Months")))) -> 12-24 Months | N283: =IF(E283<6,"12-18 Months", IF(E283<13, "18-24 Months", "24+ Months")) -> 24+ Months | O283: Other | P283: =IF(I283>=2, C283, IF(J283>=0.75, C283, 0)) -> 16 | Q283: =IF(I283>=2, C283, IF(AND(J283>=0.75, D283>=550), C283, 0)) -> 16 | R283: =IF(J283>=0.75, C283, 0) -> 16
A284: 442328 | B284: Braselton Police Dept. - GA | C284: 18 | D284: 25 | E284: 13 | F284: 9 | G284: 3 | H284: 1 | I284: 0.36 | J284: 0.12 | K284: 0.04 | L284: 8 | M284: =IF(E284<6,"0-6 Months", IF(E284<13, "6-12 Months", IF(E284<19, "12-24 Months", IF(E284<25, "12-24 Months", "24+ Months")))) -> 12-24 Months | N284: =IF(E284<6,"12-18 Months", IF(E284<13, "18-24 Months", "24+ Months")) -> 24+ Months | O284: Other | P284: =IF(I284>=2, C284, IF(J284>=0.75, C284, 0)) -> 0 | Q284: =IF(I284>=2, C284, IF(AND(J284>=0.75, D284>=550), C284, 0)) -> 0 | R284: =IF(J284>=0.75, C284, 0) -> 0
A285: 325338 | B285: Lee County Sheriff's Office - AL | C285: 20 | D285: 180 | E285: 13 | F285: 1043 | G285: 927 | H285: 824 | I285: 5.79 | J285: 5.15 | K285: 4.58 | L285: 12 | M285: =IF(E285<6,"0-6 Months", IF(E285<13, "6-12 Months", IF(E285<19, "12-24 Months", IF(E285<25, "12-24 Months", "24+ Months")))) -> 12-24 Months | N285: =IF(E285<6,"12-18 Months", IF(E285<13, "18-24 Months", "24+ Months")) -> 24+ Months | O285: T1200 | P285: =IF(I285>=2, C285, IF(J285>=0.75, C285, 0)) -> 20 | Q285: =IF(I285>=2, C285, IF(AND(J285>=0.75, D285>=550), C285, 0)) -> 20 | R285: =IF(J285>=0.75, C285, 0) -> 20
A286: 116203 | B286: Morton Police Dept. - IL | C286: 22 | D286: 27 | E286: 13 | F286: 75 | G286: 24 | H286: 7 | I286: 2.78 | J286: 0.89 | K286: 0.26 | L286: 67 | M286: =IF(E286<6,"0-6 Months", IF(E286<13, "6-12 Months", IF(E286<19, "12-24 Months", IF(E286<25, "12-24 Months", "24+ Months")))) -> 12-24 Months | N286: =IF(E286<6,"12-18 Months", IF(E286<13, "18-24 Months", "24+ Months")) -> 24+ Months | O286: Other | P286: =IF(I286>=2, C286, IF(J286>=0.75, C286, 0)) -> 22 | Q286: =IF(I286>=2, C286, IF(AND(J286>=0.75, D286>=550), C286, 0)) -> 22 | R286: =IF(J286>=0.75, C286, 0) -> 22
A287: 315428 | B287: Hardeeville Police Department - SC | C287: 28 | D287: 48 | E287: 13 | F287: 43 | G287: 6 | H287: 0 | I287: 0.9 | J287: 0.13 | K287: 0 | L287: 12 | M287: =IF(E287<6,"0-6 Months", IF(E287<13, "6-12 Months", IF(E287<19, "12-24 Months", IF(E287<25, "12-24 Months", "24+ Months")))) -> 12-24 Months | N287: =IF(E287<6,"12-18 Months", IF(E287<13, "18-24 Months", "24+ Months")) -> 24+ Months | O287: Other | P287: =IF(I287>=2, C287, IF(J287>=0.75, C287, 0)) -> 0 | Q287: =IF(I287>=2, C287, IF(AND(J287>=0.75, D287>=550), C287, 0)) -> 0 | R287: =IF(J287>=0.75, C287, 0) -> 0
A288: 156030 | B288: Stone Mountain Park Dept. of Public Safety - GA | C288: 38 | D288: 25 | E288: 13 | F288: 65 | G288: 10 | H288: 0 | I288: 2.6 | J288: 0.4 | K288: 0 | L288: 0 | M288: =IF(E288<6,"0-6 Months", IF(E288<13, "6-12 Months", IF(E288<19, "12-24 Months", IF(E288<25, "12-24 Months", "24+ Months")))) -> 12-24 Months | N288: =IF(E288<6,"12-18 Months", IF(E288<13, "18-24 Months", "24+ Months")) -> 24+ Months | O288: Other | P288: =IF(I288>=2, C288, IF(J288>=0.75, C288, 0)) -> 38 | Q288: =IF(I288>=2, C288, IF(AND(J288>=0.75, D288>=550), C288, 0)) -> 38 | R288: =IF(J288>=0.75, C288, 0) -> 0
A289: 148367 | B289: Middletown Police Dept. - RI | C289: 46 | D289: 47 | E289: 13 | F289: 6 | G289: 0 | H289: 0 | I289: 0.13 | J289: 0 | K289: 0 | L289: 0 | M289: =IF(E289<6,"0-6 Months", IF(E289<13, "6-12 Months", IF(E289<19, "12-24 Months", IF(E289<25, "12-24 Months", "24+ Months")))) -> 12-24 Months | N289: =IF(E289<6,"12-18 Months", IF(E289<13, "18-24 Months", "24+ Months")) -> 24+ Months | O289: Other | P289: =IF(I289>=2, C289, IF(J289>=0.75, C289, 0)) -> 0 | Q289: =IF(I289>=2, C289, IF(AND(J289>=0.75, D289>=550), C289, 0)) -> 0 | R289: =IF(J289>=0.75, C289, 0) -> 0
A290: 179811 | B290: Walker Police Dept. - MI | C290: 48 | D290: 43 | E290: 13 | F290: 373 | G290: 61 | H290: 22 | I290: 8.67 | J290: 1.42 | K290: 0.51 | L290: 20 | M290: =IF(E290<6,"0-6 Months", IF(E290<13, "6-12 Months", IF(E290<19, "12-24 Months", IF(E290<25, "12-24 Months", "24+ Months")))) -> 12-24 Months | N290: =IF(E290<6,"12-18 Months", IF(E290<13, "18-24 Months", "24+ Months")) -> 24+ Months | O290: Other | P290: =IF(I290>=2, C290, IF(J290>=0.75, C290, 0)) -> 48 | Q290: =IF(I290>=2, C290, IF(AND(J290>=0.75, D290>=550), C290, 0)) -> 48 | R290: =IF(J290>=0.75, C290, 0) -> 48
A291: 124527 | B291: Vail Police Dept. - CO | C291: 50 | D291: 37 | E291: 13 | F291: 9 | G291: 3 | H291: 0 | I291: 0.24 | J291: 0.08 | K291: 0 | L291: 21 | M291: =IF(E291<6,"0-6 Months", IF(E291<13, "6-12 Months", IF(E291<19, "12-24 Months", IF(E291<25, "12-24 Months", "24+ Months")))) -> 12-24 Months | N291: =IF(E291<6,"12-18 Months", IF(E291<13, "18-24 Months", "24+ Months")) -> 24+ Months | O291: Other | P291: =IF(I291>=2, C291, IF(J291>=0.75, C291, 0)) -> 0 | Q291: =IF(I291>=2, C291, IF(AND(J291>=0.75, D291>=550), C291, 0)) -> 0 | R291: =IF(J291>=0.75, C291, 0) -> 0
A292: 106752 | B292: Placentia Police Dept. - CA | C292: 55 | D292: 81 | E292: 13 | F292: 55 | G292: 55 | H292: 14 | I292: 0.68 | J292: 0.68 | K292: 0.17 | L292: 7 | M292: =IF(E292<6,"0-6 Months", IF(E292<13, "6-12 Months", IF(E292<19, "12-24 Months", IF(E292<25, "12-24 Months", "24+ Months")))) -> 12-24 Months | N292: =IF(E292<6,"12-18 Months", IF(E292<13, "18-24 Months", "24+ Months")) -> 24+ Months | O292: Other | P292: =IF(I292>=2, C292, IF(J292>=0.75, C292, 0)) -> 0 | Q292: =IF(I292>=2, C292, IF(AND(J292>=0.75, D292>=550), C292, 0)) -> 0 | R292: =IF(J292>=0.75, C292, 0) -> 0
... A299: 135368 | B299: Simi Valley Police Dept. - CA | C299: 139 | D299: 129 | E299: 13 | F299: 119 | G299: 25 | H299: 11 | I299: 0.92 | J299: 0.19 | K299: 0.09 | L299: 12 | M299: =IF(E299<6,"0-6 Months", IF(E299<13, "6-12 Months", IF(E299<19, "12-24 Months", IF(E299<25, "12-24 Months", "24+ Months")))) -> 12-24 Months | N299: =IF(E299<6,"12-18 Months", IF(E299<13, "18-24 Months", "24+ Months")) -> 24+ Months | O299: T1200 | P299: =IF(I299>=2, C299, IF(J299>=0.75, C299, 0)) -> 0 | Q299: =IF(I299>=2, C299, IF(AND(J299>=0.75, D299>=550), C299, 0)) -> 0 | R299: =IF(J299>=0.75, C299, 0) -> 0
A300: CA0115498 | B300: Fredericton Police Force | C300: 139 | D300: 30 | E300: 13 | F300: 78 | G300: 4 | H300: 4 | I300: 2.6 | J300: 0.13 | K300: 0.13 | L300: 3 | M300: =IF(E300<6,"0-6 Months", IF(E300<13, "6-12 Months", IF(E300<19, "12-24 Months", IF(E300<25, "12-24 Months", "24+ Months")))) -> 12-24 Months | N300: =IF(E300<6,"12-18 Months", IF(E300<13, "18-24 Months", "24+ Months")) -> 24+ Months | O300: Other | P300: =IF(I300>=2, C300, IF(J300>=0.75, C300, 0)) -> 139 | Q300: =IF(I300>=2, C300, IF(AND(J300>=0.75, D300>=550), C300, 0)) -> 139 | R300: =IF(J300>=0.75, C300, 0) -> 0
A301: 109785 | B301: Vallejo Police Dept. - CA | C301: 141 | D301: 115 | E301: 13 | F301: 219 | G301: 16 | H301: 0 | I301: 1.9 | J301: 0.14 | K301: 0 | L301: 0 | M301: =IF(E301<6,"0-6 Months", IF(E301<13, "6-12 Months", IF(E301<19, "12-24 Months", IF(E301<25, "12-24 Months", "24+ Months")))) -> 12-24 Months | N301: =IF(E301<6,"12-18 Months", IF(E301<13, "18-24 Months", "24+ Months")) -> 24+ Months | O301: T1200 | P301: =IF(I301>=2, C301, IF(J301>=0.75, C301, 0)) -> 0 | Q301: =IF(I301>=2, C301, IF(AND(J301>=0.75, D301>=550), C301, 0)) -> 0 | R301: =IF(J301>=0.75, C301, 0) -> 0
A302: 116180 | B302: Burlington Police Dept. - VT | C302: 213 | D302: 87 | E302: 13 | F302: 198 | G302: 0 | H302: 0 | I302: 2.28 | J302: 0 | K302: 0 | L302: 0 | M302: =IF(E302<6,"0-6 Months", IF(E302<13, "6-12 Months", IF(E302<19, "12-24 Months", IF(E302<25, "12-24 Months", "24+ Months")))) -> 12-24 Months | N302: =IF(E302<6,"12-18 Months", IF(E302<13, "18-24 Months", "24+ Months")) -> 24+ Months | O302: Other | P302: =IF(I302>=2, C302, IF(J302>=0.75, C302, 0)) -> 213 | Q302: =IF(I302>=2, C302, IF(AND(J302>=0.75, D302>=550), C302, 0)) -> 213 | R302: =IF(J302>=0.75, C302, 0) -> 0
A303: 107619 | B303: Coral Springs Police Dept. - FL | C303: 255 | D303: 255 | E303: 13 | F303: 753 | G303: 454 | H303: 193 | I303: 2.95 | J303: 1.78 | K303: 0.76 | L303: 22 | M303: =IF(E303<6,"0-6 Months", IF(E303<13, "6-12 Months", IF(E303<19, "12-24 Months", IF(E303<25, "12-24 Months", "24+ Months")))) -> 12-24 Months | N303: =IF(E303<6,"12-18 Months", IF(E303<13, "18-24 Months", "24+ Months")) -> 24+ Months | O303: T1200 | P303: =IF(I303>=2, C303, IF(J303>=0.75, C303, 0)) -> 255 | Q303: =IF(I303>=2, C303, IF(AND(J303>=0.75, D303>=550), C303, 0)) -> 255 | R303: =IF(J303>=0.75, C303, 0) -> 255
A304: 313790 | B304: Tuscaloosa Police Dept. - AL | C304: 295 | D304: 150 | E304: 13 | F304: 1107 | G304: 48 | H304: 30 | I304: 7.38 | J304: 0.32 | K304: 0.2 | L304: 0 | M304: =IF(E304<6,"0-6 Months", IF(E304<13, "6-12 Months", IF(E304<19, "12-24 Months", IF(E304<25, "12-24 Months", "24+ Months")))) -> 12-24 Months | N304: =IF(E304<6,"12-18 Months", IF(E304<13, "18-24 Months", "24+ Months")) -> 24+ Months | O304: T1200 | P304: =IF(I304>=2, C304, IF(J304>=0.75, C304, 0)) -> 295 | Q304: =IF(I304>=2, C304, IF(AND(J304>=0.75, D304>=550), C304, 0)) -> 295 | R304: =IF(J304>=0.75, C304, 0) -> 0
A305: 105506 | B305: Chandler Police Dept. - AZ | C305: 394 | D305: 364 | E305: 13 | F305: 201 | G305: 116 | H305: 52 | I305: 0.55 | J305: 0.32 | K305: 0.14 | L305: 38 | M305: =IF(E305<6,"0-6 Months", IF(E305<13, "6-12 Months", IF(E305<19, "12-24 Months", IF(E305<25, "12-24 Months", "24+ Months")))) -> 12-24 Months | N305: =IF(E305<6,"12-18 Months", IF(E305<13, "18-24 Months", "24+ Months")) -> 24+ Months | O305: T1200 | P305: =IF(I305>=2, C305, IF(J305>=0.75, C305, 0)) -> 0 | Q305: =IF(I305>=2, C305, IF(AND(J305>=0.75, D305>=550), C305, 0)) -> 0 | R305: =IF(J305>=0.75, C305, 0) -> 0
A306: 108379 | B306: San Joaquin County Sheriff's Office - CA | C306: 461 | D306: 368 | E306: 13 | F306: 58 | G306: 58 | H306: 39 | I306: 0.16 | J306: 0.16 | K306: 0.11 | L306: 133 | M306: =IF(E306<6,"0-6 Months", IF(E306<13, "6-12 Months", IF(E306<19, "12-24 Months", IF(E306<25, "12-24 Months", "24+ Months")))) -> 12-24 Months | N306: =IF(E306<6,"12-18 Months", IF(E306<13, "18-24 Months", "24+ Months")) -> 24+ Months | O306: T1200 | P306: =IF(I306>=2, C306, IF(J306>=0.75, C306, 0)) -> 0 | Q306: =IF(I306>=2, C306, IF(AND(J306>=0.75, D306>=550), C306, 0)) -> 0 | R306: =IF(J306>=0.75, C306, 0) -> 0
A307: 110142 | B307: Miami Beach Police Dept. - FL | C307: 482 | D307: 437 | E307: 13 | F307: 30 | G307: 18 | H307: 18 | I307: 0.07 | J307: 0.04 | K307: 0.04 | L307: 0 | M307: =IF(E307<6,"0-6 Months", IF(E307<13, "6-12 Months", IF(E307<19, "12-24 Months", IF(E307<25, "12-24 Months", "24+ Months")))) -> 12-24 Months | N307: =IF(E307<6,"12-18 Months", IF(E307<13, "18-24 Months", "24+ Months")) -> 24+ Months | O307: T1200 | P307: =IF(I307>=2, C307, IF(J307>=0.75, C307, 0)) -> 0 | Q307: =IF(I307>=2, C307, IF(AND(J307>=0.75, D307>=550), C307, 0)) -> 0 | R307: =IF(J307>=0.75, C307, 0) -> 0
A308: 126746 | B308: Mississippi Highway Patrol - MS | C308: 516 | D308: 516 | E308: 13 | F308: 557 | G308: 84 | H308: 78 | I308: 1.08 | J308: 0.16 | K308: 0.15 | L308: 3 | M308: =IF(E308<6,"0-6 Months", IF(E308<13, "6-12 Months", IF(E308<19, "12-24 Months", IF(E308<25, "12-24 Months", "24+ Months")))) -> 12-24 Months | N308: =IF(E308<6,"12-18 Months", IF(E308<13, "18-24 Months", "24+ Months")) -> 24+ Months | O308: T1200 | P308: =IF(I308>=2, C308, IF(J308>=0.75, C308, 0)) -> 0 | Q308: =IF(I308>=2, C308, IF(AND(J308>=0.75, D308>=550), C308, 0)) -> 0 | R308: =IF(J308>=0.75, C308, 0) -> 0
A309: 300074 | B309: State of Hawai'i, Dept. of Law Enforcement | C309: 1 | D309: 200 | E309: 12 | F309: 270 | G309: 247 | H309: 88 | I309: 1.35 | J309: 1.24 | K309: 0.44 | L309: 73 | M309: =IF(E309<6,"0-6 Months", IF(E309<13, "6-12 Months", IF(E309<19, "12-24 Months", IF(E309<25, "12-24 Months", "24+ Months")))) -> 6-12 Months | N309: =IF(E309<6,"12-18 Months", IF(E309<13, "18-24 Months", "24+ Months")) -> 18-24 Months | O309: T1200 | P309: =IF(I309>=2, C309, IF(J309>=0.75, C309, 0)) -> 1 | Q309: =IF(I309>=2, C309, IF(AND(J309>=0.75, D309>=550), C309, 0)) -> 0 | R309: =IF(J309>=0.75, C309, 0) -> 1
A310: 193887 | B310: Mount Vernon Municipal Court - OH | C310: 8 | D310: 8 | E310: 12 | F310: 6 | G310: 0 | H310: 0 | I310: 0.75 | J310: 0 | K310: 0 | L310: 0 | M310: =IF(E310<6,"0-6 Months", IF(E310<13, "6-12 Months", IF(E310<19, "12-24 Months", IF(E310<25, "12-24 Months", "24+ Months")))) -> 6-12 Months | N310: =IF(E310<6,"12-18 Months", IF(E310<13, "18-24 Months", "24+ Months")) -> 18-24 Months | O310: Other | P310: =IF(I310>=2, C310, IF(J310>=0.75, C310, 0)) -> 0 | Q310: =IF(I310>=2, C310, IF(AND(J310>=0.75, D310>=550), C310, 0)) -> 0 | R310: =IF(J310>=0.75, C310, 0) -> 0
A311: 164535 | B311: Oscoda Township Police Department - MI | C311: 10 | D311: 13 | E311: 12 | F311: 5 | G311: 0 | H311: 0 | I311: 0.38 | J311: 0 | K311: 0 | L311: 0 | M311: =IF(E311<6,"0-6 Months", IF(E311<13, "6-12 Months", IF(E311<19, "12-24 Months", IF(E311<25, "12-24 Months", "24+ Months")))) -> 6-12 Months | N311: =IF(E311<6,"12-18 Months", IF(E311<13, "18-24 Months", "24+ Months")) -> 18-24 Months | O311: Other | P311: =IF(I311>=2, C311, IF(J311>=0.75, C311, 0)) -> 0 | Q311: =IF(I311>=2, C311, IF(AND(J311>=0.75, D311>=550), C311, 0)) -> 0 | R311: =IF(J311>=0.75, C311, 0) -> 0
A312: 108283 | B312: Medina Police Dept. - MN | C312: 12 | D312: 12 | E312: 12 | F312: 62 | G312: 8 | H312: 2 | I312: 5.17 | J312: 0.67 | K312: 0.17 | L312: 4 | M312: =IF(E312<6,"0-6 Months", IF(E312<13, "6-12 Months", IF(E312<19, "12-24 Months", IF(E312<25, "12-24 Months", "24+ Months")))) -> 6-12 Months | N312: =IF(E312<6,"12-18 Months", IF(E312<13, "18-24 Months", "24+ Months")) -> 18-24 Months | O312: Other | P312: =IF(I312>=2, C312, IF(J312>=0.75, C312, 0)) -> 12 | Q312: =IF(I312>=2, C312, IF(AND(J312>=0.75, D312>=550), C312, 0)) -> 12 | R312: =IF(J312>=0.75, C312, 0) -> 0
... A548: 512879 | B548: Sacramento County Sheriff's Dept. - CA | C548: 1841 | D548: 150 | E548: 7 | F548: 18 | G548: 18 | H548: 3 | I548: 0.06 | J548: 0.06 | K548: 0.01 | L548: 22 | M548: =IF(E548<6,"0-6 Months", IF(E548<13, "6-12 Months", IF(E548<19, "12-24 Months", IF(E548<25, "12-24 Months", "24+ Months")))) -> 6-12 Months | N548: =IF(E548<6,"12-18 Months", IF(E548<13, "18-24 Months", "24+ Months")) -> 18-24 Months | O548: T1200 | P548: =IF(I548>=2, C548, IF(J548>=0.75, C548, 0)) -> 0 | Q548: =IF(I548>=2, C548, IF(AND(J548>=0.75, D548>=550), C548, 0)) -> 0 | R548: =IF(J548>=0.75, C548, 0) -> 0
...

Sheet v2 Data
A1: AgencySlug | B1: AgencyName | C1: AgencySize | D1: VR_Licenses | E1: Eligibility_Cohort | F1: T12_SIM_Completions | G1: T6_SIM_Completions | H1: T3_SIM_Completions | I1: T12_SIM_Per_Person | J1: T6_SIM_Per_Person | K1: T3_SIM_Per_Person | L1: T6_Non_SIM_Completions | M1: 2025 Cohort | N1: 2026 Cohort | O1: Line Size | P1: No Qualifier Adopting Points | Q1: Majors Qualifier Adopting Points | R1: T6 0.75x Only
A2: 100239 | B2: Culver City Police Department - CA | C2: 100 | D2: 100 | E2: 11 | F2: 133 | G2: 0 | H2: 0 | I2: 1.33 | J2: 0 | K2: 0 | L2: 0 | M2: 6-12 Months | N2: 18-24 Months | O2: T1200 | P2: =IF(I2>=2, C2, IF(J2>=0.75, C2, 0)) -> 0 | Q2: =IF(I2>=2, C2, IF(AND(J2>=0.75, D2>=550), C2, 0)) -> 0 | R2: =IF(J2>=0.75, C2, 0) -> 0 | S2: =IF(A2=A3,TRUE,FALSE) -> FALSE
A3: 105331 | B3: Glendale Police Dept. - AZ | C3: 480 | D3: 487 | E3: 40 | F3: 6 | G3: 0 | H3: 0 | I3: 0.01 | J3: 0 | K3: 0 | L3: 0 | M3: 24+ Months | N3: 24+ Months | O3: T1200 | P3: =IF(I3>=2, C3, IF(J3>=0.75, C3, 0)) -> 0 | Q3: =IF(I3>=2, C3, IF(AND(J3>=0.75, D3>=550), C3, 0)) -> 0 | R3: =IF(J3>=0.75, C3, 0) -> 0 | S3: =IF(A3=A4,TRUE,FALSE) -> FALSE
A4: 105389 | B4: Bensalem Township Police Dept. - PA | C4: 111 | D4: 92 | E4: 48 | F4: 14 | G4: 8 | H4: 6 | I4: 0.15 | J4: 0.09 | K4: 0.07 | L4: 5 | M4: 24+ Months | N4: 24+ Months | O4: Other | P4: =IF(I4>=2, C4, IF(J4>=0.75, C4, 0)) -> 0 | Q4: =IF(I4>=2, C4, IF(AND(J4>=0.75, D4>=550), C4, 0)) -> 0 | R4: =IF(J4>=0.75, C4, 0) -> 0 | S4: =IF(A4=A5,TRUE,FALSE) -> FALSE
A5: 105459 | B5: Gering Police Department - NE | C5: 23 | D5: 21 | E5: 0 | F5: 0 | G5: 0 | H5: 0 | I5: 0 | J5: 0 | K5: 0 | L5: 0 | M5: 0-6 Months | N5: 12-18 Months | O5: Other | P5: =IF(I5>=2, C5, IF(J5>=0.75, C5, 0)) -> 0 | Q5: =IF(I5>=2, C5, IF(AND(J5>=0.75, D5>=550), C5, 0)) -> 0 | R5: =IF(J5>=0.75, C5, 0) -> 0 | S5: =IF(A5=A6,TRUE,FALSE) -> FALSE
A6: 105469 | B6: San Bernardino County Sheriff's Dept. - CA | C6: 950 | D6: 1000 | E6: 10 | F6: 5114 | G6: 664 | H6: 211 | I6: 5.11 | J6: 0.66 | K6: 0.21 | L6: 20 | M6: 6-12 Months | N6: 18-24 Months | O6: Major | P6: =IF(I6>=2, C6, IF(J6>=0.75, C6, 0)) -> 950 | Q6: =IF(I6>=2, C6, IF(AND(J6>=0.75, D6>=550), C6, 0)) -> 950 | R6: =IF(J6>=0.75, C6, 0) -> 0 | S6: =IF(A6=A7,TRUE,FALSE) -> FALSE
A7: 105506 | B7: Chandler Police Dept. - AZ | C7: 394 | D7: 364 | E7: 13 | F7: 201 | G7: 116 | H7: 52 | I7: 0.55 | J7: 0.32 | K7: 0.14 | L7: 38 | M7: 12-24 Months | N7: 24+ Months | O7: T1200 | P7: =IF(I7>=2, C7, IF(J7>=0.75, C7, 0)) -> 0 | Q7: =IF(I7>=2, C7, IF(AND(J7>=0.75, D7>=550), C7, 0)) -> 0 | R7: =IF(J7>=0.75, C7, 0) -> 0 | S7: =IF(A7=A8,TRUE,FALSE) -> FALSE
A8: 105516 | B8: Mesa Police Department | C8: 1079 | D8: 720 | E8: 16 | F8: 762 | G8: 623 | H8: 538 | I8: 1.06 | J8: 0.87 | K8: 0.75 | L8: 8 | M8: 12-24 Months | N8: 24+ Months | O8: Major | P8: =IF(I8>=2, C8, IF(J8>=0.75, C8, 0)) -> 1079 | Q8: =IF(I8>=2, C8, IF(AND(J8>=0.75, D8>=550), C8, 0)) -> 1079 | R8: =IF(J8>=0.75, C8, 0) -> 1079 | S8: =IF(A8=A9,TRUE,FALSE) -> FALSE
A9: 105678 | B9: East Point Police Dept. - GA | C9: 90 | D9: 115 | E9: 42 | F9: 265 | G9: 63 | H9: 58 | I9: 2.3 | J9: 0.55 | K9: 0.5 | L9: 256 | M9: 24+ Months | N9: 24+ Months | O9: T1200 | P9: =IF(I9>=2, C9, IF(J9>=0.75, C9, 0)) -> 90 | Q9: =IF(I9>=2, C9, IF(AND(J9>=0.75, D9>=550), C9, 0)) -> 90 | R9: =IF(J9>=0.75, C9, 0) -> 0 | S9: =IF(A9=A10,TRUE,FALSE) -> FALSE
A10: 105690 | B10: Laurens County Sheriff's Office - SC | C10: 140 | D10: 100 | E10: 0 | F10: 3 | G10: 3 | H10: 3 | I10: 0.03 | J10: 0.03 | K10: 0.03 | L10: 0 | M10: 0-6 Months | N10: 12-18 Months | O10: T1200 | P10: =IF(I10>=2, C10, IF(J10>=0.75, C10, 0)) -> 0 | Q10: =IF(I10>=2, C10, IF(AND(J10>=0.75, D10>=550), C10, 0)) -> 0 | R10: =IF(J10>=0.75, C10, 0) -> 0 | S10: =IF(A10=A11,TRUE,FALSE) -> FALSE
A11: 105702 | B11: Tampa Police Department - FL | C11: 928 | D11: 1000 | E11: 11 | F11: 1795 | G11: 1068 | H11: 99 | I11: 1.8 | J11: 1.07 | K11: 0.1 | L11: 63 | M11: 6-12 Months | N11: 18-24 Months | O11: Major | P11: =IF(I11>=2, C11, IF(J11>=0.75, C11, 0)) -> 928 | Q11: =IF(I11>=2, C11, IF(AND(J11>=0.75, D11>=550), C11, 0)) -> 928 | R11: =IF(J11>=0.75, C11, 0) -> 928 | S11: =IF(A11=A12,TRUE,FALSE) -> FALSE
A12: 105703 | B12: Yuma County Sheriff's Office - AZ | C12: 71 | D12: 100 | E12: 2 | F12: 0 | G12: 0 | H12: 0 | I12: 0 | J12: 0 | K12: 0 | L12: 0 | M12: 0-6 Months | N12: 12-18 Months | O12: T1200 | P12: =IF(I12>=2, C12, IF(J12>=0.75, C12, 0)) -> 0 | Q12: =IF(I12>=2, C12, IF(AND(J12>=0.75, D12>=550), C12, 0)) -> 0 | R12: =IF(J12>=0.75, C12, 0) -> 0 | S12: =IF(A12=A13,TRUE,FALSE) -> FALSE
A13: 105706 | B13: Aurora Police Dept. - CO | C13: 760 | D13: 778 | E13: 34 | F13: 66 | G13: 26 | H13: 20 | I13: 0.08 | J13: 0.03 | K13: 0.03 | L13: 807 | M13: 24+ Months | N13: 24+ Months | O13: Major | P13: =IF(I13>=2, C13, IF(J13>=0.75, C13, 0)) -> 0 | Q13: =IF(I13>=2, C13, IF(AND(J13>=0.75, D13>=550), C13, 0)) -> 0 | R13: =IF(J13>=0.75, C13, 0) -> 0 | S13: =IF(A13=A14,TRUE,FALSE) -> FALSE
... A1266: 611350 | B1266: Starr County Constable Pct 4. | C1266: 0 | D1266: 1 | E1266: 0 | F1266: 0 | G1266: 0 | H1266: 0 | I1266: 0 | J1266: 0 | K1266: 0 | L1266: 0 | M1266: 0-6 Months | N1266: 12-18 Months | O1266: Other | P1266: =IF(I1266>=2, C1266, IF(J1266>=0.75, C1266, 0)) -> 0 | Q1266: =IF(I1266>=2, C1266, IF(AND(J1266>=0.75, D1266>=550), C1266, 0)) -> 0 | R1266: =IF(J1266>=0.75, C1266, 0) -> 0 | S1266: =IF(A1266=A1267,TRUE,FALSE) -> FALSE
A1267: AU0115817 | B1267: Office of Sheriff of New South Wales | C1267: 5 | D1267: 5 | E1267: 5 | F1267: 3 | G1267: 3 | H1267: 0 | I1267: 0.6 | J1267: 0.6 | K1267: 0 | L1267: 85 | M1267: 0-6 Months | N1267: 12-18 Months | O1267: Other | P1267: =IF(I1267>=2, C1267, IF(J1267>=0.75, C1267, 0)) -> 0 | Q1267: =IF(I1267>=2, C1267, IF(AND(J1267>=0.75, D1267>=550), C1267, 0)) -> 0 | R1267: =IF(J1267>=0.75, C1267, 0) -> 0 | S1267: =IF(A1267=A1268,TRUE,FALSE) -> FALSE
A1268: CA0115409 | B1268: Peel Regional Police Service - CAN | C1268: 2119 | D1268: 750 | E1268: 7 | F1268: 366 | G1268: 366 | H1268: 208 | I1268: 0.49 | J1268: 0.49 | K1268: 0.28 | L1268: 1969 | M1268: 6-12 Months | N1268: 18-24 Months | O1268: Major | P1268: =IF(I1268>=2, C1268, IF(J1268>=0.75, C1268, 0)) -> 0 | Q1268: =IF(I1268>=2, C1268, IF(AND(J1268>=0.75, D1268>=550), C1268, 0)) -> 0 | R1268: =IF(J1268>=0.75, C1268, 0) -> 0 | S1268: =IF(A1268=A1269,TRUE,FALSE) -> FALSE
A1269: CA0115465 | B1269: Barrie Police Service | C1269: 322 | D1269: 155 | E1269: 17 | F1269: 742 | G1269: 52 | H1269: 30 | I1269: 4.79 | J1269: 0.34 | K1269: 0.19 | L1269: 125 | M1269: 12-24 Months | N1269: 24+ Months | O1269: T1200 | P1269: =IF(I1269>=2, C1269, IF(J1269>=0.75, C1269, 0)) -> 322 | Q1269: =IF(I1269>=2, C1269, IF(AND(J1269>=0.75, D1269>=550), C1269, 0)) -> 322 | R1269: =IF(J1269>=0.75, C1269, 0) -> 0 | S1269: =IF(A1269=A1270,TRUE,FALSE) -> FALSE
A1270: CA0115498 | B1270: Fredericton Police Force | C1270: 139 | D1270: 30 | E1270: 13 | F1270: 78 | G1270: 4 | H1270: 4 | I1270: 2.6 | J1270: 0.13 | K1270: 0.13 | L1270: 3 | M1270: 12-24 Months | N1270: 24+ Months | O1270: Other | P1270: =IF(I1270>=2, C1270, IF(J1270>=0.75, C1270, 0)) -> 139 | Q1270: =IF(I1270>=2, C1270, IF(AND(J1270>=0.75, D1270>=550), C1270, 0)) -> 139 | R1270: =IF(J1270>=0.75, C1270, 0) -> 0 | S1270: =IF(A1270=A1271,TRUE,FALSE) -> FALSE
A1271: CA0115537 | B1271: The City of Medicine Hat | C1271: 125 | D1271: 50 | E1271: 2 | F1271: 9 | G1271: 9 | H1271: 9 | I1271: 0.18 | J1271: 0.18 | K1271: 0.18 | L1271: 24 | M1271: 0-6 Months | N1271: 12-18 Months | O1271: Other | P1271: =IF(I1271>=2, C1271, IF(J1271>=0.75, C1271, 0)) -> 0 | Q1271: =IF(I1271>=2, C1271, IF(AND(J1271>=0.75, D1271>=550), C1271, 0)) -> 0 | R1271: =IF(J1271>=0.75, C1271, 0) -> 0 | S1271: =IF(A1271=A1272,TRUE,FALSE) -> FALSE
A1272: CA0115604 | B1272: Manitoba First Nations Police Service | C1272: 1 | D1272: 57 | E1272: 31 | F1272: 155 | G1272: 67 | H1272: 0 | I1272: 2.72 | J1272: 1.18 | K1272: 0 | L1272: 24 | M1272: 24+ Months | N1272: 24+ Months | O1272: Other | P1272: =IF(I1272>=2, C1272, IF(J1272>=0.75, C1272, 0)) -> 1 | Q1272: =IF(I1272>=2, C1272, IF(AND(J1272>=0.75, D1272>=550), C1272, 0)) -> 1 | R1272: =IF(J1272>=0.75, C1272, 0) -> 1 | S1272: =IF(A1272=A1273,TRUE,FALSE) -> FALSE
A1273: CA0115648 | B1273: Delta Police Department - CAN | C1273: 98 | D1273: 41 | E1273: 5 | F1273: 19 | G1273: 19 | H1273: 19 | I1273: 0.46 | J1273: 0.46 | K1273: 0.46 | L1273: 92 | M1273: 0-6 Months | N1273: 12-18 Months | O1273: Other | P1273: =IF(I1273>=2, C1273, IF(J1273>=0.75, C1273, 0)) -> 0 | Q1273: =IF(I1273>=2, C1273, IF(AND(J1273>=0.75, D1273>=550), C1273, 0)) -> 0 | R1273: =IF(J1273>=0.75, C1273, 0) -> 0 | S1273: =IF(A1273=A1274,TRUE,FALSE) -> FALSE
A1274: CA0115696 | B1274: Woodstock Police Service (ON) | C1274: 88 | D1274: 75 | E1274: 0 | F1274: 0 | G1274: 0 | H1274: 0 | I1274: 0 | J1274: 0 | K1274: 0 | L1274: 0 | M1274: 0-6 Months | N1274: 12-18 Months | O1274: Other | P1274: =IF(I1274>=2, C1274, IF(J1274>=0.75, C1274, 0)) -> 0 | Q1274: =IF(I1274>=2, C1274, IF(AND(J1274>=0.75, D1274>=550), C1274, 0)) -> 0 | R1274: =IF(J1274>=0.75, C1274, 0) -> 0 | S1274: =IF(A1274=A1275,TRUE,FALSE) -> FALSE
A1275: CA0115746 | B1275: CPKC Railway Police Service | C1275: 0 | D1275: 42 | E1275: 21 | F1275: 181 | G1275: 135 | H1275: 82 | I1275: 4.31 | J1275: 3.21 | K1275: 1.95 | L1275: 0 | M1275: 12-24 Months | N1275: 24+ Months | O1275: Other | P1275: =IF(I1275>=2, C1275, IF(J1275>=0.75, C1275, 0)) -> 0 | Q1275: =IF(I1275>=2, C1275, IF(AND(J1275>=0.75, D1275>=550), C1275, 0)) -> 0 | R1275: =IF(J1275>=0.75, C1275, 0) -> 0 | S1275: =IF(A1275=A1276,TRUE,FALSE) -> FALSE
A1276: CA0115761 | B1276: The City of Edmonton | C1276: 1800 | D1276: 280 | E1276: 16 | F1276: 125 | G1276: 68 | H1276: 53 | I1276: 0.45 | J1276: 0.24 | K1276: 0.19 | L1276: 9 | M1276: 12-24 Months | N1276: 24+ Months | O1276: T1200 | P1276: =IF(I1276>=2, C1276, IF(J1276>=0.75, C1276, 0)) -> 0 | Q1276: =IF(I1276>=2, C1276, IF(AND(J1276>=0.75, D1276>=550), C1276, 0)) -> 0 | R1276: =IF(J1276>=0.75, C1276, 0) -> 0 | S1276: =IF(A1276=A1277,TRUE,FALSE) -> FALSE
A1277: CA0115786 | B1277: Surrey Police Service | C1277: 500 | D1277: 200 | E1277: 4 | F1277: 139 | G1277: 139 | H1277: 139 | I1277: 0.7 | J1277: 0.7 | K1277: 0.7 | L1277: 18 | M1277: 0-6 Months | N1277: 12-18 Months | O1277: T1200 | P1277: =IF(I1277>=2, C1277, IF(J1277>=0.75, C1277, 0)) -> 0 | Q1277: =IF(I1277>=2, C1277, IF(AND(J1277>=0.75, D1277>=550), C1277, 0)) -> 0 | R1277: =IF(J1277>=0.75, C1277, 0) -> 0 | S1277: =IF(A1277=A1278,TRUE,FALSE) -> FALSE
A1278: CA0116095 | B1278: Manitoba Motor Carrier Enforcement | C1278: 0 | D1278: 5 | E1278: 0 | F1278: 0 | G1278: 0 | H1278: 0 | I1278: 0 | J1278: 0 | K1278: 0 | L1278: 0 | M1278: 0-6 Months | N1278: 12-18 Months | O1278: Other | P1278: =IF(I1278>=2, C1278, IF(J1278>=0.75, C1278, 0)) -> 0 | Q1278: =IF(I1278>=2, C1278, IF(AND(J1278>=0.75, D1278>=550), C1278, 0)) -> 0 | R1278: =IF(J1278>=0.75, C1278, 0) -> 0 | S1278: =IF(A1278=A1279,TRUE,FALSE) -> FALSE
... A1284: UK0115453 | B1284: College of Policing | C1284: 10 | D1284: 2 | E1284: 13 | F1284: 3 | G1284: 1 | H1284: 0 | I1284: 1.5 | J1284: 0.5 | K1284: 0 | L1284: 2 | M1284: 12-24 Months | N1284: 24+ Months | O1284: Other | P1284: =IF(I1284>=2, C1284, IF(J1284>=0.75, C1284, 0)) -> 0 | Q1284: =IF(I1284>=2, C1284, IF(AND(J1284>=0.75, D1284>=550), C1284, 0)) -> 0 | R1284: =IF(J1284>=0.75, C1284, 0) -> 0 | S1284: =IF(A1284=A1285,TRUE,FALSE) -> FALSE

Sheet v1 Goal Model
C3: 2025 Baseline
C4: 2025 Cohort | D4: Line Size | E4: Sum of Adopting Points | F4: Eligible Points | G4: % Mix | H4: APAP %
C5: 6-12 Months | D5: Major | E5: 16277 | F5: 37211 | G5: =F5/$F$17 -> 0.26317241 | H5: =E5/F5 -> 0.43742442
D6: T1200 | E6: 5858 | F6: 20115 | G6: =F6/$F$17 -> 0.14226205 | H6: =E6/F6 -> 0.29122545
D7: Other | E7: 4286 | F7: 7549 | G7: =F7/$F$17 -> 0.053389819 | H7: =E7/F7 -> 0.56775732
C8: 6-12 Months Total | E8: 26421 | F8: 64875 | G8: =F8/$F$17 -> 0.45882428 | H8: =E8/F8 -> 0.40726012
C9: 12-24 Months | D9: Major | E9: 4884 | F9: 18163 | G9: =F9/$F$17 -> 0.12845665 | H9: =E9/F9 -> 0.26889831
D10: T1200 | E10: 3912 | F10: 14030 | G10: =F10/$F$17 -> 0.099226276 | H10: =E10/F10 -> 0.27883108
D11: Other | E11: 988 | F11: 2739 | G11: =F11/$F$17 -> 0.019371402 | H11: =E11/F11 -> 0.36071559
C12: 12-24 Months Total | E12: 9784 | F12: 34932 | G12: =F12/$F$17 -> 0.24705433 | H12: =E12/F12 -> 0.28008703
C13: 24+ Months | D13: Major | E13: 5758 | F13: 24130 | G13: =F13/$F$17 -> 0.17065788 | H13: =E13/F13 -> 0.23862412
D14: T1200 | E14: 2721 | F14: 15058 | G14: =F14/$F$17 -> 0.10649674 | H14: =E14/F14 -> 0.18070129
D15: Other | E15: 715 | F15: 2399 | G15: =F15/$F$17 -> 0.016966774 | H15: =E15/F15 -> 0.29804085
C16: 24+ Months Total | E16: 9194 | F16: 41587 | G16: =F16/$F$17 -> 0.29412139 | H16: =E16/F16 -> 0.2210787
C17: Grand Total | E17: 45399 | F17: 141394 | G17: =F17/$F$17 -> 1 | H17: =E17/F17 -> 0.32108152
C21: 2026 High Confidence | M21: 2026 High Confidence
C22: Row Labels | E22: Adopting Points | F22: Eligible Points | G22: % Mix | H22: APAP %
C23: 6 to 12 Months | E23: =SUM(E24:E26) -> 10021.549 | F23: 40000 | G23: =F23/$F$35 -> 0.22051446 | H23: =E23/F23 -> 0.25053873 | M23: Retention Rate | O23: What % of adopting customers will still be adopting in 2026
C24: Major | E24: =F24*N32 -> 5017.9576 | F24: =$F$23*(F5/$F$8) -> 22943.198 | G24: =F24/$F$35 -> 0.12648268 | H24: =E24/F24 -> 0.21871221 | M24: Major | N24: 0.8 | O24: Conservative estimate for high confidence
C25: T1200 | E25: =F25*N33 -> 2889.4952 | F25: =$F$23*(F6/$F$8) -> 12402.312 | G25: =F25/$F$35 -> 0.068372229 | H25: =E25/F25 -> 0.23298036 | M25: T1200 | N25: 0.8
C26: Other | E26: =F26*N34 -> 2114.0963 | F26: =$F$23*(F7/$F$8) -> 4654.4894 | G26: =F26/$F$35 -> 0.025659555 | H26: =E26/F26 -> 0.45420586 | M26: Other | N26: 0.8
C27: 12 to 24 Months | E27: =SUM(E28:E30) -> 28223.15 | F27: =F8 -> 64875 | G27: =F27/$F$35 -> 0.35764689 | H27: =E27/F27 -> 0.43503892 | M27: Conversion Rate | O27: What % of unadopting customers will now adopt in 2026. Based on % of non-adopting customers that showed decent SIM activity on 2025 per cohort.
C28: Major | E28: =(E5*N24)+((F5-E5)*N28) -> 15324.34 | F28: =F5 -> 37211 | G28: =F28/$F$35 -> 0.20513909 | H28: =E28/F28 -> 0.41182285 | M28: Major | N28: 0.11 | O28: Based on % of non-adopting customers that showed decent SIM activity in 2025 across each line size.
C29: T1200 | E29: =(E6*N25)+((F6-E6)*N29) -> 8393.22 | F29: =F6 -> 20115 | G29: =F29/$F$35 -> 0.11089121 | H29: =E29/F29 -> 0.41726174 | M29: T1200 | N29: 0.26
C30: Other | E30: =(E7*N26)+((F7-E7)*N30) -> 4505.59 | F30: =F7 -> 7549 | G30: =F30/$F$35 -> 0.041616592 | H30: =E30/F30 -> 0.59684594 | M30: Other | N30: 0.33
C31: 24+ Months Total | E31: =SUM(E32:E34) -> 25635.86 | F31: =F12+F16 -> 76519 | G31: =F31/$F$35 -> 0.42183865 | H31: =E31/F31 -> 0.33502607 | M31: New Customer Adoption Rate | O31: What % of newly eligible customers will adopt in 2026 in less than 1 year's time.
C32: Major | E32: =((E9+E13)*N24)+(((F9-E9)+(F13-E13))*N28) -> 11995.21 | F32: =F9+F13 -> 42293 | G32: =F32/$F$35 -> 0.23315545 | H32: =E32/F32 -> 0.28362164 | M32: Major | N32: =H5*0.5 -> 0.21871221 | O32: =(N32-$H$5)*100 -> -21.871221 | P32: ppts change YoY | R32: 50% Decrease from Nov'25 rates to account for low adoption likelihood for Q2 majors
C33: T1200 | E33: =((E10+E14)*N25)+(((F10-E10)+(F14-E14))*N29) -> 11144.7 | F33: =F10+F14 -> 29088 | G33: =F33/$F$35 -> 0.16035812 | H33: =E33/F33 -> 0.38313738 | M33: T1200 | N33: =H6*0.8 -> 0.23298036 | O33: =(N33-$H$6)*100 -> -5.8245091 | P33: ppts change YoY | R33: 20% Decrease from Nov'25 adoption rates to be conservative
C34: Other | E34: =((E11+E15)*N26)+(((F11-E11)+(F15-E15))*N30) -> 2495.95 | F34: =F11+F15 -> 5138 | G34: =F34/$F$35 -> 0.028325082 | H34: =E34/F34 -> 0.48578241 | M34: Other | N34: =H7*0.8 -> 0.45420586 | O34: =(N34-$H$7)*100 -> -11.355146 | P34: ppts change YoY | R34: 20% Decrease from Nov'25 adoption rates to be conservative
C35: Grand Total | E35: =SUM(E31+E27+E23) -> 63880.559 | F35: =F23+F27+F31 -> 181394 | G35: =F35/F35 -> 1 | H35: =E35/F35 -> 0.35216468
C39: 2026 Hard Climb | M39: 2026 High Confidence
C40: Row Labels | E40: Adopting Points | F40: Eligible Points | G40: % Mix | H40: APAP %
C41: 6 to 12 Months | E41: =SUM(E42:E44) -> 16290.405 | F41: =F23 -> 40000 | G41: =F41/$F$35 -> 0.22051446 | H41: =E41/F41 -> 0.40726012 | M41: Retention Rate | O41: What % of adopting customers will still be adopting in 2026
C42: Major | E42: =F42*N50 -> 10035.915 | F42: =$F$41*(F5/$F$8) -> 22943.198 | G42: =F42/$F$35 -> 0.12648268 | H42: =E42/F42 -> 0.43742442 | M42: Major | N42: 0.9 | O42: Assumes CSMs will be able to push customers to continue adopting. Still accounts for some drop offs (eg., recerts).
C43: T1200 | E43: =F43*N51 -> 3611.869 | F43: =$F$41*(F6/$F$8) -> 12402.312 | G43: =F43/$F$35 -> 0.068372229 | H43: =E43/F43 -> 0.29122545 | M43: T1200 | N43: 0.9
C44: Other | E44: =F44*N52 -> 2642.6204 | F44: =$F$41*(F7/$F$8) -> 4654.4894 | G44: =F44/$F$35 -> 0.025659555 | H44: =E44/F44 -> 0.56775732 | M44: Other | N44: 0.9
C45: 12 to 24 Months | E45: =SUM(E46:E48) -> 30865.25 | F45: =F8 -> 64875 | G45: =F45/$F$35 -> 0.35764689 | H45: =E45/F45 -> 0.47576493 | M45: Conversion Rate | O45: What % of unadopting customers will now adopt in 2026. Based on % of non-adopting customers that showed decent SIM activity on 2025 per cohort.
C46: Major | E46: =(E5*N42)+((F5-E5)*N46) -> 16952.04 | F46: =F5 -> 37211 | G46: =F46/$F$35 -> 0.20513909 | H46: =E46/F46 -> 0.45556529 | M46: Major | N46: 0.11 | O46: Assumes flat rate from High Confidence given engaging with lagging customers is both difficult and low priority for CSMs.
C47: T1200 | E47: =(E6*N43)+((F6-E6)*N47) -> 8979.02 | F47: =F6 -> 20115 | G47: =F47/$F$35 -> 0.11089121 | H47: =E47/F47 -> 0.44638429 | M47: T1200 | N47: 0.26
C48: Other | E48: =(E7*N44)+((F7-E7)*N48) -> 4934.19 | F48: =F7 -> 7549 | G48: =F48/$F$35 -> 0.041616592 | H48: =E48/F48 -> 0.65362167 | M48: Other | N48: 0.33
C49: 24+ Months Total | E49: =SUM(E50:E52) -> 27533.66 | F49: =F12+F16 -> 76519 | G49: =F49/$F$35 -> 0.42183865 | H49: =E49/F49 -> 0.35982776 | M49: New Customer Adoption Rate | O49: What % of newly eligible customers will adopt in 2026 in less than 1 year's time.
C50: Major | E50: =((E9+E13)*N42)+(((F9-E9)+(F13-E13))*N46) -> 13059.41 | F50: =F9+F13 -> 42293 | G50: =F50/$F$35 -> 0.23315545 | H50: =E50/F50 -> 0.3087842 | M50: Major | N50: =H5 -> 0.43742442 | O50: =(N50-$H$5)*100 -> 0 | P50: ppts change YoY | R50: Assume same rates as Nov '25 cohorts
C51: T1200 | E51: =((E10+E14)*N43)+(((F10-E10)+(F14-E14))*N47) -> 11808 | F51: =F10+F14 -> 29088 | G51: =F51/$F$35 -> 0.16035812 | H51: =E51/F51 -> 0.40594059 | M51: T1200 | N51: =H6 -> 0.29122545 | O51: =(N51-$H$6)*100 -> 0 | P51: ppts change YoY
C52: Other | E52: =((E11+E15)*N44)+(((F11-E11)+(F15-E15))*N48) -> 2666.25 | F52: =F11+F15 -> 5138 | G52: =F52/$F$35 -> 0.028325082 | H52: =E52/F52 -> 0.5189276 | M52: Other | N52: =H7 -> 0.56775732 | O52: =(N52-$H$7)*100 -> 0 | P52: ppts change YoY
C53: Grand Total | E53: =SUM(E49+E45+E41) -> 74689.315 | F53: =F41+F45+F49 -> 181394 | G53: =F53/F53 -> 1 | H53: =E53/F53 -> 0.41175185

Sheet v1 Dataset
A1: AgencySlug | B1: AgencyName | C1: AgencySize | D1: VR_Licenses | E1: Eligibility_Cohort | F1: T12_SIM_Completions | G1: T6_SIM_Completions | H1: T3_SIM_Completions | I1: T12_SIM_Per_Person | J1: T6_SIM_Per_Person | K1: T3_SIM_Per_Person | L1: T6_Non_SIM_Completions | M1: 2025 Cohort | N1: 2026 Cohort | O1: Line Size | P1: Adopting Points
A2: 114601 | B2: Baltimore County Police Dept. - MD | C2: 2194 | D2: 1703 | E2: 10 | F2: 5270 | G2: 4598 | H2: 1829 | I2: 3.094539 | J2: 2.6999413 | K2: 1.0739871 | L2: 7055 | M2: {=_xlfn.IFS(E2<6, "0-6 Months", E2<=12, "6-12 Months", E2<=24, "12-24 Months", E2>24, "24+ Months")} -> 6-12 Months | N2: {=_xlfn.IFS(E2<6, "12-18 Months", E2<=12, "18-24 Months", E2<=24, "24+ Months", E2>24, "24+ Months")} -> 18-24 Months | O2: {=_xlfn.IFS(D2>=550, "Major", D2 >= 100, "T1200", D2 <100, "Other")} -> Major | P2: =SUMPRODUCT((I2>=2) * C2 + ((D2>=550) * (J2>=0.75) * (I2<2) * C2)) -> 2194
A3: 105469 | B3: San Bernardino County Sheriff's Dept. - CA | C3: 950 | D3: 1000 | E3: 10 | F3: 5114 | G3: 664 | H3: 211 | I3: 5.114 | J3: 0.664 | K3: 0.211 | L3: 20 | M3: {=_xlfn.IFS(E3<6, "0-6 Months", E3<=12, "6-12 Months", E3<=24, "12-24 Months", E3>24, "24+ Months")} -> 6-12 Months | N3: {=_xlfn.IFS(E3<6, "12-18 Months", E3<=12, "18-24 Months", E3<=24, "24+ Months", E3>24, "24+ Months")} -> 18-24 Months | O3: {=_xlfn.IFS(D3>=550, "Major", D3 >= 100, "T1200", D3 <100, "Other")} -> Major | P3: =SUMPRODUCT((I3>=2) * C3 + ((D3>=550) * (J3>=0.75) * (I3<2) * C3)) -> 950
A4: 105785 | B4: Fort Worth Police Department - TX | C4: 1993 | D4: 3486 | E4: 45 | F4: 4534 | G4: 4054 | H4: 2890 | I4: 1.3006311 | J4: 1.1629375 | K4: 0.82903041 | L4: 114 | M4: {=_xlfn.IFS(E4<6, "0-6 Months", E4<=12, "6-12 Months", E4<=24, "12-24 Months", E4>24, "24+ Months")} -> 24+ Months | N4: {=_xlfn.IFS(E4<6, "12-18 Months", E4<=12, "18-24 Months", E4<=24, "24+ Months", E4>24, "24+ Months")} -> 24+ Months | O4: {=_xlfn.IFS(D4>=550, "Major", D4 >= 100, "T1200", D4 <100, "Other")} -> Major | P4: =SUMPRODUCT((I4>=2) * C4 + ((D4>=550) * (J4>=0.75) * (I4<2) * C4)) -> 1993
A5: 114073 | B5: Texas Department of Public Safety - TX | C5: 1328 | D5: 2750 | E5: 12 | F5: 4255 | G5: 3335 | H5: 2387 | I5: 1.5472727 | J5: 1.2127273 | K5: 0.868 | L5: 174 | M5: {=_xlfn.IFS(E5<6, "0-6 Months", E5<=12, "6-12 Months", E5<=24, "12-24 Months", E5>24, "24+ Months")} -> 6-12 Months | N5: {=_xlfn.IFS(E5<6, "12-18 Months", E5<=12, "18-24 Months", E5<=24, "24+ Months", E5>24, "24+ Months")} -> 18-24 Months | O5: {=_xlfn.IFS(D5>=550, "Major", D5 >= 100, "T1200", D5 <100, "Other")} -> Major | P5: =SUMPRODUCT((I5>=2) * C5 + ((D5>=550) * (J5>=0.75) * (I5<2) * C5)) -> 1328
A6: 116660 | B6: Albuquerque Police Dept. - NM | C6: 1335 | D6: 1300 | E6: 10 | F6: 3299 | G6: 2288 | H6: 347 | I6: 2.5376923 | J6: 1.76 | K6: 0.26692308 | L6: 3361 | M6: {=_xlfn.IFS(E6<6, "0-6 Months", E6<=12, "6-12 Months", E6<=24, "12-24 Months", E6>24, "24+ Months")} -> 6-12 Months | N6: {=_xlfn.IFS(E6<6, "12-18 Months", E6<=12, "18-24 Months", E6<=24, "24+ Months", E6>24, "24+ Months")} -> 18-24 Months | O6: {=_xlfn.IFS(D6>=550, "Major", D6 >= 100, "T1200", D6 <100, "Other")} -> Major | P6: =SUMPRODUCT((I6>=2) * C6 + ((D6>=550) * (J6>=0.75) * (I6<2) * C6)) -> 1335
A7: 108541 | B7: Maryland State Police - MD | C7: 2325 | D7: 750 | E7: 11 | F7: 3080 | G7: 1544 | H7: 304 | I7: 4.1066667 | J7: 2.0586667 | K7: 0.40533333 | L7: 1733 | M7: {=_xlfn.IFS(E7<6, "0-6 Months", E7<=12, "6-12 Months", E7<=24, "12-24 Months", E7>24, "24+ Months")} -> 6-12 Months | N7: {=_xlfn.IFS(E7<6, "12-18 Months", E7<=12, "18-24 Months", E7<=24, "24+ Months", E7>24, "24+ Months")} -> 18-24 Months | O7: {=_xlfn.IFS(D7>=550, "Major", D7 >= 100, "T1200", D7 <100, "Other")} -> Major | P7: =SUMPRODUCT((I7>=2) * C7 + ((D7>=550) * (J7>=0.75) * (I7<2) * C7)) -> 2325
A8: 106372 | B8: Minneapolis Police Dept. - MN | C8: 650 | D8: 600 | E8: 9 | F8: 2895 | G8: 2291 | H8: 136 | I8: 4.825 | J8: 3.8183333 | K8: 0.22666667 | L8: 1 | M8: {=_xlfn.IFS(E8<6, "0-6 Months", E8<=12, "6-12 Months", E8<=24, "12-24 Months", E8>24, "24+ Months")} -> 6-12 Months | N8: {=_xlfn.IFS(E8<6, "12-18 Months", E8<=12, "18-24 Months", E8<=24, "24+ Months", E8>24, "24+ Months")} -> 18-24 Months | O8: {=_xlfn.IFS(D8>=550, "Major", D8 >= 100, "T1200", D8 <100, "Other")} -> Major | P8: =SUMPRODUCT((I8>=2) * C8 + ((D8>=550) * (J8>=0.75) * (I8<2) * C8)) -> 650
A9: 108467 | B9: Charlotte County Sheriff's Office - FL | C9: 230 | D9: 488 | E9: 6 | F9: 2793 | G9: 2694 | H9: 2238 | I9: 5.7233607 | J9: 5.5204918 | K9: 4.5860656 | L9: 76 | M9: {=_xlfn.IFS(E9<6, "0-6 Months", E9<=12, "6-12 Months", E9<=24, "12-24 Months", E9>24, "24+ Months")} -> 6-12 Months | N9: {=_xlfn.IFS(E9<6, "12-18 Months", E9<=12, "18-24 Months", E9<=24, "24+ Months", E9>24, "24+ Months")} -> 18-24 Months | O9: {=_xlfn.IFS(D9>=550, "Major", D9 >= 100, "T1200", D9 <100, "Other")} -> T1200 | P9: =SUMPRODUCT((I9>=2) * C9 + ((D9>=550) * (J9>=0.75) * (I9<2) * C9)) -> 230
A10: 175721 | B10: Boston Police Dept. - MA | C10: 2200 | D10: 1570 | E10: 23 | F10: 2726 | G10: 1271 | H10: 367 | I10: 1.7363057 | J10: 0.80955414 | K10: 0.23375796 | L10: 792 | M10: {=_xlfn.IFS(E10<6, "0-6 Months", E10<=12, "6-12 Months", E10<=24, "12-24 Months", E10>24, "24+ Months")} -> 12-24 Months | N10: {=_xlfn.IFS(E10<6, "12-18 Months", E10<=12, "18-24 Months", E10<=24, "24+ Months", E10>24, "24+ Months")} -> 24+ Months | O10: {=_xlfn.IFS(D10>=550, "Major", D10 >= 100, "T1200", D10 <100, "Other")} -> Major | P10: =SUMPRODUCT((I10>=2) * C10 + ((D10>=550) * (J10>=0.75) * (I10<2) * C10)) -> 2200
A11: 113599 | B11: City of Wichita Police Department | C11: 655 | D11: 650 | E11: 22 | F11: 2551 | G11: 1474 | H11: 749 | I11: 3.9246154 | J11: 2.2676923 | K11: 1.1523077 | L11: 48 | M11: {=_xlfn.IFS(E11<6, "0-6 Months", E11<=12, "6-12 Months", E11<=24, "12-24 Months", E11>24, "24+ Months")} -> 12-24 Months | N11: {=_xlfn.IFS(E11<6, "12-18 Months", E11<=12, "18-24 Months", E11<=24, "24+ Months", E11>24, "24+ Months")} -> 24+ Months | O11: {=_xlfn.IFS(D11>=550, "Major", D11 >= 100, "T1200", D11 <100, "Other")} -> Major | P11: =SUMPRODUCT((I11>=2) * C11 + ((D11>=550) * (J11>=0.75) * (I11<2) * C11)) -> 655
A12: 108658 | B12: Travis County Sheriff's Office - TX | C12: 1532 | D12: 763 | E12: 6 | F12: 2499 | G12: 2358 | H12: 542 | I12: 3.2752294 | J12: 3.0904325 | K12: 0.71035387 | L12: 52 | M12: {=_xlfn.IFS(E12<6, "0-6 Months", E12<=12, "6-12 Months", E12<=24, "12-24 Months", E12>24, "24+ Months")} -> 6-12 Months | N12: {=_xlfn.IFS(E12<6, "12-18 Months", E12<=12, "18-24 Months", E12<=24, "24+ Months", E12>24, "24+ Months")} -> 18-24 Months | O12: {=_xlfn.IFS(D12>=550, "Major", D12 >= 100, "T1200", D12 <100, "Other")} -> Major | P12: =SUMPRODUCT((I12>=2) * C12 + ((D12>=550) * (J12>=0.75) * (I12<2) * C12)) -> 1532
A13: 113410 | B13: Anaheim Police Dept. - CA | C13: 552 | D13: 457 | E13: 34 | F13: 2301 | G13: 256 | H13: 222 | I13: 5.0350109 | J13: 0.56017505 | K13: 0.48577681 | L13: 0 | M13: {=_xlfn.IFS(E13<6, "0-6 Months", E13<=12, "6-12 Months", E13<=24, "12-24 Months", E13>24, "24+ Months")} -> 24+ Months | N13: {=_xlfn.IFS(E13<6, "12-18 Months", E13<=12, "18-24 Months", E13<=24, "24+ Months", E13>24, "24+ Months")} -> 24+ Months | O13: {=_xlfn.IFS(D13>=550, "Major", D13 >= 100, "T1200", D13 <100, "Other")} -> T1200 | P13: =SUMPRODUCT((I13>=2) * C13 + ((D13>=550) * (J13>=0.75) * (I13<2) * C13)) -> 552
... A66: 303223 | B66: Michigan Department of Natural Resources | C66: 247 | D66: 232 | E66: 33 | F66: 745 | G66: 166 | H66: 140 | I66: 3.2112069 | J66: 0.71551724 | K66: 0.60344828 | L66: 36 | M66: {=_xlfn.IFS(E66<6, "0-6 Months", E66<=12, "6-12 Months", E66<=24, "12-24 Months", E66>24, "24+ Months")} -> 24+ Months | N66: {=_xlfn.IFS(E66<6, "12-18 Months", E66<=12, "18-24 Months", E66<=24, "24+ Months", E66>24, "24+ Months")} -> 24+ Months | O66: {=_xlfn.IFS(D66>=550, "Major", D66 >= 100, "T1200", D66 <100, "Other")} -> T1200 | P66: =SUMPRODUCT((I66>=2) * C66 + ((D66>=550) * (J66>=0.75) * (I66<2) * C66)) -> 247
A67: CA0115465 | B67: Barrie Police Service | C67: 322 | D67: 155 | E67: 17 | F67: 742 | G67: 52 | H67: 30 | I67: 4.7870968 | J67: 0.33548387 | K67: 0.19354839 | L67: 125 | M67: {=_xlfn.IFS(E67<6, "0-6 Months", E67<=12, "6-12 Months", E67<=24, "12-24 Months", E67>24, "24+ Months")} -> 12-24 Months | N67: {=_xlfn.IFS(E67<6, "12-18 Months", E67<=12, "18-24 Months", E67<=24, "24+ Months", E67>24, "24+ Months")} -> 24+ Months | O67: {=_xlfn.IFS(D67>=550, "Major", D67 >= 100, "T1200", D67 <100, "Other")} -> T1200 | P67: =SUMPRODUCT((I67>=2) * C67 + ((D67>=550) * (J67>=0.75) * (I67<2) * C67)) -> 322
A68: 107794 | B68: Metropolitan Transit Authority of Harris County - TX | C68: 250 | D68: 274 | E68: 25 | F68: 741 | G68: 433 | H68: 93 | I68: 2.7043796 | J68: 1.580292 | K68: 0.33941606 | L68: 0 | M68: {=_xlfn.IFS(E68<6, "0-6 Months", E68<=12, "6-12 Months", E68<=24, "12-24 Months", E68>24, "24+ Months")} -> 24+ Months | N68: {=_xlfn.IFS(E68<6, "12-18 Months", E68<=12, "18-24 Months", E68<=24, "24+ Months", E68>24, "24+ Months")} -> 24+ Months | O68: {=_xlfn.IFS(D68>=550, "Major", D68 >= 100, "T1200", D68 <100, "Other")} -> T1200 | P68: =SUMPRODUCT((I68>=2) * C68 + ((D68>=550) * (J68>=0.75) * (I68<2) * C68)) -> 250
A69: 321833 | B69: Fort Collins Police Services - CO | C69: 206 | D69: 250 | E69: 10 | F69: 729 | G69: 65 | H69: 65 | I69: 2.916 | J69: 0.26 | K69: 0.26 | L69: 0 | M69: {=_xlfn.IFS(E69<6, "0-6 Months", E69<=12, "6-12 Months", E69<=24, "12-24 Months", E69>24, "24+ Months")} -> 6-12 Months | N69: {=_xlfn.IFS(E69<6, "12-18 Months", E69<=12, "18-24 Months", E69<=24, "24+ Months", E69>24, "24+ Months")} -> 18-24 Months | O69: {=_xlfn.IFS(D69>=550, "Major", D69 >= 100, "T1200", D69 <100, "Other")} -> T1200 | P69: =SUMPRODUCT((I69>=2) * C69 + ((D69>=550) * (J69>=0.75) * (I69<2) * C69)) -> 206
A70: 497705 | B70: Ohio Dept of Rehabilitation and Correction | C70: 5115 | D70: 1834 | E70: 6 | F70: 728 | G70: 284 | H70: 197 | I70: 0.39694656 | J70: 0.15485278 | K70: 0.10741549 | L70: 4 | M70: {=_xlfn.IFS(E70<6, "0-6 Months", E70<=12, "6-12 Months", E70<=24, "12-24 Months", E70>24, "24+ Months")} -> 6-12 Months | N70: {=_xlfn.IFS(E70<6, "12-18 Months", E70<=12, "18-24 Months", E70<=24, "24+ Months", E70>24, "24+ Months")} -> 18-24 Months | O70: {=_xlfn.IFS(D70>=550, "Major", D70 >= 100, "T1200", D70 <100, "Other")} -> Major | P70: =SUMPRODUCT((I70>=2) * C70 + ((D70>=550) * (J70>=0.75) * (I70<2) * C70)) -> 0
A71: 155263 | B71: Burbank Police Dept. - CA | C71: 154 | D71: 178 | E71: 14 | F71: 727 | G71: 547 | H71: 279 | I71: 4.0842697 | J71: 3.0730337 | K71: 1.5674157 | L71: 84 | M71: {=_xlfn.IFS(E71<6, "0-6 Months", E71<=12, "6-12 Months", E71<=24, "12-24 Months", E71>24, "24+ Months")} -> 12-24 Months | N71: {=_xlfn.IFS(E71<6, "12-18 Months", E71<=12, "18-24 Months", E71<=24, "24+ Months", E71>24, "24+ Months")} -> 24+ Months | O71: {=_xlfn.IFS(D71>=550, "Major", D71 >= 100, "T1200", D71 <100, "Other")} -> T1200 | P71: =SUMPRODUCT((I71>=2) * C71 + ((D71>=550) * (J71>=0.75) * (I71<2) * C71)) -> 154
A72: 327797 | B72: Philadelphia Police Dept. - PA | C72: 4184 | D72: 4500 | E72: 10 | F72: 711 | G72: 450 | H72: 253 | I72: 0.158 | J72: 0.1 | K72: 0.056222222 | L72: 568 | M72: {=_xlfn.IFS(E72<6, "0-6 Months", E72<=12, "6-12 Months", E72<=24, "12-24 Months", E72>24, "24+ Months")} -> 6-12 Months | N72: {=_xlfn.IFS(E72<6, "12-18 Months", E72<=12, "18-24 Months", E72<=24, "24+ Months", E72>24, "24+ Months")} -> 18-24 Months | O72: {=_xlfn.IFS(D72>=550, "Major", D72 >= 100, "T1200", D72 <100, "Other")} -> Major | P72: =SUMPRODUCT((I72>=2) * C72 + ((D72>=550) * (J72>=0.75) * (I72<2) * C72)) -> 0
A73: 532247 | B73: National Commissioner of the Icelandic Police | C73: 703 | D73: 480 | E73: 24 | F73: 681 | G73: 362 | H73: 327 | I73: 1.41875 | J73: 0.75416667 | K73: 0.68125 | L73: 6 | M73: {=_xlfn.IFS(E73<6, "0-6 Months", E73<=12, "6-12 Months", E73<=24, "12-24 Months", E73>24, "24+ Months")} -> 12-24 Months | N73: {=_xlfn.IFS(E73<6, "12-18 Months", E73<=12, "18-24 Months", E73<=24, "24+ Months", E73>24, "24+ Months")} -> 24+ Months | O73: {=_xlfn.IFS(D73>=550, "Major", D73 >= 100, "T1200", D73 <100, "Other")} -> T1200 | P73: =SUMPRODUCT((I73>=2) * C73 + ((D73>=550) * (J73>=0.75) * (I73<2) * C73)) -> 0
A74: 157071 | B74: Bloomington Police Dept. - MN | C74: 151 | D74: 140 | E74: 34 | F74: 674 | G74: 35 | H74: 27 | I74: 4.8142857 | J74: 0.25 | K74: 0.19285714 | L74: 0 | M74: {=_xlfn.IFS(E74<6, "0-6 Months", E74<=12, "6-12 Months", E74<=24, "12-24 Months", E74>24, "24+ Months")} -> 24+ Months | N74: {=_xlfn.IFS(E74<6, "12-18 Months", E74<=12, "18-24 Months", E74<=24, "24+ Months", E74>24, "24+ Months")} -> 24+ Months | O74: {=_xlfn.IFS(D74>=550, "Major", D74 >= 100, "T1200", D74 <100, "Other")} -> T1200 | P74: =SUMPRODUCT((I74>=2) * C74 + ((D74>=550) * (J74>=0.75) * (I74<2) * C74)) -> 151
A75: 305896 | B75: Scranton Police Dept. - PA | C75: 152 | D75: 130 | E75: 8 | F75: 669 | G75: 434 | H75: 327 | I75: 5.1461538 | J75: 3.3384615 | K75: 2.5153846 | L75: 19 | M75: {=_xlfn.IFS(E75<6, "0-6 Months", E75<=12, "6-12 Months", E75<=24, "12-24 Months", E75>24, "24+ Months")} -> 6-12 Months | N75: {=_xlfn.IFS(E75<6, "12-18 Months", E75<=12, "18-24 Months", E75<=24, "24+ Months", E75>24, "24+ Months")} -> 18-24 Months | O75: {=_xlfn.IFS(D75>=550, "Major", D75 >= 100, "T1200", D75 <100, "Other")} -> T1200 | P75: =SUMPRODUCT((I75>=2) * C75 + ((D75>=550) * (J75>=0.75) * (I75<2) * C75)) -> 152
A76: 107206 | B76: Long Beach Police Dept. - CA | C76: 896 | D76: 859 | E76: 10 | F76: 657 | G76: 649 | H76: 594 | I76: 0.76484284 | J76: 0.75552969 | K76: 0.69150175 | L76: 46 | M76: {=_xlfn.IFS(E76<6, "0-6 Months", E76<=12, "6-12 Months", E76<=24, "12-24 Months", E76>24, "24+ Months")} -> 6-12 Months | N76: {=_xlfn.IFS(E76<6, "12-18 Months", E76<=12, "18-24 Months", E76<=24, "24+ Months", E76>24, "24+ Months")} -> 18-24 Months | O76: {=_xlfn.IFS(D76>=550, "Major", D76 >= 100, "T1200", D76 <100, "Other")} -> Major | P76: =SUMPRODUCT((I76>=2) * C76 + ((D76>=550) * (J76>=0.75) * (I76<2) * C76)) -> 896
A77: 110600 | B77: Flagler County Sheriff's Office - FL | C77: 255 | D77: 262 | E77: 10 | F77: 650 | G77: 545 | H77: 10 | I77: 2.480916 | J77: 2.0801527 | K77: 0.038167939 | L77: 140 | M77: {=_xlfn.IFS(E77<6, "0-6 Months", E77<=12, "6-12 Months", E77<=24, "12-24 Months", E77>24, "24+ Months")} -> 6-12 Months | N77: {=_xlfn.IFS(E77<6, "12-18 Months", E77<=12, "18-24 Months", E77<=24, "24+ Months", E77>24, "24+ Months")} -> 18-24 Months | O77: {=_xlfn.IFS(D77>=550, "Major", D77 >= 100, "T1200", D77 <100, "Other")} -> T1200 | P77: =SUMPRODUCT((I77>=2) * C77 + ((D77>=550) * (J77>=0.75) * (I77<2) * C77)) -> 255
A78: 112305 | B78: Virginia Beach Police Dept. - VA | C78: 888 | D78: 508 | E78: 52 | F78: 647 | G78: 65 | H78: 12 | I78: 1.273622 | J78: 0.12795276 | K78: 0.023622047 | L78: 36 | M78: {=_xlfn.IFS(E78<6, "0-6 Months", E78<=12, "6-12 Months", E78<=24, "12-24 Months", E78>24, "24+ Months")} -> 24+ Months | N78: {=_xlfn.IFS(E78<6, "12-18 Months", E78<=12, "18-24 Months", E78<=24, "24+ Months", E78>24, "24+ Months")} -> 24+ Months | O78: {=_xlfn.IFS(D78>=550, "Major", D78 >= 100, "T1200", D78 <100, "Other")} -> T1200 | P78: =SUMPRODUCT((I78>=2) * C78 + ((D78>=550) * (J78>=0.75) * (I78<2) * C78)) -> 0
A79: 106346 | B79: Seattle Police Dept. - WA | C79: 1340 | D79: 1200 | E79: 47 | F79: 644 | G79: 33 | H79: 11 | I79: 0.53666667 | J79: 0.0275 | K79: 0.0091666667 | L79: 17 | M79: {=_xlfn.IFS(E79<6, "0-6 Months", E79<=12, "6-12 Months", E79<=24, "12-24 Months", E79>24, "24+ Months")} -> 24+ Months | N79: {=_xlfn.IFS(E79<6, "12-18 Months", E79<=12, "18-24 Months", E79<=24, "24+ Months", E79>24, "24+ Months")} -> 24+ Months | O79: {=_xlfn.IFS(D79>=550, "Major", D79 >= 100, "T1200", D79 <100, "Other")} -> Major | P79: =SUMPRODUCT((I79>=2) * C79 + ((D79>=550) * (J79>=0.75) * (I79<2) * C79)) -> 0
... A120: 112546 | B120: Mooresville Police Dept. - NC | C120: 82 | D120: 130 | E120: 10 | F120: 369 | G120: 346 | H120: 344 | I120: 2.8384615 | J120: 2.6615385 | K120: 2.6461538 | L120: 78 | M120: {=_xlfn.IFS(E120<6, "0-6 Months", E120<=12, "6-12 Months", E120<=24, "12-24 Months", E120>24, "24+ Months")} -> 6-12 Months | N120: {=_xlfn.IFS(E120<6, "12-18 Months", E120<=12, "18-24 Months", E120<=24, "24+ Months", E120>24, "24+ Months")} -> 18-24 Months | O120: {=_xlfn.IFS(D120>=550, "Major", D120 >= 100, "T1200", D120 <100, "Other")} -> T1200 | P120: =SUMPRODUCT((I120>=2) * C120 + ((D120>=550) * (J120>=0.75) * (I120<2) * C120)) -> 82
A121: CA0115409 | B121: Peel Regional Police Service - CAN | C121: 2119 | D121: 750 | E121: 7 | F121: 366 | G121: 366 | H121: 208 | I121: 0.488 | J121: 0.488 | K121: 0.27733333 | L121: 1969 | M121: {=_xlfn.IFS(E121<6, "0-6 Months", E121<=12, "6-12 Months", E121<=24, "12-24 Months", E121>24, "24+ Months")} -> 6-12 Months | N121: {=_xlfn.IFS(E121<6, "12-18 Months", E121<=12, "18-24 Months", E121<=24, "24+ Months", E121>24, "24+ Months")} -> 18-24 Months | O121: {=_xlfn.IFS(D121>=550, "Major", D121 >= 100, "T1200", D121 <100, "Other")} -> Major | P121: =SUMPRODUCT((I121>=2) * C121 + ((D121>=550) * (J121>=0.75) * (I121<2) * C121)) -> 0
A122: 223835 | B122: Kentwood Police Department - MI | C122: 147 | D122: 80 | E122: 7 | F122: 366 | G122: 366 | H122: 306 | I122: 4.575 | J122: 4.575 | K122: 3.825 | L122: 69 | M122: {=_xlfn.IFS(E122<6, "0-6 Months", E122<=12, "6-12 Months", E122<=24, "12-24 Months", E122>24, "24+ Months")} -> 6-12 Months | N122: {=_xlfn.IFS(E122<6, "12-18 Months", E122<=12, "18-24 Months", E122<=24, "24+ Months", E122>24, "24+ Months")} -> 18-24 Months | O122: {=_xlfn.IFS(D122>=550, "Major", D122 >= 100, "T1200", D122 <100, "Other")} -> Other | P122: =SUMPRODUCT((I122>=2) * C122 + ((D122>=550) * (J122>=0.75) * (I122<2) * C122)) -> 147
A123: 167139 | B123: Fort Mill Police Dept. - SC | C123: 160 | D123: 99 | E123: 17 | F123: 360 | G123: 332 | H123: 29 | I123: 3.6363636 | J123: 3.3535354 | K123: 0.29292929 | L123: 5 | M123: {=_xlfn.IFS(E123<6, "0-6 Months", E123<=12, "6-12 Months", E123<=24, "12-24 Months", E123>24, "24+ Months")} -> 12-24 Months | N123: {=_xlfn.IFS(E123<6, "12-18 Months", E123<=12, "18-24 Months", E123<=24, "24+ Months", E123>24, "24+ Months")} -> 24+ Months | O123: {=_xlfn.IFS(D123>=550, "Major", D123 >= 100, "T1200", D123 <100, "Other")} -> Other | P123: =SUMPRODUCT((I123>=2) * C123 + ((D123>=550) * (J123>=0.75) * (I123<2) * C123)) -> 160
A124: 150938 | B124: Suffolk Police Dept. - VA | C124: 185 | D124: 230 | E124: 22 | F124: 359 | G124: 145 | H124: 55 | I124: 1.5608696 | J124: 0.63043478 | K124: 0.23913043 | L124: 162 | M124: {=_xlfn.IFS(E124<6, "0-6 Months", E124<=12, "6-12 Months", E124<=24, "12-24 Months", E124>24, "24+ Months")} -> 12-24 Months | N124: {=_xlfn.IFS(E124<6, "12-18 Months", E124<=12, "18-24 Months", E124<=24, "24+ Months", E124>24, "24+ Months")} -> 24+ Months | O124: {=_xlfn.IFS(D124>=550, "Major", D124 >= 100, "T1200", D124 <100, "Other")} -> T1200 | P124: =SUMPRODUCT((I124>=2) * C124 + ((D124>=550) * (J124>=0.75) * (I124<2) * C124)) -> 0
A125: 109267 | B125: Sumter County Sheriff - FL | C125: 55 | D125: 252 | E125: 49 | F125: 358 | G125: 233 | H125: 196 | I125: 1.4206349 | J125: 0.92460317 | K125: 0.77777778 | L125: 4 | M125: {=_xlfn.IFS(E125<6, "0-6 Months", E125<=12, "6-12 Months", E125<=24, "12-24 Months", E125>24, "24+ Months")} -> 24+ Months | N125: {=_xlfn.IFS(E125<6, "12-18 Months", E125<=12, "18-24 Months", E125<=24, "24+ Months", E125>24, "24+ Months")} -> 24+ Months | O125: {=_xlfn.IFS(D125>=550, "Major", D125 >= 100, "T1200", D125 <100, "Other")} -> T1200 | P125: =SUMPRODUCT((I125>=2) * C125 + ((D125>=550) * (J125>=0.75) * (I125<2) * C125)) -> 0
A126: 110173 | B126: Richmond Hill Police Dept. - GA | C126: 43 | D126: 41 | E126: 8 | F126: 352 | G126: 320 | H126: 232 | I126: 8.5853659 | J126: 7.804878 | K126: 5.6585366 | L126: 87 | M126: {=_xlfn.IFS(E126<6, "0-6 Months", E126<=12, "6-12 Months", E126<=24, "12-24 Months", E126>24, "24+ Months")} -> 6-12 Months | N126: {=_xlfn.IFS(E126<6, "12-18 Months", E126<=12, "18-24 Months", E126<=24, "24+ Months", E126>24, "24+ Months")} -> 18-24 Months | O126: {=_xlfn.IFS(D126>=550, "Major", D126 >= 100, "T1200", D126 <100, "Other")} -> Other | P126: =SUMPRODUCT((I126>=2) * C126 + ((D126>=550) * (J126>=0.75) * (I126<2) * C126)) -> 43
A127: 106590 | B127: Appleton Police Department - WI | C127: 150 | D127: 115 | E127: 49 | F127: 348 | G127: 322 | H127: 306 | I127: 3.026087 | J127: 2.8 | K127: 2.6608696 | L127: 157 | M127: {=_xlfn.IFS(E127<6, "0-6 Months", E127<=12, "6-12 Months", E127<=24, "12-24 Months", E127>24, "24+ Months")} -> 24+ Months | N127: {=_xlfn.IFS(E127<6, "12-18 Months", E127<=12, "18-24 Months", E127<=24, "24+ Months", E127>24, "24+ Months")} -> 24+ Months | O127: {=_xlfn.IFS(D127>=550, "Major", D127 >= 100, "T1200", D127 <100, "Other")} -> T1200 | P127: =SUMPRODUCT((I127>=2) * C127 + ((D127>=550) * (J127>=0.75) * (I127<2) * C127)) -> 150
A128: 195409 | B128: Jackson Police Dept. - WY | C128: 39 | D128: 41 | E128: 8 | F128: 346 | G128: 346 | H128: 346 | I128: 8.4390244 | J128: 8.4390244 | K128: 8.4390244 | L128: 34 | M128: {=_xlfn.IFS(E128<6, "0-6 Months", E128<=12, "6-12 Months", E128<=24, "12-24 Months", E128>24, "24+ Months")} -> 6-12 Months | N128: {=_xlfn.IFS(E128<6, "12-18 Months", E128<=12, "18-24 Months", E128<=24, "24+ Months", E128>24, "24+ Months")} -> 18-24 Months | O128: {=_xlfn.IFS(D128>=550, "Major", D128 >= 100, "T1200", D128 <100, "Other")} -> Other | P128: =SUMPRODUCT((I128>=2) * C128 + ((D128>=550) * (J128>=0.75) * (I128<2) * C128)) -> 39
A129: 198611 | B129: Malden Police Department - MA | C129: 105 | D129: 105 | E129: 11 | F129: 345 | G129: 34 | H129: 10 | I129: 3.2857143 | J129: 0.32380952 | K129: 0.095238095 | L129: 0 | M129: {=_xlfn.IFS(E129<6, "0-6 Months", E129<=12, "6-12 Months", E129<=24, "12-24 Months", E129>24, "24+ Months")} -> 6-12 Months | N129: {=_xlfn.IFS(E129<6, "12-18 Months", E129<=12, "18-24 Months", E129<=24, "24+ Months", E129>24, "24+ Months")} -> 18-24 Months | O129: {=_xlfn.IFS(D129>=550, "Major", D129 >= 100, "T1200", D129 <100, "Other")} -> T1200 | P129: =SUMPRODUCT((I129>=2) * C129 + ((D129>=550) * (J129>=0.75) * (I129<2) * C129)) -> 105
A130: 459269 | B130: Brookhaven Police Department - GA | C130: 104 | D130: 10 | E130: 12 | F130: 345 | G130: 265 | H130: 22 | I130: 34.5 | J130: 26.5 | K130: 2.2 | L130: 9 | M130: {=_xlfn.IFS(E130<6, "0-6 Months", E130<=12, "6-12 Months", E130<=24, "12-24 Months", E130>24, "24+ Months")} -> 6-12 Months | N130: {=_xlfn.IFS(E130<6, "12-18 Months", E130<=12, "18-24 Months", E130<=24, "24+ Months", E130>24, "24+ Months")} -> 18-24 Months | O130: {=_xlfn.IFS(D130>=550, "Major", D130 >= 100, "T1200", D130 <100, "Other")} -> Other | P130: =SUMPRODUCT((I130>=2) * C130 + ((D130>=550) * (J130>=0.75) * (I130<2) * C130)) -> 104
A131: 112636 | B131: Royal Oak Police Dept.- MI | C131: 85 | D131: 76 | E131: 47 | F131: 336 | G131: 336 | H131: 105 | I131: 4.4210526 | J131: 4.4210526 | K131: 1.3815789 | L131: 8 | M131: {=_xlfn.IFS(E131<6, "0-6 Months", E131<=12, "6-12 Months", E131<=24, "12-24 Months", E131>24, "24+ Months")} -> 24+ Months | N131: {=_xlfn.IFS(E131<6, "12-18 Months", E131<=12, "18-24 Months", E131<=24, "24+ Months", E131>24, "24+ Months")} -> 24+ Months | O131: {=_xlfn.IFS(D131>=550, "Major", D131 >= 100, "T1200", D131 <100, "Other")} -> Other | P131: =SUMPRODUCT((I131>=2) * C131 + ((D131>=550) * (J131>=0.75) * (I131<2) * C131)) -> 85
A132: 172686 | B132: Holly Springs Police Dept. - NC | C132: 1 | D132: 73 | E132: 9 | F132: 331 | G132: 296 | H132: 123 | I132: 4.5342466 | J132: 4.0547945 | K132: 1.6849315 | L132: 11 | M132: {=_xlfn.IFS(E132<6, "0-6 Months", E132<=12, "6-12 Months", E132<=24, "12-24 Months", E132>24, "24+ Months")} -> 6-12 Months | N132: {=_xlfn.IFS(E132<6, "12-18 Months", E132<=12, "18-24 Months", E132<=24, "24+ Months", E132>24, "24+ Months")} -> 18-24 Months | O132: {=_xlfn.IFS(D132>=550, "Major", D132 >= 100, "T1200", D132 <100, "Other")} -> Other | P132: =SUMPRODUCT((I132>=2) * C132 + ((D132>=550) * (J132>=0.75) * (I132<2) * C132)) -> 1
A133: 154313 | B133: Marion County Sheriff's Office - IL | C133: 24 | D133: 40 | E133: 9 | F133: 329 | G133: 284 | H133: 38 | I133: 8.225 | J133: 7.1 | K133: 0.95 | L133: 21 | M133: {=_xlfn.IFS(E133<6, "0-6 Months", E133<=12, "6-12 Months", E133<=24, "12-24 Months", E133>24, "24+ Months")} -> 6-12 Months | N133: {=_xlfn.IFS(E133<6, "12-18 Months", E133<=12, "18-24 Months", E133<=24, "24+ Months", E133>24, "24+ Months")} -> 18-24 Months | O133: {=_xlfn.IFS(D133>=550, "Major", D133 >= 100, "T1200", D133 <100, "Other")} -> Other | P133: =SUMPRODUCT((I133>=2) * C133 + ((D133>=550) * (J133>=0.75) * (I133<2) * C133)) -> 24
... A215: 465977 | B215: Braintree Police Dept. - MA | C215: 1 | D215: 90 | E215: 18 | F215: 181 | G215: 55 | H215: 55 | I215: 2.0111111 | J215: 0.61111111 | K215: 0.61111111 | L215: 0 | M215: {=_xlfn.IFS(E215<6, "0-6 Months", E215<=12, "6-12 Months", E215<=24, "12-24 Months", E215>24, "24+ Months")} -> 12-24 Months | N215: {=_xlfn.IFS(E215<6, "12-18 Months", E215<=12, "18-24 Months", E215<=24, "24+ Months", E215>24, "24+ Months")} -> 24+ Months | O215: {=_xlfn.IFS(D215>=550, "Major", D215 >= 100, "T1200", D215 <100, "Other")} -> Other | P215: =SUMPRODUCT((I215>=2) * C215 + ((D215>=550) * (J215>=0.75) * (I215<2) * C215)) -> 1
A216: CA0115746 | B216: CPKC Railway Police Service | C216: 0 | D216: 42 | E216: 21 | F216: 181 | G216: 135 | H216: 82 | I216: 4.3095238 | J216: 3.2142857 | K216: 1.952381 | L216: 0 | M216: {=_xlfn.IFS(E216<6, "0-6 Months", E216<=12, "6-12 Months", E216<=24, "12-24 Months", E216>24, "24+ Months")} -> 12-24 Months | N216: {=_xlfn.IFS(E216<6, "12-18 Months", E216<=12, "18-24 Months", E216<=24, "24+ Months", E216>24, "24+ Months")} -> 24+ Months | O216: {=_xlfn.IFS(D216>=550, "Major", D216 >= 100, "T1200", D216 <100, "Other")} -> Other | P216: =SUMPRODUCT((I216>=2) * C216 + ((D216>=550) * (J216>=0.75) * (I216<2) * C216)) -> 0
A217: 110274 | B217: Florence County Sheriff's Office - SC | C217: 223 | D217: 160 | E217: 40 | F217: 180 | G217: 160 | H217: 159 | I217: 1.125 | J217: 1 | K217: 0.99375 | L217: 43 | M217: {=_xlfn.IFS(E217<6, "0-6 Months", E217<=12, "6-12 Months", E217<=24, "12-24 Months", E217>24, "24+ Months")} -> 24+ Months | N217: {=_xlfn.IFS(E217<6, "12-18 Months", E217<=12, "18-24 Months", E217<=24, "24+ Months", E217>24, "24+ Months")} -> 24+ Months | O217: {=_xlfn.IFS(D217>=550, "Major", D217 >= 100, "T1200", D217 <100, "Other")} -> T1200 | P217: =SUMPRODUCT((I217>=2) * C217 + ((D217>=550) * (J217>=0.75) * (I217<2) * C217)) -> 0
A218: 111020 | B218: Durango Police Department - CO | C218: 67 | D218: 70 | E218: 11 | F218: 173 | G218: 147 | H218: 17 | I218: 2.4714286 | J218: 2.1 | K218: 0.24285714 | L218: 46 | M218: {=_xlfn.IFS(E218<6, "0-6 Months", E218<=12, "6-12 Months", E218<=24, "12-24 Months", E218>24, "24+ Months")} -> 6-12 Months | N218: {=_xlfn.IFS(E218<6, "12-18 Months", E218<=12, "18-24 Months", E218<=24, "24+ Months", E218>24, "24+ Months")} -> 18-24 Months | O218: {=_xlfn.IFS(D218>=550, "Major", D218 >= 100, "T1200", D218 <100, "Other")} -> Other | P218: =SUMPRODUCT((I218>=2) * C218 + ((D218>=550) * (J218>=0.75) * (I218<2) * C218)) -> 67
A219: 474623 | B219: Nevada Dept of Motor Vehicles | C219: 16 | D219: 31 | E219: 22 | F219: 173 | G219: 76 | H219: 38 | I219: 5.5806452 | J219: 2.4516129 | K219: 1.2258065 | L219: 12 | M219: {=_xlfn.IFS(E219<6, "0-6 Months", E219<=12, "6-12 Months", E219<=24, "12-24 Months", E219>24, "24+ Months")} -> 12-24 Months | N219: {=_xlfn.IFS(E219<6, "12-18 Months", E219<=12, "18-24 Months", E219<=24, "24+ Months", E219>24, "24+ Months")} -> 24+ Months | O219: {=_xlfn.IFS(D219>=550, "Major", D219 >= 100, "T1200", D219 <100, "Other")} -> Other | P219: =SUMPRODUCT((I219>=2) * C219 + ((D219>=550) * (J219>=0.75) * (I219<2) * C219)) -> 16
A220: 112375 | B220: DuPage County Sheriff's Office | C220: 189 | D220: 174 | E220: 24 | F220: 168 | G220: 148 | H220: 71 | I220: 0.96551724 | J220: 0.85057471 | K220: 0.40804598 | L220: 2 | M220: {=_xlfn.IFS(E220<6, "0-6 Months", E220<=12, "6-12 Months", E220<=24, "12-24 Months", E220>24, "24+ Months")} -> 12-24 Months | N220: {=_xlfn.IFS(E220<6, "12-18 Months", E220<=12, "18-24 Months", E220<=24, "24+ Months", E220>24, "24+ Months")} -> 24+ Months | O220: {=_xlfn.IFS(D220>=550, "Major", D220 >= 100, "T1200", D220 <100, "Other")} -> T1200 | P220: =SUMPRODUCT((I220>=2) * C220 + ((D220>=550) * (J220>=0.75) * (I220<2) * C220)) -> 0
A221: 106516 | B221: Farmers Branch Police Dept. - TX | C221: 101 | D221: 80 | E221: 26 | F221: 167 | G221: 33 | H221: 29 | I221: 2.0875 | J221: 0.4125 | K221: 0.3625 | L221: 57 | M221: {=_xlfn.IFS(E221<6, "0-6 Months", E221<=12, "6-12 Months", E221<=24, "12-24 Months", E221>24, "24+ Months")} -> 24+ Months | N221: {=_xlfn.IFS(E221<6, "12-18 Months", E221<=12, "18-24 Months", E221<=24, "24+ Months", E221>24, "24+ Months")} -> 24+ Months | O221: {=_xlfn.IFS(D221>=550, "Major", D221 >= 100, "T1200", D221 <100, "Other")} -> Other | P221: =SUMPRODUCT((I221>=2) * C221 + ((D221>=550) * (J221>=0.75) * (I221<2) * C221)) -> 101
A222: 112053 | B222: Jefferson Parish Sheriff's Office - LA | C222: 870 | D222: 900 | E222: 50 | F222: 165 | G222: 86 | H222: 0 | I222: 0.18333333 | J222: 0.095555556 | K222: 0 | L222: 118 | M222: {=_xlfn.IFS(E222<6, "0-6 Months", E222<=12, "6-12 Months", E222<=24, "12-24 Months", E222>24, "24+ Months")} -> 24+ Months | N222: {=_xlfn.IFS(E222<6, "12-18 Months", E222<=12, "18-24 Months", E222<=24, "24+ Months", E222>24, "24+ Months")} -> 24+ Months | O222: {=_xlfn.IFS(D222>=550, "Major", D222 >= 100, "T1200", D222 <100, "Other")} -> Major | P222: =SUMPRODUCT((I222>=2) * C222 + ((D222>=550) * (J222>=0.75) * (I222<2) * C222)) -> 0
A223: 169787 | B223: Cobb County Sheriff's Office - GA | C223: 515 | D223: 549 | E223: 46 | F223: 165 | G223: 58 | H223: 13 | I223: 0.30054645 | J223: 0.10564663 | K223: 0.023679417 | L223: 128 | M223: {=_xlfn.IFS(E223<6, "0-6 Months", E223<=12, "6-12 Months", E223<=24, "12-24 Months", E223>24, "24+ Months")} -> 24+ Months | N223: {=_xlfn.IFS(E223<6, "12-18 Months", E223<=12, "18-24 Months", E223<=24, "24+ Months", E223>24, "24+ Months")} -> 24+ Months | O223: {=_xlfn.IFS(D223>=550, "Major", D223 >= 100, "T1200", D223 <100, "Other")} -> T1200 | P223: =SUMPRODUCT((I223>=2) * C223 + ((D223>=550) * (J223>=0.75) * (I223<2) * C223)) -> 0
A224: 320631 | B224: Amherst County Sheriff's Office - VA | C224: 0 | D224: 63 | E224: 12 | F224: 163 | G224: 23 | H224: 8 | I224: 2.5873016 | J224: 0.36507937 | K224: 0.12698413 | L224: 28 | M224: {=_xlfn.IFS(E224<6, "0-6 Months", E224<=12, "6-12 Months", E224<=24, "12-24 Months", E224>24, "24+ Months")} -> 6-12 Months | N224: {=_xlfn.IFS(E224<6, "12-18 Months", E224<=12, "18-24 Months", E224<=24, "24+ Months", E224>24, "24+ Months")} -> 18-24 Months | O224: {=_xlfn.IFS(D224>=550, "Major", D224 >= 100, "T1200", D224 <100, "Other")} -> Other | P224: =SUMPRODUCT((I224>=2) * C224 + ((D224>=550) * (J224>=0.75) * (I224<2) * C224)) -> 0
A225: 551353 | B225: University of Rochester | C225: 85 | D225: 85 | E225: 12 | F225: 159 | G225: 159 | H225: 47 | I225: 1.8705882 | J225: 1.8705882 | K225: 0.55294118 | L225: 29 | M225: {=_xlfn.IFS(E225<6, "0-6 Months", E225<=12, "6-12 Months", E225<=24, "12-24 Months", E225>24, "24+ Months")} -> 6-12 Months | N225: {=_xlfn.IFS(E225<6, "12-18 Months", E225<=12, "18-24 Months", E225<=24, "24+ Months", E225>24, "24+ Months")} -> 18-24 Months | O225: {=_xlfn.IFS(D225>=550, "Major", D225 >= 100, "T1200", D225 <100, "Other")} -> Other | P225: =SUMPRODUCT((I225>=2) * C225 + ((D225>=550) * (J225>=0.75) * (I225<2) * C225)) -> 0
A226: 112596 | B226: Statesville Police Department - NC | C226: 3 | D226: 90 | E226: 8 | F226: 157 | G226: 12 | H226: 0 | I226: 1.7444444 | J226: 0.13333333 | K226: 0 | L226: 0 | M226: {=_xlfn.IFS(E226<6, "0-6 Months", E226<=12, "6-12 Months", E226<=24, "12-24 Months", E226>24, "24+ Months")} -> 6-12 Months | N226: {=_xlfn.IFS(E226<6, "12-18 Months", E226<=12, "18-24 Months", E226<=24, "24+ Months", E226>24, "24+ Months")} -> 18-24 Months | O226: {=_xlfn.IFS(D226>=550, "Major", D226 >= 100, "T1200", D226 <100, "Other")} -> Other | P226: =SUMPRODUCT((I226>=2) * C226 + ((D226>=550) * (J226>=0.75) * (I226<2) * C226)) -> 0
A227: 132066 | B227: North Richland Hills Police Dept. - TX | C227: 133 | D227: 140 | E227: 25 | F227: 156 | G227: 91 | H227: 32 | I227: 1.1142857 | J227: 0.65 | K227: 0.22857143 | L227: 0 | M227: {=_xlfn.IFS(E227<6, "0-6 Months", E227<=12, "6-12 Months", E227<=24, "12-24 Months", E227>24, "24+ Months")} -> 24+ Months | N227: {=_xlfn.IFS(E227<6, "12-18 Months", E227<=12, "18-24 Months", E227<=24, "24+ Months", E227>24, "24+ Months")} -> 24+ Months | O227: {=_xlfn.IFS(D227>=550, "Major", D227 >= 100, "T1200", D227 <100, "Other")} -> T1200 | P227: =SUMPRODUCT((I227>=2) * C227 + ((D227>=550) * (J227>=0.75) * (I227<2) * C227)) -> 0
A228: 470672 | B228: Harris County Constable Pct. 8 - TX | C228: 0 | D228: 73 | E228: 28 | F228: 156 | G228: 87 | H228: 87 | I228: 2.1369863 | J228: 1.1917808 | K228: 1.1917808 | L228: 0 | M228: {=_xlfn.IFS(E228<6, "0-6 Months", E228<=12, "6-12 Months", E228<=24, "12-24 Months", E228>24, "24+ Months")} -> 24+ Months | N228: {=_xlfn.IFS(E228<6, "12-18 Months", E228<=12, "18-24 Months", E228<=24, "24+ Months", E228>24, "24+ Months")} -> 24+ Months | O228: {=_xlfn.IFS(D228>=550, "Major", D228 >= 100, "T1200", D228 <100, "Other")} -> Other | P228: =SUMPRODUCT((I228>=2) * C228 + ((D228>=550) * (J228>=0.75) * (I228<2) * C228)) -> 0
A229: CA0115604 | B229: Manitoba First Nations Police Service | C229: 1 | D229: 57 | E229: 31 | F229: 155 | G229: 67 | H229: 0 | I229: 2.7192982 | J229: 1.1754386 | K229: 0 | L229: 24 | M229: {=_xlfn.IFS(E229<6, "0-6 Months", E229<=12, "6-12 Months", E229<=24, "12-24 Months", E229>24, "24+ Months")} -> 24+ Months | N229: {=_xlfn.IFS(E229<6, "12-18 Months", E229<=12, "18-24 Months", E229<=24, "24+ Months", E229>24, "24+ Months")} -> 24+ Months | O229: {=_xlfn.IFS(D229>=550, "Major", D229 >= 100, "T1200", D229 <100, "Other")} -> Other | P229: =SUMPRODUCT((I229>=2) * C229 + ((D229>=550) * (J229>=0.75) * (I229<2) * C229)) -> 1
A230: 107887 | B230: Memphis Police Department - TN | C230: 2281 | D230: 2300 | E230: 27 | F230: 154 | G230: 125 | H230: 2 | I230: 0.066956522 | J230: 0.054347826 | K230: 0.00086956522 | L230: 453 | M230: {=_xlfn.IFS(E230<6, "0-6 Months", E230<=12, "6-12 Months", E230<=24, "12-24 Months", E230>24, "24+ Months")} -> 24+ Months | N230: {=_xlfn.IFS(E230<6, "12-18 Months", E230<=12, "18-24 Months", E230<=24, "24+ Months", E230>24, "24+ Months")} -> 24+ Months | O230: {=_xlfn.IFS(D230>=550, "Major", D230 >= 100, "T1200", D230 <100, "Other")} -> Major | P230: =SUMPRODUCT((I230>=2) * C230 + ((D230>=550) * (J230>=0.75) * (I230<2) * C230)) -> 0
A231: 108635 | B231: Natrona County Sheriff's Office - WY | C231: 41 | D231: 109 | E231: 11 | F231: 154 | G231: 75 | H231: 10 | I231: 1.412844 | J231: 0.68807339 | K231: 0.091743119 | L231: 70 | M231: {=_xlfn.IFS(E231<6, "0-6 Months", E231<=12, "6-12 Months", E231<=24, "12-24 Months", E231>24, "24+ Months")} -> 6-12 Months | N231: {=_xlfn.IFS(E231<6, "12-18 Months", E231<=12, "18-24 Months", E231<=24, "24+ Months", E231>24, "24+ Months")} -> 18-24 Months | O231: {=_xlfn.IFS(D231>=550, "Major", D231 >= 100, "T1200", D231 <100, "Other")} -> T1200 | P231: =SUMPRODUCT((I231>=2) * C231 + ((D231>=550) * (J231>=0.75) * (I231<2) * C231)) -> 0
A232: 160259 | B232: University Of Kentucky Police Department - KY | C232: 84 | D232: 77 | E232: 35 | F232: 153 | G232: 135 | H232: 0 | I232: 1.987013 | J232: 1.7532468 | K232: 0 | L232: 12 | M232: {=_xlfn.IFS(E232<6, "0-6 Months", E232<=12, "6-12 Months", E232<=24, "12-24 Months", E232>24, "24+ Months")} -> 24+ Months | N232: {=_xlfn.IFS(E232<6, "12-18 Months", E232<=12, "18-24 Months", E232<=24, "24+ Months", E232>24, "24+ Months")} -> 24+ Months | O232: {=_xlfn.IFS(D232>=550, "Major", D232 >= 100, "T1200", D232 <100, "Other")} -> Other | P232: =SUMPRODUCT((I232>=2) * C232 + ((D232>=550) * (J232>=0.75) * (I232<2) * C232)) -> 0
A233: 173528 | B233: Elyria Police Department - OH | C233: 75 | D233: 82 | E233: 45 | F233: 153 | G233: 124 | H233: 123 | I233: 1.8658537 | J233: 1.5121951 | K233: 1.5 | L233: 6 | M233: {=_xlfn.IFS(E233<6, "0-6 Months", E233<=12, "6-12 Months", E233<=24, "12-24 Months", E233>24, "24+ Months")} -> 24+ Months | N233: {=_xlfn.IFS(E233<6, "12-18 Months", E233<=12, "18-24 Months", E233<=24, "24+ Months", E233>24, "24+ Months")} -> 24+ Months | O233: {=_xlfn.IFS(D233>=550, "Major", D233 >= 100, "T1200", D233 <100, "Other")} -> Other | P233: =SUMPRODUCT((I233>=2) * C233 + ((D233>=550) * (J233>=0.75) * (I233<2) * C233)) -> 0
A234: 108276 | B234: Jefferson County Sheriff's Office - WA | C234: 38 | D234: 46 | E234: 46 | F234: 151 | G234: 55 | H234: 31 | I234: 3.2826087 | J234: 1.1956522 | K234: 0.67391304 | L234: 21 | M234: {=_xlfn.IFS(E234<6, "0-6 Months", E234<=12, "6-12 Months", E234<=24, "12-24 Months", E234>24, "24+ Months")} -> 24+ Months | N234: {=_xlfn.IFS(E234<6, "12-18 Months", E234<=12, "18-24 Months", E234<=24, "24+ Months", E234>24, "24+ Months")} -> 24+ Months | O234: {=_xlfn.IFS(D234>=550, "Major", D234 >= 100, "T1200", D234 <100, "Other")} -> Other | P234: =SUMPRODUCT((I234>=2) * C234 + ((D234>=550) * (J234>=0.75) * (I234<2) * C234)) -> 38
A235: 108767 | B235: Belton Police Department - MO | C235: 10 | D235: 45 | E235: 8 | F235: 151 | G235: 138 | H235: 111 | I235: 3.3555556 | J235: 3.0666667 | K235: 2.4666667 | L235: 73 | M235: {=_xlfn.IFS(E235<6, "0-6 Months", E235<=12, "6-12 Months", E235<=24, "12-24 Months", E235>24, "24+ Months")} -> 6-12 Months | N235: {=_xlfn.IFS(E235<6, "12-18 Months", E235<=12, "18-24 Months", E235<=24, "24+ Months", E235>24, "24+ Months")} -> 18-24 Months | O235: {=_xlfn.IFS(D235>=550, "Major", D235 >= 100, "T1200", D235 <100, "Other")} -> Other | P235: =SUMPRODUCT((I235>=2) * C235 + ((D235>=550) * (J235>=0.75) * (I235<2) * C235)) -> 10
A236: 109011 | B236: Monroe Police Dept. - MI | C236: 40 | D236: 38 | E236: 9 | F236: 150 | G236: 95 | H236: 23 | I236: 3.9473684 | J236: 2.5 | K236: 0.60526316 | L236: 227 | M236: {=_xlfn.IFS(E236<6, "0-6 Months", E236<=12, "6-12 Months", E236<=24, "12-24 Months", E236>24, "24+ Months")} -> 6-12 Months | N236: {=_xlfn.IFS(E236<6, "12-18 Months", E236<=12, "18-24 Months", E236<=24, "24+ Months", E236>24, "24+ Months")} -> 18-24 Months | O236: {=_xlfn.IFS(D236>=550, "Major", D236 >= 100, "T1200", D236 <100, "Other")} -> Other | P236: =SUMPRODUCT((I236>=2) * C236 + ((D236>=550) * (J236>=0.75) * (I236<2) * C236)) -> 40
A237: 114264 | B237: Catoosa County Sheriff's Office - GA | C237: 3 | D237: 90 | E237: 11 | F237: 149 | G237: 34 | H237: 4 | I237: 1.6555556 | J237: 0.37777778 | K237: 0.044444444 | L237: 10 | M237: {=_xlfn.IFS(E237<6, "0-6 Months", E237<=12, "6-12 Months", E237<=24, "12-24 Months", E237>24, "24+ Months")} -> 6-12 Months | N237: {=_xlfn.IFS(E237<6, "12-18 Months", E237<=12, "18-24 Months", E237<=24, "24+ Months", E237>24, "24+ Months")} -> 18-24 Months | O237: {=_xlfn.IFS(D237>=550, "Major", D237 >= 100, "T1200", D237 <100, "Other")} -> Other | P237: =SUMPRODUCT((I237>=2) * C237 + ((D237>=550) * (J237>=0.75) * (I237<2) * C237)) -> 0
A238: 129244 | B238: Cuyahoga County Sheriff's Office - OH | C238: 215 | D238: 1050 | E238: 10 | F238: 147 | G238: 70 | H238: 70 | I238: 0.14 | J238: 0.066666667 | K238: 0.066666667 | L238: 134 | M238: {=_xlfn.IFS(E238<6, "0-6 Months", E238<=12, "6-12 Months", E238<=24, "12-24 Months", E238>24, "24+ Months")} -> 6-12 Months | N238: {=_xlfn.IFS(E238<6, "12-18 Months", E238<=12, "18-24 Months", E238<=24, "24+ Months", E238>24, "24+ Months")} -> 18-24 Months | O238: {=_xlfn.IFS(D238>=550, "Major", D238 >= 100, "T1200", D238 <100, "Other")} -> Major | P238: =SUMPRODUCT((I238>=2) * C238 + ((D238>=550) * (J238>=0.75) * (I238<2) * C238)) -> 0
A239: 105779 | B239: Amarillo Police Dept - TX | C239: 446 | D239: 268 | E239: 18 | F239: 144 | G239: 17 | H239: 4 | I239: 0.53731343 | J239: 0.063432836 | K239: 0.014925373 | L239: 9 | M239: {=_xlfn.IFS(E239<6, "0-6 Months", E239<=12, "6-12 Months", E239<=24, "12-24 Months", E239>24, "24+ Months")} -> 12-24 Months | N239: {=_xlfn.IFS(E239<6, "12-18 Months", E239<=12, "18-24 Months", E239<=24, "24+ Months", E239>24, "24+ Months")} -> 24+ Months | O239: {=_xlfn.IFS(D239>=550, "Major", D239 >= 100, "T1200", D239 <100, "Other")} -> T1200 | P239: =SUMPRODUCT((I239>=2) * C239 + ((D239>=550) * (J239>=0.75) * (I239<2) * C239)) -> 0
A240: 109148 | B240: Madison County Sheriffs Office - IL | C240: 92 | D240: 85 | E240: 7 | F240: 144 | G240: 144 | H240: 77 | I240: 1.6941176 | J240: 1.6941176 | K240: 0.90588235 | L240: 38 | M240: {=_xlfn.IFS(E240<6, "0-6 Months", E240<=12, "6-12 Months", E240<=24, "12-24 Months", E240>24, "24+ Months")} -> 6-12 Months | N240: {=_xlfn.IFS(E240<6, "12-18 Months", E240<=12, "18-24 Months", E240<=24, "24+ Months", E240>24, "24+ Months")} -> 18-24 Months | O240: {=_xlfn.IFS(D240>=550, "Major", D240 >= 100, "T1200", D240 <100, "Other")} -> Other | P240: =SUMPRODUCT((I240>=2) * C240 + ((D240>=550) * (J240>=0.75) * (I240<2) * C240)) -> 0
A241: 127119 | B241: Castle Shannon Police Dept. - PA | C241: 14 | D241: 14 | E241: 21 | F241: 144 | G241: 85 | H241: 71 | I241: 10.285714 | J241: 6.0714286 | K241: 5.0714286 | L241: 21 | M241: {=_xlfn.IFS(E241<6, "0-6 Months", E241<=12, "6-12 Months", E241<=24, "12-24 Months", E241>24, "24+ Months")} -> 12-24 Months | N241: {=_xlfn.IFS(E241<6, "12-18 Months", E241<=12, "18-24 Months", E241<=24, "24+ Months", E241>24, "24+ Months")} -> 24+ Months | O241: {=_xlfn.IFS(D241>=550, "Major", D241 >= 100, "T1200", D241 <100, "Other")} -> Other | P241: =SUMPRODUCT((I241>=2) * C241 + ((D241>=550) * (J241>=0.75) * (I241<2) * C241)) -> 14
... A253: 109265 | B253: Arlington Police Dept. - VA | C253: 445 | D253: 300 | E253: 25 | F253: 126 | G253: 126 | H253: 92 | I253: 0.42 | J253: 0.42 | K253: 0.30666667 | L253: 0 | M253: {=_xlfn.IFS(E253<6, "0-6 Months", E253<=12, "6-12 Months", E253<=24, "12-24 Months", E253>24, "24+ Months")} -> 24+ Months | N253: {=_xlfn.IFS(E253<6, "12-18 Months", E253<=12, "18-24 Months", E253<=24, "24+ Months", E253>24, "24+ Months")} -> 24+ Months | O253: {=_xlfn.IFS(D253>=550, "Major", D253 >= 100, "T1200", D253 <100, "Other")} -> T1200 | P253: =SUMPRODUCT((I253>=2) * C253 + ((D253>=550) * (J253>=0.75) * (I253<2) * C253)) -> 0
A254: CA0115761 | B254: The City of Edmonton | C254: 1800 | D254: 280 | E254: 16 | F254: 125 | G254: 68 | H254: 53 | I254: 0.44642857 | J254: 0.24285714 | K254: 0.18928571 | L254: 9 | M254: {=_xlfn.IFS(E254<6, "0-6 Months", E254<=12, "6-12 Months", E254<=24, "12-24 Months", E254>24, "24+ Months")} -> 12-24 Months | N254: {=_xlfn.IFS(E254<6, "12-18 Months", E254<=12, "18-24 Months", E254<=24, "24+ Months", E254>24, "24+ Months")} -> 24+ Months | O254: {=_xlfn.IFS(D254>=550, "Major", D254 >= 100, "T1200", D254 <100, "Other")} -> T1200 | P254: =SUMPRODUCT((I254>=2) * C254 + ((D254>=550) * (J254>=0.75) * (I254<2) * C254)) -> 0
A255: 106916 | B255: Henrico County Police Dept. - VA | C255: 533 | D255: 500 | E255: 34 | F255: 121 | G255: 58 | H255: 9 | I255: 0.242 | J255: 0.116 | K255: 0.018 | L255: 57 | M255: {=_xlfn.IFS(E255<6, "0-6 Months", E255<=12, "6-12 Months", E255<=24, "12-24 Months", E255>24, "24+ Months")} -> 24+ Months | N255: {=_xlfn.IFS(E255<6, "12-18 Months", E255<=12, "18-24 Months", E255<=24, "24+ Months", E255>24, "24+ Months")} -> 24+ Months | O255: {=_xlfn.IFS(D255>=550, "Major", D255 >= 100, "T1200", D255 <100, "Other")} -> T1200 | P255: =SUMPRODUCT((I255>=2) * C255 + ((D255>=550) * (J255>=0.75) * (I255<2) * C255)) -> 0
A256: 119803 | B256: California State Univ (CSU campus) Police - Long Beach | C256: 24 | D256: 32 | E256: 6 | F256: 121 | G256: 112 | H256: 107 | I256: 3.78125 | J256: 3.5 | K256: 3.34375 | L256: 121 | M256: {=_xlfn.IFS(E256<6, "0-6 Months", E256<=12, "6-12 Months", E256<=24, "12-24 Months", E256>24, "24+ Months")} -> 6-12 Months | N256: {=_xlfn.IFS(E256<6, "12-18 Months", E256<=12, "18-24 Months", E256<=24, "24+ Months", E256>24, "24+ Months")} -> 18-24 Months | O256: {=_xlfn.IFS(D256>=550, "Major", D256 >= 100, "T1200", D256 <100, "Other")} -> Other | P256: =SUMPRODUCT((I256>=2) * C256 + ((D256>=550) * (J256>=0.75) * (I256<2) * C256)) -> 24
A257: 135368 | B257: Simi Valley Police Dept. - CA | C257: 139 | D257: 129 | E257: 13 | F257: 119 | G257: 25 | H257: 11 | I257: 0.92248062 | J257: 0.19379845 | K257: 0.085271318 | L257: 12 | M257: {=_xlfn.IFS(E257<6, "0-6 Months", E257<=12, "6-12 Months", E257<=24, "12-24 Months", E257>24, "24+ Months")} -> 12-24 Months | N257: {=_xlfn.IFS(E257<6, "12-18 Months", E257<=12, "18-24 Months", E257<=24, "24+ Months", E257>24, "24+ Months")} -> 24+ Months | O257: {=_xlfn.IFS(D257>=550, "Major", D257 >= 100, "T1200", D257 <100, "Other")} -> T1200 | P257: =SUMPRODUCT((I257>=2) * C257 + ((D257>=550) * (J257>=0.75) * (I257<2) * C257)) -> 0
A258: 324163 | B258: Black Hawk County Sheriff Dept - IA | C258: 2 | D258: 44 | E258: 8 | F258: 117 | G258: 69 | H258: 0 | I258: 2.6590909 | J258: 1.5681818 | K258: 0 | L258: 0 | M258: {=_xlfn.IFS(E258<6, "0-6 Months", E258<=12, "6-12 Months", E258<=24, "12-24 Months", E258>24, "24+ Months")} -> 6-12 Months | N258: {=_xlfn.IFS(E258<6, "12-18 Months", E258<=12, "18-24 Months", E258<=24, "24+ Months", E258>24, "24+ Months")} -> 18-24 Months | O258: {=_xlfn.IFS(D258>=550, "Major", D258 >= 100, "T1200", D258 <100, "Other")} -> Other | P258: =SUMPRODUCT((I258>=2) * C258 + ((D258>=550) * (J258>=0.75) * (I258<2) * C258)) -> 2
A259: 301506 | B259: Muskogee County Sheriff's Office - OK | C259: 0 | D259: 20 | E259: 14 | F259: 117 | G259: 0 | H259: 0 | I259: 5.85 | J259: 0 | K259: 0 | L259: 0 | M259: {=_xlfn.IFS(E259<6, "0-6 Months", E259<=12, "6-12 Months", E259<=24, "12-24 Months", E259>24, "24+ Months")} -> 12-24 Months | N259: {=_xlfn.IFS(E259<6, "12-18 Months", E259<=12, "18-24 Months", E259<=24, "24+ Months", E259>24, "24+ Months")} -> 24+ Months | O259: {=_xlfn.IFS(D259>=550, "Major", D259 >= 100, "T1200", D259 <100, "Other")} -> Other | P259: =SUMPRODUCT((I259>=2) * C259 + ((D259>=550) * (J259>=0.75) * (I259<2) * C259)) -> 0
A260: 107156 | B260: Margate Police Dept. - FL | C260: 123 | D260: 123 | E260: 7 | F260: 116 | G260: 116 | H260: 5 | I260: 0.94308943 | J260: 0.94308943 | K260: 0.040650407 | L260: 30 | M260: {=_xlfn.IFS(E260<6, "0-6 Months", E260<=12, "6-12 Months", E260<=24, "12-24 Months", E260>24, "24+ Months")} -> 6-12 Months | N260: {=_xlfn.IFS(E260<6, "12-18 Months", E260<=12, "18-24 Months", E260<=24, "24+ Months", E260>24, "24+ Months")} -> 18-24 Months | O260: {=_xlfn.IFS(D260>=550, "Major", D260 >= 100, "T1200", D260 <100, "Other")} -> T1200 | P260: =SUMPRODUCT((I260>=2) * C260 + ((D260>=550) * (J260>=0.75) * (I260<2) * C260)) -> 0
A261: 116208 | B261: Sunland Park Police Dept. - NM | C261: 3 | D261: 30 | E261: 7 | F261: 115 | G261: 115 | H261: 86 | I261: 3.8333333 | J261: 3.8333333 | K261: 2.8666667 | L261: 26 | M261: {=_xlfn.IFS(E261<6, "0-6 Months", E261<=12, "6-12 Months", E261<=24, "12-24 Months", E261>24, "24+ Months")} -> 6-12 Months | N261: {=_xlfn.IFS(E261<6, "12-18 Months", E261<=12, "18-24 Months", E261<=24, "24+ Months", E261>24, "24+ Months")} -> 18-24 Months | O261: {=_xlfn.IFS(D261>=550, "Major", D261 >= 100, "T1200", D261 <100, "Other")} -> Other | P261: =SUMPRODUCT((I261>=2) * C261 + ((D261>=550) * (J261>=0.75) * (I261<2) * C261)) -> 3
A262: 107920 | B262: Rialto Police Dept. - CA | C262: 150 | D262: 140 | E262: 9 | F262: 109 | G262: 109 | H262: 108 | I262: 0.77857143 | J262: 0.77857143 | K262: 0.77142857 | L262: 0 | M262: {=_xlfn.IFS(E262<6, "0-6 Months", E262<=12, "6-12 Months", E262<=24, "12-24 Months", E262>24, "24+ Months")} -> 6-12 Months | N262: {=_xlfn.IFS(E262<6, "12-18 Months", E262<=12, "18-24 Months", E262<=24, "24+ Months", E262>24, "24+ Months")} -> 18-24 Months | O262: {=_xlfn.IFS(D262>=550, "Major", D262 >= 100, "T1200", D262 <100, "Other")} -> T1200 | P262: =SUMPRODUCT((I262>=2) * C262 + ((D262>=550) * (J262>=0.75) * (I262<2) * C262)) -> 0
A263: 109197 | B263: Hialeah Police Dept. - FL | C263: 347 | D263: 363 | E263: 8 | F263: 108 | G263: 64 | H263: 0 | I263: 0.29752066 | J263: 0.17630854 | K263: 0 | L263: 168 | M263: {=_xlfn.IFS(E263<6, "0-6 Months", E263<=12, "6-12 Months", E263<=24, "12-24 Months", E263>24, "24+ Months")} -> 6-12 Months | N263: {=_xlfn.IFS(E263<6, "12-18 Months", E263<=12, "18-24 Months", E263<=24, "24+ Months", E263>24, "24+ Months")} -> 18-24 Months | O263: {=_xlfn.IFS(D263>=550, "Major", D263 >= 100, "T1200", D263 <100, "Other")} -> T1200 | P263: =SUMPRODUCT((I263>=2) * C263 + ((D263>=550) * (J263>=0.75) * (I263<2) * C263)) -> 0
A264: 164977 | B264: Harrisonville Police Department - MO | C264: 5 | D264: 22 | E264: 8 | F264: 108 | G264: 96 | H264: 37 | I264: 4.9090909 | J264: 4.3636364 | K264: 1.6818182 | L264: 25 | M264: {=_xlfn.IFS(E264<6, "0-6 Months", E264<=12, "6-12 Months", E264<=24, "12-24 Months", E264>24, "24+ Months")} -> 6-12 Months | N264: {=_xlfn.IFS(E264<6, "12-18 Months", E264<=12, "18-24 Months", E264<=24, "24+ Months", E264>24, "24+ Months")} -> 18-24 Months | O264: {=_xlfn.IFS(D264>=550, "Major", D264 >= 100, "T1200", D264 <100, "Other")} -> Other | P264: =SUMPRODUCT((I264>=2) * C264 + ((D264>=550) * (J264>=0.75) * (I264<2) * C264)) -> 5
A265: 109708 | B265: Kalamazoo Department of Public Safety - MI | C265: 236 | D265: 135 | E265: 19 | F265: 107 | G265: 83 | H265: 75 | I265: 0.79259259 | J265: 0.61481481 | K265: 0.55555556 | L265: 11 | M265: {=_xlfn.IFS(E265<6, "0-6 Months", E265<=12, "6-12 Months", E265<=24, "12-24 Months", E265>24, "24+ Months")} -> 12-24 Months | N265: {=_xlfn.IFS(E265<6, "12-18 Months", E265<=12, "18-24 Months", E265<=24, "24+ Months", E265>24, "24+ Months")} -> 24+ Months | O265: {=_xlfn.IFS(D265>=550, "Major", D265 >= 100, "T1200", D265 <100, "Other")} -> T1200 | P265: =SUMPRODUCT((I265>=2) * C265 + ((D265>=550) * (J265>=0.75) * (I265<2) * C265)) -> 0
A266: 570556 | B266: MBTA Transit Police Department - MA | C266: 3 | D266: 35 | E266: 10 | F266: 104 | G266: 85 | H266: 0 | I266: 2.9714286 | J266: 2.4285714 | K266: 0 | L266: 0 | M266: {=_xlfn.IFS(E266<6, "0-6 Months", E266<=12, "6-12 Months", E266<=24, "12-24 Months", E266>24, "24+ Months")} -> 6-12 Months | N266: {=_xlfn.IFS(E266<6, "12-18 Months", E266<=12, "18-24 Months", E266<=24, "24+ Months", E266>24, "24+ Months")} -> 18-24 Months | O266: {=_xlfn.IFS(D266>=550, "Major", D266 >= 100, "T1200", D266 <100, "Other")} -> Other | P266: =SUMPRODUCT((I266>=2) * C266 + ((D266>=550) * (J266>=0.75) * (I266<2) * C266)) -> 3
... A295: 164112 | B295: Shaler Township Police Dept. - PA | C295: 27 | D295: 56 | E295: 7 | F295: 80 | G295: 28 | H295: 24 | I295: 1.4285714 | J295: 0.5 | K295: 0.42857143 | L295: 0 | M295: {=_xlfn.IFS(E295<6, "0-6 Months", E295<=12, "6-12 Months", E295<=24, "12-24 Months", E295>24, "24+ Months")} -> 6-12 Months | N295: {=_xlfn.IFS(E295<6, "12-18 Months", E295<=12, "18-24 Months", E295<=24, "24+ Months", E295>24, "24+ Months")} -> 18-24 Months | O295: {=_xlfn.IFS(D295>=550, "Major", D295 >= 100, "T1200", D295 <100, "Other")} -> Other | P295: =SUMPRODUCT((I295>=2) * C295 + ((D295>=550) * (J295>=0.75) * (I295<2) * C295)) -> 0
A296: CA0115498 | B296: Fredericton Police Force | C296: 139 | D296: 30 | E296: 13 | F296: 78 | G296: 4 | H296: 4 | I296: 2.6 | J296: 0.13333333 | K296: 0.13333333 | L296: 3 | M296: {=_xlfn.IFS(E296<6, "0-6 Months", E296<=12, "6-12 Months", E296<=24, "12-24 Months", E296>24, "24+ Months")} -> 12-24 Months | N296: {=_xlfn.IFS(E296<6, "12-18 Months", E296<=12, "18-24 Months", E296<=24, "24+ Months", E296>24, "24+ Months")} -> 24+ Months | O296: {=_xlfn.IFS(D296>=550, "Major", D296 >= 100, "T1200", D296 <100, "Other")} -> Other | P296: =SUMPRODUCT((I296>=2) * C296 + ((D296>=550) * (J296>=0.75) * (I296<2) * C296)) -> 139
A297: 108880 | B297: Bloomington Police Dept. - IN | C297: 115 | D297: 95 | E297: 9 | F297: 76 | G297: 37 | H297: 4 | I297: 0.8 | J297: 0.38947368 | K297: 0.042105263 | L297: 0 | M297: {=_xlfn.IFS(E297<6, "0-6 Months", E297<=12, "6-12 Months", E297<=24, "12-24 Months", E297>24, "24+ Months")} -> 6-12 Months | N297: {=_xlfn.IFS(E297<6, "12-18 Months", E297<=12, "18-24 Months", E297<=24, "24+ Months", E297>24, "24+ Months")} -> 18-24 Months | O297: {=_xlfn.IFS(D297>=550, "Major", D297 >= 100, "T1200", D297 <100, "Other")} -> Other | P297: =SUMPRODUCT((I297>=2) * C297 + ((D297>=550) * (J297>=0.75) * (I297<2) * C297)) -> 0
A298: 106990 | B298: Chautauqua County Sheriff's Office - NY | C298: 88 | D298: 84 | E298: 9 | F298: 76 | G298: 47 | H298: 0 | I298: 0.9047619 | J298: 0.55952381 | K298: 0 | L298: 98 | M298: {=_xlfn.IFS(E298<6, "0-6 Months", E298<=12, "6-12 Months", E298<=24, "12-24 Months", E298>24, "24+ Months")} -> 6-12 Months | N298: {=_xlfn.IFS(E298<6, "12-18 Months", E298<=12, "18-24 Months", E298<=24, "24+ Months", E298>24, "24+ Months")} -> 18-24 Months | O298: {=_xlfn.IFS(D298>=550, "Major", D298 >= 100, "T1200", D298 <100, "Other")} -> Other | P298: =SUMPRODUCT((I298>=2) * C298 + ((D298>=550) * (J298>=0.75) * (I298<2) * C298)) -> 0
A299: 108263 | B299: Tell City Police Dept - IN | C299: 0 | D299: 16 | E299: 13 | F299: 76 | G299: 48 | H299: 48 | I299: 4.75 | J299: 3 | K299: 3 | L299: 23 | M299: {=_xlfn.IFS(E299<6, "0-6 Months", E299<=12, "6-12 Months", E299<=24, "12-24 Months", E299>24, "24+ Months")} -> 12-24 Months | N299: {=_xlfn.IFS(E299<6, "12-18 Months", E299<=12, "18-24 Months", E299<=24, "24+ Months", E299>24, "24+ Months")} -> 24+ Months | O299: {=_xlfn.IFS(D299>=550, "Major", D299 >= 100, "T1200", D299 <100, "Other")} -> Other | P299: =SUMPRODUCT((I299>=2) * C299 + ((D299>=550) * (J299>=0.75) * (I299<2) * C299)) -> 0
A300: 133567 | B300: San Francisco County Sheriff's Dept. - CA | C300: 463 | D300: 340 | E300: 12 | F300: 75 | G300: 0 | H300: 0 | I300: 0.22058824 | J300: 0 | K300: 0 | L300: 0 | M300: {=_xlfn.IFS(E300<6, "0-6 Months", E300<=12, "6-12 Months", E300<=24, "12-24 Months", E300>24, "24+ Months")} -> 6-12 Months | N300: {=_xlfn.IFS(E300<6, "12-18 Months", E300<=12, "18-24 Months", E300<=24, "24+ Months", E300>24, "24+ Months")} -> 18-24 Months | O300: {=_xlfn.IFS(D300>=550, "Major", D300 >= 100, "T1200", D300 <100, "Other")} -> T1200 | P300: =SUMPRODUCT((I300>=2) * C300 + ((D300>=550) * (J300>=0.75) * (I300<2) * C300)) -> 0
A301: 116203 | B301: Morton Police Dept. - IL | C301: 22 | D301: 27 | E301: 13 | F301: 75 | G301: 24 | H301: 7 | I301: 2.7777778 | J301: 0.88888889 | K301: 0.25925926 | L301: 67 | M301: {=_xlfn.IFS(E301<6, "0-6 Months", E301<=12, "6-12 Months", E301<=24, "12-24 Months", E301>24, "24+ Months")} -> 12-24 Months | N301: {=_xlfn.IFS(E301<6, "12-18 Months", E301<=12, "18-24 Months", E301<=24, "24+ Months", E301>24, "24+ Months")} -> 24+ Months | O301: {=_xlfn.IFS(D301>=550, "Major", D301 >= 100, "T1200", D301 <100, "Other")} -> Other | P301: =SUMPRODUCT((I301>=2) * C301 + ((D301>=550) * (J301>=0.75) * (I301<2) * C301)) -> 22
A302: 579148 | B302: Hallsville Police Department - TX | C302: 1 | D302: 6 | E302: 8 | F302: 74 | G302: 74 | H302: 0 | I302: 12.333333 | J302: 12.333333 | K302: 0 | L302: 84 | M302: {=_xlfn.IFS(E302<6, "0-6 Months", E302<=12, "6-12 Months", E302<=24, "12-24 Months", E302>24, "24+ Months")} -> 6-12 Months | N302: {=_xlfn.IFS(E302<6, "12-18 Months", E302<=12, "18-24 Months", E302<=24, "24+ Months", E302>24, "24+ Months")} -> 18-24 Months | O302: {=_xlfn.IFS(D302>=550, "Major", D302 >= 100, "T1200", D302 <100, "Other")} -> Other | P302: =SUMPRODUCT((I302>=2) * C302 + ((D302>=550) * (J302>=0.75) * (I302<2) * C302)) -> 1
A303: 109744 | B303: Orange County Sheriff's Office - FL | C303: 1571 | D303: 1962 | E303: 10 | F303: 72 | G303: 16 | H303: 6 | I303: 0.036697248 | J303: 0.0081549439 | K303: 0.003058104 | L303: 5 | M303: {=_xlfn.IFS(E303<6, "0-6 Months", E303<=12, "6-12 Months", E303<=24, "12-24 Months", E303>24, "24+ Months")} -> 6-12 Months | N303: {=_xlfn.IFS(E303<6, "12-18 Months", E303<=12, "18-24 Months", E303<=24, "24+ Months", E303>24, "24+ Months")} -> 18-24 Months | O303: {=_xlfn.IFS(D303>=550, "Major", D303 >= 100, "T1200", D303 <100, "Other")} -> Major | P303: =SUMPRODUCT((I303>=2) * C303 + ((D303>=550) * (J303>=0.75) * (I303<2) * C303)) -> 0
A304: 108003 | B304: East Bay Regional Park Police Dept. - CA | C304: 79 | D304: 75 | E304: 24 | F304: 72 | G304: 19 | H304: 16 | I304: 0.96 | J304: 0.25333333 | K304: 0.21333333 | L304: 0 | M304: {=_xlfn.IFS(E304<6, "0-6 Months", E304<=12, "6-12 Months", E304<=24, "12-24 Months", E304>24, "24+ Months")} -> 12-24 Months | N304: {=_xlfn.IFS(E304<6, "12-18 Months", E304<=12, "18-24 Months", E304<=24, "24+ Months", E304>24, "24+ Months")} -> 24+ Months | O304: {=_xlfn.IFS(D304>=550, "Major", D304 >= 100, "T1200", D304 <100, "Other")} -> Other | P304: =SUMPRODUCT((I304>=2) * C304 + ((D304>=550) * (J304>=0.75) * (I304<2) * C304)) -> 0
A305: 132998 | B305: New London Police Department - CT | C305: 82 | D305: 80 | E305: 8 | F305: 71 | G305: 5 | H305: 5 | I305: 0.8875 | J305: 0.0625 | K305: 0.0625 | L305: 4 | M305: {=_xlfn.IFS(E305<6, "0-6 Months", E305<=12, "6-12 Months", E305<=24, "12-24 Months", E305>24, "24+ Months")} -> 6-12 Months | N305: {=_xlfn.IFS(E305<6, "12-18 Months", E305<=12, "18-24 Months", E305<=24, "24+ Months", E305>24, "24+ Months")} -> 18-24 Months | O305: {=_xlfn.IFS(D305>=550, "Major", D305 >= 100, "T1200", D305 <100, "Other")} -> Other | P305: =SUMPRODUCT((I305>=2) * C305 + ((D305>=550) * (J305>=0.75) * (I305<2) * C305)) -> 0
A306: 109149 | B306: Madison Police Department - IL | C306: 14 | D306: 14 | E306: 10 | F306: 71 | G306: 0 | H306: 0 | I306: 5.0714286 | J306: 0 | K306: 0 | L306: 0 | M306: {=_xlfn.IFS(E306<6, "0-6 Months", E306<=12, "6-12 Months", E306<=24, "12-24 Months", E306>24, "24+ Months")} -> 6-12 Months | N306: {=_xlfn.IFS(E306<6, "12-18 Months", E306<=12, "18-24 Months", E306<=24, "24+ Months", E306>24, "24+ Months")} -> 18-24 Months | O306: {=_xlfn.IFS(D306>=550, "Major", D306 >= 100, "T1200", D306 <100, "Other")} -> Other | P306: =SUMPRODUCT((I306>=2) * C306 + ((D306>=550) * (J306>=0.75) * (I306<2) * C306)) -> 14
A307: 521948 | B307: Delaware State Fire Marshal's Office | C307: 25 | D307: 17 | E307: 10 | F307: 70 | G307: 65 | H307: 65 | I307: 4.1176471 | J307: 3.8235294 | K307: 3.8235294 | L307: 2 | M307: {=_xlfn.IFS(E307<6, "0-6 Months", E307<=12, "6-12 Months", E307<=24, "12-24 Months", E307>24, "24+ Months")} -> 6-12 Months | N307: {=_xlfn.IFS(E307<6, "12-18 Months", E307<=12, "18-24 Months", E307<=24, "24+ Months", E307>24, "24+ Months")} -> 18-24 Months | O307: {=_xlfn.IFS(D307>=550, "Major", D307 >= 100, "T1200", D307 <100, "Other")} -> Other | P307: =SUMPRODUCT((I307>=2) * C307 + ((D307>=550) * (J307>=0.75) * (I307<2) * C307)) -> 25
A308: 328024 | B308: Newark Police Department - CA | C308: 85 | D308: 64 | E308: 17 | F308: 69 | G308: 0 | H308: 0 | I308: 1.078125 | J308: 0 | K308: 0 | L308: 0 | M308: {=_xlfn.IFS(E308<6, "0-6 Months", E308<=12, "6-12 Months", E308<=24, "12-24 Months", E308>24, "24+ Months")} -> 12-24 Months | N308: {=_xlfn.IFS(E308<6, "12-18 Months", E308<=12, "18-24 Months", E308<=24, "24+ Months", E308>24, "24+ Months")} -> 24+ Months | O308: {=_xlfn.IFS(D308>=550, "Major", D308 >= 100, "T1200", D308 <100, "Other")} -> Other | P308: =SUMPRODUCT((I308>=2) * C308 + ((D308>=550) * (J308>=0.75) * (I308<2) * C308)) -> 0
... A529: 213659 | B529: Highfill Police Department - AR | C529: 13 | D529: 5 | E529: 43 | F529: 3 | G529: 3 | H529: 0 | I529: 0.6 | J529: 0.6 | K529: 0 | L529: 0 | M529: {=_xlfn.IFS(E529<6, "0-6 Months", E529<=12, "6-12 Months", E529<=24, "12-24 Months", E529>24, "24+ Months")} -> 24+ Months | N529: {=_xlfn.IFS(E529<6, "12-18 Months", E529<=12, "18-24 Months", E529<=24, "24+ Months", E529>24, "24+ Months")} -> 24+ Months | O529: {=_xlfn.IFS(D529>=550, "Major", D529 >= 100, "T1200", D529 <100, "Other")} -> Other | P529: =SUMPRODUCT((I529>=2) * C529 + ((D529>=550) * (J529>=0.75) * (I529<2) * C529)) -> 0
A530: UK0115453 | B530: College of Policing | C530: 10 | D530: 2 | E530: 13 | F530: 3 | G530: 1 | H530: 0 | I530: 1.5 | J530: 0.5 | K530: 0 | L530: 2 | M530: {=_xlfn.IFS(E530<6, "0-6 Months", E530<=12, "6-12 Months", E530<=24, "12-24 Months", E530>24, "24+ Months")} -> 12-24 Months | N530: {=_xlfn.IFS(E530<6, "12-18 Months", E530<=12, "18-24 Months", E530<=24, "24+ Months", E530>24, "24+ Months")} -> 24+ Months | O530: {=_xlfn.IFS(D530>=550, "Major", D530 >= 100, "T1200", D530 <100, "Other")} -> Other | P530: =SUMPRODUCT((I530>=2) * C530 + ((D530>=550) * (J530>=0.75) * (I530<2) * C530)) -> 0
A531: 112987 | B531: Saint Croix Falls Police Department - WI | C531: 9 | D531: 16 | E531: 6 | F531: 3 | G531: 3 | H531: 0 | I531: 0.1875 | J531: 0.1875 | K531: 0 | L531: 2 | M531: {=_xlfn.IFS(E531<6, "0-6 Months", E531<=12, "6-12 Months", E531<=24, "12-24 Months", E531>24, "24+ Months")} -> 6-12 Months | N531: {=_xlfn.IFS(E531<6, "12-18 Months", E531<=12, "18-24 Months", E531<=24, "24+ Months", E531>24, "24+ Months")} -> 18-24 Months | O531: {=_xlfn.IFS(D531>=550, "Major", D531 >= 100, "T1200", D531 <100, "Other")} -> Other | P531: =SUMPRODUCT((I531>=2) * C531 + ((D531>=550) * (J531>=0.75) * (I531<2) * C531)) -> 0
A532: 557455 | B532: Webb County Sheriff's Office - TX | C532: 0 | D532: 68 | E532: 12 | F532: 3 | G532: 0 | H532: 0 | I532: 0.044117647 | J532: 0 | K532: 0 | L532: 0 | M532: {=_xlfn.IFS(E532<6, "0-6 Months", E532<=12, "6-12 Months", E532<=24, "12-24 Months", E532>24, "24+ Months")} -> 6-12 Months | N532: {=_xlfn.IFS(E532<6, "12-18 Months", E532<=12, "18-24 Months", E532<=24, "24+ Months", E532>24, "24+ Months")} -> 18-24 Months | O532: {=_xlfn.IFS(D532>=550, "Major", D532 >= 100, "T1200", D532 <100, "Other")} -> Other | P532: =SUMPRODUCT((I532>=2) * C532 + ((D532>=550) * (J532>=0.75) * (I532<2) * C532)) -> 0
...
